Facility Permit #,Establishment Name,Facility Name,Facility Address,Facility Unit No,Facility City,Facility State,Facility Zip,Business Status,Facility Type,Permit Type,Web Site,Operational Status,Location 1
514216,TONY'S HOUSE OF SAUSAGE #1 514216,TONY'S HOUSE OF SAUSAGE #1 514216,3663 PO Box,,Kansas City,KANSAS,64103,Open,Mobile Unit/Pushcart,Mobile Unit/Pushcart,,Operational,"3663 PO Box
Kansas City, KANSAS 64103"
1240,Briarcliff School,Briarcliff School,4100 NE Briarcliff Rd,,Kansas City,MISSOURI,64116,Open,Fee Exempt,Fee Exempt,,Operational,"4100 NE Briarcliff Rd
Kansas City, MISSOURI 64116"
100504,KCI Starbucks (Gate 79),KCI Starbucks (Gate 79),KCI Terminal C Gate 79,,Kansas City,MISSOURI,64153,Open,Restaurant/Deli 6-9 Employees,Restaurant/Deli,,Operational,"KCI Terminal C Gate 79
Kansas City, MISSOURI 64153"
2196,Chartwells Education Food Service at Pembroke,Chartwells Education Food Service at Pembroke,5121 State Line,,Kansas City,MISSOURI,64112,Open,School - Private 6-9 Employees,School - Private,,Operational,"5121 State Line
Kansas City, MISSOURI 64112"
4177,Pembroke Hill School - Concession Stand,Pembroke Hill School - Concession Stand,5121 State Line,,Kansas City,MISSOURI,64112,Open,School - Private 0-5 Employees,School - Private,,Operational,"5121 State Line
Kansas City, MISSOURI 64112"
1882,Southeast Elementary School,Southeast Elementary School,5704 NW Northwood,,Kansas City,MISSOURI,64151,Open,Fee Exempt,Fee Exempt,,Operational,"5704 NW Northwood
Kansas City, MISSOURI 64151"
4022,English Landing Elementary School,English Landing Elementary School,6500 NW Klamm Rd,,Kansas City,MISSOURI,64151,Open,Fee Exempt,Fee Exempt,,Operational,"6500 NW Klamm Rd
Kansas City, MISSOURI 64151"
100500,KCI Starbucks (Gate 40),KCI Starbucks (Gate 40),KCI Terminal B Gate 40,,Kansas City,MISSOURI,64153,Open,Restaurant/Deli 6-9 Employees,Restaurant/Deli,,Operational,"KCI Terminal B Gate 40
Kansas City, MISSOURI 64153"
100376,KCI Great American Bagel Bakery (Gate 68),KCI Great American Bagel Bakery (Gate 68),KCI Terminal C Gate 68,,Kansas City,MISSOURI,64153,Open,Restaurant/Deli 6-9 Employees,Restaurant/Deli,,Operational,"KCI Terminal C Gate 68
Kansas City, MISSOURI 64153"
2817,John H. Gregg Comm & Arrington Klice,John H. Gregg Comm & Arrington Klice,1600  John Buck O'Neil Way,,Kansas City,MISSOURI,64108,Open,Fee Exempt,Fee Exempt,,Operational,"1600 John Buck O'Neil Way
Kansas City, MISSOURI 64108"
101000,KCI Jose Cuervo (Gate 36),KCI Jose Cuervo (Gate 36),KCI Terminal B Gate 36,,Kansas City,MISSOURI,64153,Open,Restaurant/Deli 10-20 Employees,Restaurant/Deli,,Operational,"KCI Terminal B Gate 36
Kansas City, MISSOURI 64153"
100236,KCI Just Off Vine (Terminal C),KCI Just Off Vine (Terminal C),KCI Terminal C Gate 61,,Kansas City,MISSOURI,64153,Open,Restaurant/Deli 10-20 Employees,Restaurant/Deli,,Operational,"KCI Terminal C Gate 61
Kansas City, MISSOURI 64153"
516316,Value Express 516316,Value Express 516316,7310 Fast 118 Place,,Kansas City,MISSOURI,64134,Open,Mobile Unit/Pushcart,Mobile Unit/Pushcart,,Operational,"7310 Fast 118 Place
Kansas City, MISSOURI 64134"
100163,Guadalupe Center Kitchen,Guadalupe Center Kitchen,1015 Cesar E. Chavez Ave  ,,Kansas City,MISSOURI,64108,Open,Restaurant/Deli 6-9 Employees,Restaurant/Deli,,Operational,"1015 Cesar E. Chavez Ave
Kansas City, MISSOURI 64108"
101114,KCI Burger King (Gate 36),KCI Burger King (Gate 36),KCI Terminal B Gate 36,,Kansas City,MISSOURI,64153,Open,Restaurant/Deli 6-9 Employees,Restaurant/Deli,,Operational,"KCI Terminal B Gate 36
Kansas City, MISSOURI 64153"
101218,Subway,Subway,14422  E 40Hwy,,Kansas City,MISSOURI,64136,Open,Restaurant/Deli 6-9 Employees,Restaurant/Deli,,Operational,"14422 E 40Hwy
Kansas City, MISSOURI 64136"
502916,Gyro Express 502916,Gyro Express 502916,4422 SW 12th St.,,Lee Summit,MISSOURI,64081,Open,Mobile Unit/Pushcart,Mobile Unit/Pushcart,,Operational,"4422 SW 12th St.
Lee Summit, MISSOURI 64081"
101513,Wal-Mart Super Center #4553 (market),Wal-Mart Super Center #4553 (market),11601 E 40 Hwy / blue ridge ,,Kansas City,MISSOURI,64133,Open,Retail Grocery/Market 60001-80000 sq. ft.,Retail Grocery/Market,,Operational,"11601 E 40 Hwy / blue ridge
Kansas City, MISSOURI 64133"
101512,Wal-Mart Super Center #4553 (bakery),Wal-Mart Super Center #4553 (bakery),11601 E 40 Hwy /blue ridge ,,Kansas City,MISSOURI,64133,Open,Restaurant/Deli 6-9 Employees,Restaurant/Deli,,Operational,"11601 E 40 Hwy /blue ridge
Kansas City, MISSOURI 64133"
101511,Wal-Mart Super Center #4553 (deli),Wal-Mart Super Center #4553 (deli),11601 E 40 Hwy /blue ridge,,Kansas City,MISSOURI,64133,Open,Restaurant/Deli 10-20 Employees,Restaurant/Deli,,Operational,"11601 E 40 Hwy /blue ridge
Kansas City, MISSOURI 64133"
101633,Panda Express,Panda Express,9241 NE Hwy 152,,Kansas City ,MISSOURI,64158,Open,Restaurant/Deli 10-20 Employees,Restaurant/Deli,,Operational,"9241 NE Hwy 152
Kansas City, MISSOURI 64158"
101632,KCI Starbucks Coffee (Gate 37),KCI Starbucks Coffee (Gate 37),KCI Terminal B Gate 37,,Kansas City,MISSOURI,64153,Open,Restaurant/Deli 10-20 Employees,Restaurant/Deli,,Operational,"KCI Terminal B Gate 37
Kansas City, MISSOURI 64153"
101724,Tiffany Hills Park Aquatic Center,Tiffany Hills Park Aquatic Center,9400 NW Congress ,,Kansas City,MISSOURI,64153,Open,Restaurant/Deli 0-5 Employees,Restaurant/Deli,,Operational,"9400 NW Congress
Kansas City, MISSOURI 64153"
101851,Treat America @ H&R Block,Treat America @ H&R Block,1 H&R Block Way,,Kansas City,MISSOURI,64105,Open,Restaurant/Deli 6-9 Employees,Restaurant/Deli,,Operational,"1 H&R Block Way
Kansas City, MISSOURI 64105"
100417,KCI Bud Stadium Club (Gate 76),KCI Bud Stadium Club (Gate 76),KCI  Terminal C Gate 77,,Kansas City,MISSOURI,64153,Open,Restaurant/Deli 10-20 Employees,Restaurant/Deli,,Operational,"KCI Terminal C Gate 77
Kansas City, MISSOURI 64153"
101948,La Jarochita Express,La Jarochita Express,109 S Hardesty,,Kansas CIty,MISSOURI,64124,Open,Restaurant/Deli 0-5 Employees,Restaurant/Deli,,Operational,"109 S Hardesty
Kansas CIty, MISSOURI 64124"
102037,CVS Pharmacy,CVS Pharmacy,7003 Banister Rd,,Kansas City,MISSOURI,64134,Open,Retail Grocery/Market 3001-30000 sq. ft.,Retail Grocery/Market,,Operational,"7003 Banister Rd
Kansas City, MISSOURI 64134"
101955,Buffalo Wild Wings,Buffalo Wild Wings,9207 NE Hwy 152,,Kansas City,MISSOURI,64157,Open,Restaurant/Deli 41-60 Employees,Restaurant/Deli,http://BuffaloWildwings.com,Operational,"9207 NE Hwy 152
Kansas City, MISSOURI 64157"
102036,CVS/ Pharmacy #8592,CVS/ Pharmacy #8592,921 Main St,,Kansas City,MISSOURI,64105,Open,Retail Grocery/Market 3001-30000 sq. ft.,Retail Grocery/Market,,Operational,"921 Main St
Kansas City, MISSOURI 64105
(39.102614, -94.583052)"
102171,Po's Dumpling Bar,Po's Dumpling Bar,1715  W. 39th Street,,Kansas City,MISSOURI,64111,Open,Restaurant/Deli 6-9 Employees,Restaurant/Deli,,Operational,"1715 W. 39th Street
Kansas City, MISSOURI 64111
(39.057285, -94.605811)"
102136,Christopher Elbow Chocolates,Christopher Elbow Chocolates,1819 McGee,,Kansas City,MISSOURI,64108,Open,Retail Bakery 3001-30000 sq. ft.,Retail Bakery,,Operational,"1819 McGee
Kansas City, MISSOURI 64108
(39.09093, -94.58019)"
102109,Worlds of Fun Panda Express,Worlds of Fun Panda Express,4545 World of Fun Ave,,Kansas City,MISSOURI,64161,Open,Restaurant/Deli 10-20 Employees,Restaurant/Deli,,Operational,"4545 World of Fun Ave
Kansas City, MISSOURI 64161
(39.174532, -94.492423)"
102152,Benish's Bakery  ,Benish's Bakery  ,7304 Main ,,Kansas City ,MISSOURI,64114,Open,Restaurant/Deli 0-5 Employees,Restaurant/Deli,,Operational,"7304 Main
Kansas City, MISSOURI 64114
(38.99555, -94.589366)"
102151,Miami Ice,Miami Ice,1624 W.  39th Street,1,Kansas City,MISSOURI,64111,Open,Restaurant/Deli 0-5 Employees,Restaurant/Deli,,Operational,"1624 W. 39th Street
Kansas City, MISSOURI 64111
(39.057256, -94.604835)"
102162,Aladdin Hotel (Zebra Room),Aladdin Hotel (Zebra Room Bar),1215 Wyandotte St,,Kansas City,MISSOURI,64105,Open,Bar/Tavern 0-5 Employees,Bar/Tavern,,Operational,"1215 Wyandotte St
Kansas City, MISSOURI 64105
(39.099448, -94.585594)"
102315,Sprint Center Grand Grill (115),Sprint Center Grand Grill (115),1407  Grand Ave,,Kansas City,MISSOURI,64106,Open,Restaurant/Deli 10-20 Employees,Restaurant/Deli,,Operational,"1407 Grand Ave
Kansas City, MISSOURI 64106"
102239,Sprint Center Sky Station (208),Sprint Center Sky Station (208),1407 Grand Ave.,,Kansas City,MISSOURI,64106,Open,Restaurant/Deli 21-40 Employees,Restaurant/Deli,,Operational,"1407 Grand Ave.
Kansas City, MISSOURI 64106"
102240,Sprint Center Sky Station (225),Sprint Center Sky Station (225),1407  Grand Ave.,,Kansas City,MISSOURI,64106,Open,Restaurant/Deli 21-40 Employees,Restaurant/Deli,,Operational,"1407 Grand Ave.
Kansas City, MISSOURI 64106"
102242,Sprint Center Vendor Commissary (I-Candy) 113,Sprint Center Vendor Commissary (I-Candy) 113,1407 Grand Ave. ,,Kansas City,MISSOURI,64106,Open,Restaurant/Deli 10-20 Employees,Restaurant/Deli,,Operational,"1407 Grand Ave.
Kansas City, MISSOURI 64106"
102314,Sprint Center Fan Favorites (113),Sprint Center Fan Favorites (113),1407 Grand Ave,,Kansas City,MISSOURI,64106,Open,Restaurant/Deli 10-20 Employees,Restaurant/Deli,,Operational,"1407 Grand Ave
Kansas City, MISSOURI 64106"
102317,Sprint Center Taco Taco (110),Sprint Center Taco Taco (110),1407  Grand Ave,34,Kansas City,MISSOURI,64106,Open,Restaurant/Deli 10-20 Employees,Restaurant/Deli,,Operational,"1407 Grand Ave
Kansas City, MISSOURI 64106"
102238,Sprint Center Truman BBQ (217),Sprint Center Truman BBQ (217),1407 Grand Ave,,Kansas City,MISSOURI,64106,Open,Restaurant/Deli 10-20 Employees,Restaurant/Deli,,Operational,"1407 Grand Ave
Kansas City, MISSOURI 64106"
102243,Sprint Center Fan Favorite (216),Sprint Center Fan Favorite (216),1407 Grand Ave.,,Kansas City,MISSOURI,64106,Open,Restaurant/Deli 10-20 Employees,Restaurant/Deli,,Operational,"1407 Grand Ave.
Kansas City, MISSOURI 64106"
102319,Sprint Center Oak St. Pizza (104),Sprint Center Oak St. Pizza (104),1407  Grand Ave,,Kansas City,MISSOURI,64106,Open,Restaurant/Deli 10-20 Employees,Restaurant/Deli,,Operational,"1407 Grand Ave
Kansas City, MISSOURI 64106"
102313,Sprint Center Fan Favorites (106),Sprint Center Fan Favorites (106),1407 Grand Avenue,,Kansas City,MISSOURI,64106,Open,Restaurant/Deli 10-20 Employees,Restaurant/Deli,,Operational,"1407 Grand Avenue
Kansas City, MISSOURI 64106"
102318,Sprint Center Vendor Commissary (Gomez Concessions),Sprint Center Vendor Commissary (Gomez Concessions),1407 Grand Ave,,Kansas City,MISSOURI,64106,Open,Restaurant/Deli 10-20 Employees,Restaurant/Deli,,Operational,"1407 Grand Ave
Kansas City, MISSOURI 64106"
102322,Sprint Center Metro Sports Bar,Sprint Center Metro Sports Bar,1407 Grand Ave,,Kansas City,MISSOURI,64106,Open,Bar/Tavern 10-20 Employees,Bar/Tavern,,Operational,"1407 Grand Ave
Kansas City, MISSOURI 64106"
102321,Sprint Center Truman BBQ (122),Sprint Center Truman BBQ (122),1407 Grand Ave,,Kansas City,MISSOURI,64106,Open,Restaurant/Deli 10-20 Employees,Restaurant/Deli,,Operational,"1407 Grand Ave
Kansas City, MISSOURI 64106"
102320,Sprint Center Backstage Burger (119),Sprint Center Backstage Burger (119),1407 Grand Ave,,Kansas City,MISSOURI,64106,Open,Restaurant/Deli 10-20 Employees,Restaurant/Deli,,Operational,"1407 Grand Ave
Kansas City, MISSOURI 64106"
102241,Sprint Center Founder's Club,Sprint Center Founder's Club,1407 Grand Ave,,Kansas City,MISSOURI,64106,Open,Restaurant/Deli 10-20 Employees,Restaurant/Deli,,Operational,"1407 Grand Ave
Kansas City, MISSOURI 64106"
512416,Sprint Center-Jose Peppers 106 512416,Sprint Center-Jose Peppers 106 512416,1407 Grand Ave.,,Kansas City,MISSOURI,64106,Open,Mobile Unit/Pushcart,Mobile Unit/Pushcart,,Operational,"1407 Grand Ave.
Kansas City, MISSOURI 64106"
512016,Sprint Center- Fresh Squeezed Lemonade #1 512016,Sprint Center- Fresh Squeezed Lemonade #1 512016,1407 Grand Ave.,,Kansas City,MISSOURI,64106,Open,Mobile Unit/Pushcart,Mobile Unit/Pushcart,,Operational,"1407 Grand Ave.
Kansas City, MISSOURI 64106"
511916,Sprint Center- Fresh Squeezed Lemonade #2 511916,Sprint Center- Fresh Squeezed Lemonade #2 511916,1407 Grand Ave.,,Kansas City,MISSOURI,64106,Open,Mobile Unit/Pushcart,Mobile Unit/Pushcart,,Operational,"1407 Grand Ave.
Kansas City, MISSOURI 64106"
514416,Sprint Center- Dippin Dots #1 514416,Sprint Center- Dippin Dots #1 514416,1407 Grand Ave.,,Kansas City,MISSOURI,64106,Open,Mobile Unit/Pushcart,Mobile Unit/Pushcart,,Operational,"1407 Grand Ave.
Kansas City, MISSOURI 64106"
515516,Sprint Center-Jose Peppers Cart 119 515516,Sprint Center-Jose Peppers Cart 119 515516,1407  Grand Ave.,,Kansas City,MISSOURI,64106,Open,Mobile Unit/Pushcart,Mobile Unit/Pushcart,,Operational,"1407 Grand Ave.
Kansas City, MISSOURI 64106"
512116,Sprint Center- Fresh Squeezed Lemonade #3 512116,Sprint Center- Fresh Squeezed Lemonade #3 512116,1407 Grand Ave.,,Kansas City,MISSOURI,64106,Open,Mobile Unit/Pushcart,Mobile Unit/Pushcart,,Operational,"1407 Grand Ave.
Kansas City, MISSOURI 64106"
103862,Boulevard Bar & Grill @ Four Points Sports Complex,Boulevard Bar & Grill @ Four Points Sports Complex,4011 Blue Ridge Blvd.,,Kansas City,MISSOURI,64133,Open,Restaurant/Deli 6-9 Employees,Restaurant/Deli,,Operational,"4011 Blue Ridge Blvd.
Kansas City, MISSOURI 64133"
103807,Grainger Cafe,Grainger Cafe,11200 East 210 Highway,,Kansas City,MISSOURI,64161,Open,Restaurant/Deli 0-5 Employees,Restaurant/Deli,,Operational,"11200 East 210 Highway
Kansas City, MISSOURI 64161"
105903,The Guild,The Guild,1621 Locust,,Kansas City,MISSOURI,64108,Open,Bar/Tavern 0-5 Employees,Bar/Tavern,,Operational,"1621 Locust
Kansas City, MISSOURI 64108
(39.093587, -94.577678)"
503416,Tacos Colima 503416,Tacos Colima 503416,3711 Lawn ,,Kansas City,MISSOURI,64127,Open,Mobile Unit/Pushcart,Mobile Unit/Pushcart,,Operational,"3711 Lawn
Kansas City, MISSOURI 64127"
104223,KCI The Paradies Shop/KC Marketplace (KCI Terminal B),KCI The Paradies Shop/KC Marketplace (KCI Terminal B),"KCI Airport Terminal B, Gate 36",,Kansas City,MISSOURI,64153,Open,Retail Grocery/Market Under 3000 sq. ft.,Retail Grocery/Market,,Operational,"KCI Airport Terminal B, Gate 36
Kansas City, MISSOURI 64153"
503616,Taqueria y Masqueria Silvas 503616,Taqueria y Masqueria Silvas 503616,3711 White Avenue,,Kansas City,MISSOURI,64126,Open,Mobile Unit/Pushcart,Mobile Unit/Pushcart,,Operational,"3711 White Avenue
Kansas City, MISSOURI 64126"
104332,Chiefs Levy Kansas City Style BBQ 215E,Chiefs Levy Kansas City Style BBQ 215E,One Arrowhead Way,,Kansas City,MISSOURI,64129,Open,Restaurant/Deli 10-20 Employees,Restaurant/Deli,,Operational,"One Arrowhead Way
Kansas City, MISSOURI 64129"
104333,Chiefs Levy Kansas City Style BBQ 238C,Chiefs Levy Kansas City Style BBQ 238C,One Arrowhead Way,,Kansas City,MISSOURI,64129,Open,Restaurant/Deli 10-20 Employees,Restaurant/Deli,,Operational,"One Arrowhead Way
Kansas City, MISSOURI 64129"
104334,Chiefs Levy Flame Grill 233C,Chiefs Levy Flame Grill 233C,One Arrowhead Way,,Kansas City,MISSOURI,64129,Open,Restaurant/Deli 10-20 Employees,Restaurant/Deli,,Operational,"One Arrowhead Way
Kansas City, MISSOURI 64129"
104335,Chiefs Levy Flame Grill 210C,Chiefs Levy Flame Grill 210C,One Arrowhead Way,,Kansas City,MISSOURI,64129,Open,Restaurant/Deli 10-20 Employees,Restaurant/Deli,,Operational,"One Arrowhead Way
Kansas City, MISSOURI 64129"
104336,Chiefs Levy Main Kitchen,Chiefs Levy Main Kitchen,One Arrowhead Way,,Kansas City,MISSOURI,64129,Open,Restaurant/Deli 41-60 Employees,Restaurant/Deli,,Operational,"One Arrowhead Way
Kansas City, MISSOURI 64129"
514816,El Hidalgo 514816,El Hidalgo 514816,7820 Bellaire S Ave,,Kansas City,MISSOURI,64123,Open,Mobile Unit/Pushcart,Mobile Unit/Pushcart,,Operational,"7820 Bellaire S Ave
Kansas City, MISSOURI 64123"
104354,Chiefs Levy Suite Pantry 131G,Chiefs Levy Suite Pantry 131G,ONE Arrowhead Way,,Kansas City,MISSOURI,64129,Open,Restaurant/Deli 10-20 Employees,Restaurant/Deli,,Operational,"ONE Arrowhead Way
Kansas City, MISSOURI 64129"
104355,Chiefs Levy Foolish Club Bar,Chiefs Levy Foolish Club Bar,One Arrowhead Way,,Kansas City,MISSOURI,64129,Open,Restaurant/Deli 0-5 Employees,Restaurant/Deli,,Operational,"One Arrowhead Way
Kansas City, MISSOURI 64129"
104356,Chiefs Levy Bar IV,Chiefs Levy Bar IV,One Arrowhead Way,,Kansas City,MISSOURI,64129,Open,Restaurant/Deli 0-5 Employees,Restaurant/Deli,,Operational,"One Arrowhead Way
Kansas City, MISSOURI 64129"
104370,Chiefs Levy Suite Pantry 230C,Chiefs Levy Suite Pantry 230C,One Arrowhead Way,,Kansas City,MISSOURI,64129,Open,Restaurant/Deli 10-20 Employees,Restaurant/Deli,,Operational,"One Arrowhead Way
Kansas City, MISSOURI 64129"
520115,Starlight Theatre Fresh Squeezed Lemonade Cart #2 520115,Starlight Theatre Fresh Squeezed Lemonade Cart #2 520115,4600 Arrowhead Dr.,,Kansas City,MISSOURI,64133,Open,Mobile Unit/Pushcart,Mobile Unit/Pushcart,,Operational,"4600 Arrowhead Dr.
Kansas City, MISSOURI 64133"
529115,Starlight Theatre Fresh Squeezed Lemonade Cart #1 529115,Starlight Theatre Fresh Squeezed Lemonade Cart #1 529115,4600 Arrowhead Dr.,,Kansas City,MISSOURI,64133,Open,Mobile Unit/Pushcart,Mobile Unit/Pushcart,,Operational,"4600 Arrowhead Dr.
Kansas City, MISSOURI 64133"
104295,Panda Express #1779,Panda Express #1779,4901  N Oak Trwy,,KC,MISSOURI,64118,Open,Restaurant/Deli 10-20 Employees,Restaurant/Deli,,Operational,"4901 N Oak Trwy
KC, MISSOURI 64118"
104374,Chiefs Levy Flame Grill 244C,Chiefs Levy Flame Grill 244C,One Arrowhead Way,,Kansas City,MISSOURI,64129,Open,Restaurant/Deli 10-20 Employees,Restaurant/Deli,,Operational,"One Arrowhead Way
Kansas City, MISSOURI 64129"
104375,Chiefs Levy Primo Italian Classics 204E,Chiefs Levy Primo Italian Classics 204E,One Arrowhead Way,,Kansas City,MISSOURI,64129,Open,Restaurant/Deli 10-20 Employees,Restaurant/Deli,,Operational,"One Arrowhead Way
Kansas City, MISSOURI 64129"
104581,Teadrops Downtown @ H&R Block,Teadrops Downtown @ H&R Block,1 H&R Block Way,,Kansas City,MISSOURI,64105,Open,Restaurant/Deli 0-5 Employees,Restaurant/Deli,,Operational,"1 H&R Block Way
Kansas City, MISSOURI 64105"
506615,Frosty Treats #44 506615,Frosty Treats #44 506615,620 E Linwoood,,Kansas City,MISSOURI,64109,Open,Ice Cream Moblie Vendor,Ice Cream Moblie Vendor,,Operational,"620 E Linwoood
Kansas City, MISSOURI 64109"
104376,Chiefs Levy Founder's Plaza Club Bar (room 3.26.01),Chiefs Levy Founder's Plaza Club Bar (room 3.26.01),One  Arrowhead Dr.,,Kansas City,MISSOURI,64129,Open,Bar/Tavern 10-20 Employees,Bar/Tavern,,Operational,"One Arrowhead Dr.
Kansas City, MISSOURI 64129"
104380,Chiefs Levy Club North Bar - East (room 4.28.02),Chiefs Levy Club North Bar - East (room 4.28.02),One Arrowhead Dr.,,Kansas City,MISSOURI,64129,Open,Bar/Tavern 0-5 Employees,Bar/Tavern,,Operational,"One Arrowhead Dr.
Kansas City, MISSOURI 64129"
104377,Chiefs Levy Founder's Club Pantry (room 3.31.03),Chiefs Levy Founder's Club Pantry (room 3.31.03),One Arrowhead Dr.,,Kansas City,MISSOURI,64129,Open,Restaurant/Deli 10-20 Employees,Restaurant/Deli,,Operational,"One Arrowhead Dr.
Kansas City, MISSOURI 64129"
104379,Chiefs Levy Club North Bar - West (room 4.18.02),Chiefs Levy Club North Bar - West (room 4.18.02),One Arrowhead Dr.,,Kansas City,MISSOURI,64129,Open,Bar/Tavern 0-5 Employees,Bar/Tavern,,Operational,"One Arrowhead Dr.
Kansas City, MISSOURI 64129"
104391,Chiefs Levy Penthouse Pantry,Chiefs Levy Penthouse Pantry,One Arrowhead Way,,Kansas City,MISSOURI,64129,Open,Restaurant/Deli 0-5 Employees,Restaurant/Deli,,Operational,"One Arrowhead Way
Kansas City, MISSOURI 64129"
104393,Chiefs Levy Penthouse Suite Pantry,Chiefs Levy Penthouse Suite Pantry,One Arrowhead Way,,Kansas City,MISSOURI,64129,Open,Restaurant/Deli 0-5 Employees,Restaurant/Deli,,Operational,"One Arrowhead Way
Kansas City, MISSOURI 64129"
104392,Chiefs Levy Penthouse Suite Bar,Chiefs Levy Penthouse Suite Bar,One  Arrowhead Way,,Kansas City,MISSOURI,64129,Open,Restaurant/Deli 0-5 Employees,Restaurant/Deli,,Operational,"One Arrowhead Way
Kansas City, MISSOURI 64129"
104381,Chiefs Levy Flame Grill 220C,Chiefs Levy Flame Grill 220C,One Arrowhead Drive,,Kansas City,MISSOURI,64129,Open,Restaurant/Deli 10-20 Employees,Restaurant/Deli,,Operational,"One Arrowhead Drive
Kansas City, MISSOURI 64129"
104384,Chiefs Levy Tower Club Bar East,Chiefs Levy Tower Club Bar East,One  Arrowhead Drive,,Kansas City,MISSOURI,64129,Open,Restaurant/Deli 0-5 Employees,Restaurant/Deli,,Operational,"One Arrowhead Drive
Kansas City, MISSOURI 64129"
104385,Chiefs Levy Suite Pantry East,Chiefs Levy Suite Pantry East,One Arrowhead Drive,,Kansas City,MISSOURI,64129,Open,Restaurant/Deli 0-5 Employees,Restaurant/Deli,,Operational,"One Arrowhead Drive
Kansas City, MISSOURI 64129"
104386,Chiefs Levy Suite Pantry West,Chiefs Levy Suite Pantry West,One  Arrowhead Drive,,Kansas City,MISSOURI,64129,Open,Restaurant/Deli 10-20 Employees,Restaurant/Deli,,Operational,"One Arrowhead Drive
Kansas City, MISSOURI 64129"
104387,Chiefs Levy Signature Suite Pantry (225),Chiefs Levy Signature Suite Pantry (225),One Arrowhead Drive,,Kansas City,MISSOURI,64129,Open,Restaurant/Deli 0-5 Employees,Restaurant/Deli,,Operational,"One Arrowhead Drive
Kansas City, MISSOURI 64129"
104388,Chiefs Levy Tower Club Bar West,Chiefs Levy Tower Club Bar West,One  Arrowhead Drive,,Kansas City,MISSOURI,64129,Open,Restaurant/Deli 0-5 Employees,Restaurant/Deli,,Operational,"One Arrowhead Drive
Kansas City, MISSOURI 64129"
104390,Chiefs Levy Primo Italian Classics 228C,Chiefs Levy Primo Italian Classics 228C,One Arrowhead Drive,,Kansas City,MISSOURI,64129,Open,Restaurant/Deli 10-20 Employees,Restaurant/Deli,,Operational,"One Arrowhead Drive
Kansas City, MISSOURI 64129"
104383,Chiefs Levy Founder's Suite Kitchen,Chiefs Levy Founder's Suite Kitchen,One Arrowhead Drive,,Kansas City,MISSOURI,64129,Open,Restaurant/Deli 0-5 Employees,Restaurant/Deli,,Operational,"One Arrowhead Drive
Kansas City, MISSOURI 64129"
104378,Chiefs Levy Broadcast Suite Bar,Chiefs Levy Broadcast Suite Bar,One  Arrowhead Drive,,Kansas City,MISSOURI,64129,Open,Restaurant/Deli 0-5 Employees,Restaurant/Deli,,Operational,"One Arrowhead Drive
Kansas City, MISSOURI 64129"
104993,Holliday Montessori,Holliday Montessori,7227  Jackson St,,Kansas City,MISSOURI,64132,Open,Fee Exempt,Fee Exempt,,Operational,"7227 Jackson St
Kansas City, MISSOURI 64132"
104959,Churchs Chicken,Churchs Chicken,7200 Eastwood Trrafficway,,Kansas City,MISSOURI,64129,Open,Restaurant/Deli 10-20 Employees,Restaurant/Deli,,Operational,"7200 Eastwood Trrafficway
Kansas City, MISSOURI 64129"
104908,Chiefs Levy Tower Club Action Station,Chiefs Levy Tower Club Action Station,One Arrowhead Drive,,Kansas City,MISSOURI,64129,Open,Restaurant/Deli 0-5 Employees,Restaurant/Deli,,Operational,"One Arrowhead Drive
Kansas City, MISSOURI 64129"
104930,Holiday Inn at The Plaza Bar,Holiday Inn at The Plaza Bar,One  East 45th St.,,Kansas City,MISSOURI,64111,Open,Bar/Tavern 0-5 Employees,Bar/Tavern,,Operational,"One East 45th St.
Kansas City, MISSOURI 64111"
533316,Per Cup (Java Hawk) 533316,Per Cup (Java Hawk) 533316,14 Genessee,,Kansas City,MISSOURI,64102,Open,Mobile Unit/Pushcart,Mobile Unit/Pushcart,,Operational,"14 Genessee
Kansas City, MISSOURI 64102"
S0052,San-Man Gardens,San-Man Gardens,20th E 5th St,,Kansas City,MISSOURI,64106,Open,Farmers Market Permit,Farmers Market Permit,,Operational,"20th E 5th St
Kansas City, MISSOURI 64106"
F00007,Dry Lake Farms,Dry Lake Farms,20th  E 5th St,,Kansas CIty,MISSOURI,64106,Open,Farmers Market Permit,Farmers Market Permit,,Operational,"20th E 5th St
Kansas CIty, MISSOURI 64106"
S0006,Mama Socorro's,Mama Socorro's,20 Lenexa Dr,,Blue Springs,MISSOURI,64015,Open,Sampling Permit,Sampling Permit,,Operational,"20 Lenexa Dr
Blue Springs, MISSOURI 64015"
105318,KCI Fresh Attractions (Gate 31),KCI Fresh Attractions (Gate 31),KCI  Gate 31,,Kansas City,MISSOURI,64153,Open,Retail Grocery/Market Under 3000 sq. ft.,Retail Grocery/Market,,Operational,"KCI Gate 31
Kansas City, MISSOURI 64153"
105077,St. Luke's Hospital of Kansas City,St. Luke's Hospital of Kansas City,"4401  Wornall ""A"" level",,Kansas City,MISSOURI,64111,Open,Restaurant/Deli 21-40 Employees,Restaurant/Deli,,Operational,"4401 Wornall ""A"" level
Kansas City, MISSOURI 64111"
800151,Raytown Hy-Vee Catering,Raytown Hy-Vee Catering,9400 E 350 Hwy,,Raytown,MISSOURI,64133,Open,Catering Permit,Catering Permit,,Operational,"9400 E 350 Hwy
Raytown, MISSOURI 64133"
105184,"Heavenly Olive Oils and Vinegars, Inc","Heavenly Olive Oils and Vinegars, Inc",8601 NW 86th Terrace,,Kansas City,MISSOURI,64153,Open,Retail Grocery/Market Under 3000 sq. ft.,Retail Grocery/Market,,Operational,"8601 NW 86th Terrace
Kansas City, MISSOURI 64153"
105091,Green Room Burgers & Beer LLC,Green Room Burgers & Beer LLC,4010 Pennyslvania,,Kansas City,MISSOURI,64111,Open,Restaurant/Deli 6-9 Employees,Restaurant/Deli,,Operational,"4010 Pennyslvania
Kansas City, MISSOURI 64111"
105188,KCI Picnic Farmers Market # 2 (Gate 45),KCI Picnic Farmers Market # 2 (Gate 45),KCI North Rome Circle,KCI Terminal B Gate 4,Kansas City,MISSOURI,64153,Open,Retail Grocery/Market Under 3000 sq. ft.,Retail Grocery/Market,,Operational,"KCI North Rome Circle
Kansas City, MISSOURI 64153"
105190,KCI Local Rustic Kiosk (Gate 59),KCI Local Rustic Kiosk (Gate 59),KCI Terminal B,,Kansas City,MISSOURI,64153,Open,Retail Grocery/Market Under 3000 sq. ft.,Retail Grocery/Market,,Operational,"KCI Terminal B
Kansas City, MISSOURI 64153"
105189,KCI Farmer's Market (Gate 38),KCI Farmer's Market (Gate 38),KCI Terminal B,Gate 38,Kansas City,MISSOURI,64153,Open,Retail Grocery/Market Under 3000 sq. ft.,Retail Grocery/Market,,Operational,"KCI Terminal B
Kansas City, MISSOURI 64153"
105197,KCI Marche (Gate 82),KCI Marche (Gate 82),KCI Terminal C,,Kansas City,MISSOURI,64153,Open,Retail Grocery/Market Under 3000 sq. ft.,Retail Grocery/Market,,Operational,"KCI Terminal C
Kansas City, MISSOURI 64153"
105198,KCI Pronto (Gate 78),KCI Pronto (Gate 78),KCI  Terminal c,Gate 77,Kansas City,MISSOURI,64153,Open,Retail Grocery/Market Under 3000 sq. ft.,Retail Grocery/Market,,Operational,"KCI Terminal c
Kansas City, MISSOURI 64153"
105891,Carniceria El Torito (Deli),Carniceria El Torito (Deli),4901 St John Ave,,Kansas City,MISSOURI,64123,Open,Restaurant/Deli 0-5 Employees,Restaurant/Deli,,Operational,"4901 St John Ave
Kansas City, MISSOURI 64123"
512516,Royals Stadium Aramark PG 230 512516,Royals Stadium Aramark PG 230 512516,One Royal Way,,Kansas City,MISSOURI,64129,Open,Mobile Unit/Pushcart,Mobile Unit/Pushcart,,Operational,"One Royal Way
Kansas City, MISSOURI 64129"
511016,Royals Stadium Aramark PG 208 511016,Royals Stadium Aramark PG 208 511016,One Royal Way,,Kansas City,MISSOURI,64129,Open,Mobile Unit/Pushcart,Mobile Unit/Pushcart,,Operational,"One Royal Way
Kansas City, MISSOURI 64129"
105675,KCI California Pizza Kitchen,KCI California Pizza Kitchen,KCI North Rome Circle,Terminal B,Kansas City,MISSOURI,64153,Open,Restaurant/Deli 10-20 Employees,Restaurant/Deli,,Operational,"KCI North Rome Circle
Kansas City, MISSOURI 64153"
105678,KCI Royals Upper Deck (Gate 57-60),KCI Royals Upper Deck (Gate 57-60),KCI N Rome Circle,,Kansas City,MISSOURI,64153,Open,Restaurant/Deli 0-5 Employees,Restaurant/Deli,,Operational,"KCI N Rome Circle
Kansas City, MISSOURI 64153"
105677,KCI Missouri Vineyard,KCI Missouri Vineyard,KCI  N Rome Circle,,Kansas City,MISSOURI,64153,Open,Bar/Tavern 0-5 Employees,Bar/Tavern,,Operational,"KCI N Rome Circle
Kansas City, MISSOURI 64153"
105676,KCI Pork & Pickle Gastropub (Gate 37-45),KCI Pork & Pickle Gastropub (Gate 37-45),KCI N Rome Circle,,Kansas City,MISSOURI,64153,Open,Restaurant/Deli 21-40 Employees,Restaurant/Deli,,Operational,"KCI N Rome Circle
Kansas City, MISSOURI 64153"
106102,Treat America @ Gordon Parks,Treat America @ Gordon Parks,3715  Wyoming,,Kansas City,MISSOURI,64111,Open,School - Public 0-5 Employees,School - Public; School - Public,,Operational,"3715 Wyoming
Kansas City, MISSOURI 64111
(39.060164, -94.60369)"
105985,Waffle House # 1171,Waffle House # 1171,7401 NE Parvin Road,,Kansas City,MISSOURI,64117,Open,Restaurant/Deli 10-20 Employees,Restaurant/Deli,,Operational,"7401 NE Parvin Road
Kansas City, MISSOURI 64117
(39.168313, -94.49517)"
520616,Catch & Release Fried Fish 520616,Catch & Release Fried Fish 520616,6950 E. 40th Place,,Kansas City,MISSOURI,64130,Open,Mobile Unit/Pushcart,Mobile Unit/Pushcart,,Operational,"6950 E. 40th Place
Kansas City, MISSOURI 64130"
546916,Chiefs Sheridan's 546916 - Kiosk 121,Chiefs Sheridan's 546916 - Kiosk 121,One Tomahawk Creek Pkwy.,,Leawood,KANSAS,66211,Open,Mobile Unit/Pushcart,Mobile Unit/Pushcart,,Operational,"One Tomahawk Creek Pkwy.
Leawood, KANSAS 66211"
547516,Chiefs Sheridan's 547516 - Kiosk 129-130,Chiefs Sheridan's 547516 - Kiosk 129-130,One Tomahawk Creek Pkwy.,,Leawood,KANSAS,66211,Open,Mobile Unit/Pushcart,Mobile Unit/Pushcart,,Operational,"One Tomahawk Creek Pkwy.
Leawood, KANSAS 66211"
547116,Chiefs Sheridan's 547116 - Kiosk 344,Chiefs Sheridan's 547116 - Kiosk 344,One Tomahawk Creek Pkwy.,,Leawood,KANSAS,66211,Open,Mobile Unit/Pushcart,Mobile Unit/Pushcart,,Operational,"One Tomahawk Creek Pkwy.
Leawood, KANSAS 66211"
546716,Chiefs Sheridan's 546716 - Kiosk 327,Chiefs Sheridan's 546716 - Kiosk 327,One Tomahawk Creek Pkwy.,,Leawood,KANSAS,66211,Open,Mobile Unit/Pushcart,Mobile Unit/Pushcart,,Operational,"One Tomahawk Creek Pkwy.
Leawood, KANSAS 66211"
547616,Chiefs DTF Cart 547616 - Kiosk 126,Chiefs DTF Cart 547616 - Kiosk 126,One Arrowhead Way,,Kansas City,MISSOURI,64129,Open,Mobile Unit/Pushcart,Mobile Unit/Pushcart,,Operational,"One Arrowhead Way
Kansas City, MISSOURI 64129"
547716,Chiefs Sheridan's 547716 - Kiosk 117,Chiefs Sheridan's 547716 - Kiosk 117,One Tomahawk Creek Pkwy.,,Leawoo,KANSAS,66211,Open,Mobile Unit/Pushcart,Mobile Unit/Pushcart,,Operational,"One Tomahawk Creek Pkwy.
Leawoo, KANSAS 66211"
546816,Chiefs Sheridan's 546816 - Kiosk 133,Chiefs Sheridan's 546816 - Kiosk 133,One Tomahawk Creek Pkwy.,,Leawood,KANSAS,66211,Open,Mobile Unit/Pushcart,Mobile Unit/Pushcart,,Operational,"One Tomahawk Creek Pkwy.
Leawood, KANSAS 66211"
547816,Chiefs Sheridan's 547816 - Kiosk 114,Chiefs Sheridan's 547816 - Kiosk 114,"One Tomahawk Creek Pkwy,",,Leawood,KANSAS,66211,Open,Mobile Unit/Pushcart,Mobile Unit/Pushcart,,Operational,"One Tomahawk Creek Pkwy,
Leawood, KANSAS 66211"
519116,Chiefs DTF Cart 519116 - Kiosk 111,Chiefs DTF Cart 519116 - Kiosk 111,One Arrowhead Way,,Kansas City,MISSOURI,64129,Open,Mobile Unit/Pushcart,Mobile Unit/Pushcart,,Operational,"One Arrowhead Way
Kansas City, MISSOURI 64129"
519316,Chiefs Sheridan's 519316 - Kiosk 108,Chiefs Sheridan's 519316 - Kiosk 108,One Tomahawk Creek Pkwy.,,Leawood,KANSAS,66211,Open,Mobile Unit/Pushcart,Mobile Unit/Pushcart,,Operational,"One Tomahawk Creek Pkwy.
Leawood, KANSAS 66211"
546516,Chiefs Sheridan's 546516 - Kiosk 127,Chiefs Sheridan's 546516 - Kiosk 127,One Tomahawk Creek Pkwy.,,Leawood,KANSAS,66211,Open,Mobile Unit/Pushcart,Mobile Unit/Pushcart,,Operational,"One Tomahawk Creek Pkwy.
Leawood, KANSAS 66211"
546616,Chiefs Sheridan's 546616 - Kiosk 123,Chiefs Sheridan's 546616 - Kiosk 123,One Tomahawk Creek Pkwy.,,Leawood,KANSAS,66211,Open,Mobile Unit/Pushcart,Mobile Unit/Pushcart,,Operational,"One Tomahawk Creek Pkwy.
Leawood, KANSAS 66211"
547316,Chiefs Sheridan's 547316 - Kiosk 323,Chiefs Sheridan's 547316 - Kiosk 323,One Tomahawk Creek Pkwy.,,Leawood,KANSAS,66211,Open,Mobile Unit/Pushcart,Mobile Unit/Pushcart,,Operational,"One Tomahawk Creek Pkwy.
Leawood, KANSAS 66211"
105973,Legs,Legs,13200  E 350 Highway,,Kansas City,MISSOURI,64138,Open,Bar/Tavern 10-20 Employees,Bar/Tavern,,Operational,"13200 E 350 Highway
Kansas City, MISSOURI 64138"
522316,Chiefs Aramark PB 136 522316,Chiefs Aramark PB 136 522316,One Red Coat Ln.,,Kansas City,MISSOURI,64129,Open,Mobile Unit/Pushcart,Mobile Unit/Pushcart,,Operational,"One Red Coat Ln.
Kansas City, MISSOURI 64129"
540616,Chiefs Sheridan's 540616 - Kiosk 103,Chiefs Sheridan's 540616 - Kiosk 103,One Red Coat Ln.,,Kansas City,MISSOURI,64129,Open,Ice Cream Moblie Vendor,Ice Cream Moblie Vendor,,Operational,"One Red Coat Ln.
Kansas City, MISSOURI 64129"
540716,Chiefs Sheridan's 540716 - Kiosk 106,Chiefs Sheridan's 540716 - Kiosk 106,One Red Coat Ln.,,Kansas City,MISSOURI,64129,Open,Ice Cream Moblie Vendor,Ice Cream Moblie Vendor,,Operational,"One Red Coat Ln.
Kansas City, MISSOURI 64129"
539816,Chiefs Sheridan's 539816,Chiefs Sheridan's 539816,One Red Coat Ln.,,Kansas City,MISSOURI,64129,Open,Ice Cream Moblie Vendor,Ice Cream Moblie Vendor,,Operational,"One Red Coat Ln.
Kansas City, MISSOURI 64129"
539215,Custom Mobile Designs 539215,Custom Mobile Designs 539215,3950 NE 33rd St,,Kansas City,MISSOURI,64117,Open,Mobile Unit/Pushcart,Mobile Unit/Pushcart,,Operational,"3950 NE 33rd St
Kansas City, MISSOURI 64117"
106342,Sprint Center Farmland Grill (101),Sprint Center Farmland Grill (101),1407 Grand Ave,,Kansas City,MISSOURI,64106,Open,Restaurant/Deli 10-20 Employees,Restaurant/Deli,,Operational,"1407 Grand Ave
Kansas City, MISSOURI 64106"
533216,Treat America @ Kauffman Center for the Performing Arts 533216,Treat America @ Kauffman Center for the Performing Arts 533216,1601 Shawnee Mission Pkwy,,Merriam,KANSAS,66202,Open,Mobile Unit/Pushcart,Mobile Unit/Pushcart,,Operational,"1601 Shawnee Mission Pkwy
Merriam, KANSAS 66202"
533116,Treat America @ Kauffman Center for the Performing Arts 533116,Treat America @ Kauffman Center for the Performing Arts 533116,1601 Shawnee Mission Pkwy,,Merriam,KANSAS,66202,Open,Mobile Unit/Pushcart,Mobile Unit/Pushcart,,Operational,"1601 Shawnee Mission Pkwy
Merriam, KANSAS 66202"
106790,Taco Bell #29844,Taco Bell #29844,9301  NE Hwy 152,,Kansas City,MISSOURI,64158,Open,Restaurant/Deli 21-40 Employees,Restaurant/Deli,,Operational,"9301 NE Hwy 152
Kansas City, MISSOURI 64158"
106140,KCI Brew Pub - Gate 84,KCI Brew Pub - Gate 84,KCI Airport KCI Airport Terminal C,,Kansas city,MISSOURI,64153,Open,Restaurant/Deli 10-20 Employees,Restaurant/Deli,,Operational,"KCI Airport KCI Airport Terminal C
Kansas city, MISSOURI 64153"
106145,SPCAA Lower,SPCAA Lower,8400 NW Tiffany Springs Parkway,,Kansas City,MISSOURI,64153,Open,Restaurant/Deli 10-20 Employees,Restaurant/Deli,,Operational,"8400 NW Tiffany Springs Parkway
Kansas City, MISSOURI 64153"
106831,Treat America @ Bayer - CK Kiosk,Treat America @ Bayer - CK Kiosk,8400 Hawthorn,,Kansas City,MISSOURI,64120,Open,Retail Grocery/Market Under 3000 sq. ft.,Retail Grocery/Market,,Operational,"8400 Hawthorn
Kansas City, MISSOURI 64120"
105938,Shark Bar,Shark Bar,1340 Grand Ave,,Kansas City,MISSOURI,64105,Open,Bar/Tavern 21-40 Employees,Bar/Tavern,,Operational,"1340 Grand Ave
Kansas City, MISSOURI 64105"
106768,Dollar General Store #13813,Dollar General Store #13813,401 N Cookingham,,Kansas City,MISSOURI,64155,Open,Retail Grocery/Market 3001-30000 sq. ft.,Retail Grocery/Market,,Operational,"401 N Cookingham
Kansas City, MISSOURI 64155"
504016,Royals Stadium Dipp'n Dots 504016,Royals Stadium Dipp'n Dots 504016,One Royal Way,,Kansas City,MISSOURI,64129,Open,Mobile Unit/Pushcart,Mobile Unit/Pushcart,,Operational,"One Royal Way
Kansas City, MISSOURI 64129"
504416,Royals Stadium Dipp'n Dots 504416,Royals Stadium Dipp'n Dots 504416,One Royal Way,,Kansas City,MISSOURI,64129,Open,Mobile Unit/Pushcart,Mobile Unit/Pushcart,,Operational,"One Royal Way
Kansas City, MISSOURI 64129"
504316,Royals Stadium Dipp'n Dots 504316,Royals Stadium Dipp'n Dots 504316,One Royal Way,,Kansas City,MISSOURI,64129,Open,Mobile Unit/Pushcart,Mobile Unit/Pushcart,,Operational,"One Royal Way
Kansas City, MISSOURI 64129"
500816,Royals Stadium Dipp'n Dots 500816,Royals Stadium Dipp'n Dots 500816,One Royal Way,,Kansas City,MISSOURI,64129,Open,Mobile Unit/Pushcart,Mobile Unit/Pushcart,,Operational,"One Royal Way
Kansas City, MISSOURI 64129"
F00069,H&C Ice Cream,H&C Ice Cream,0 63rd & Wornall,,Kansas City,MISSOURI,64113,Open,Farmers Market Permit,Farmers Market Permit,,Operational,"0 63rd & Wornall
Kansas City, MISSOURI 64113"
S0030,Ibis Bakery Inc,Ibis Bakery Inc,0 63rd and Brookside,,Kansas City,MISSOURI,64114,Open,Sampling Permit,Sampling Permit,,Operational,"0 63rd and Brookside
Kansas City, MISSOURI 64114"
542316,Bochi 542316,Bochi 542316,8821  B.  E. Mill St.,,Liberty ,MISSOURI,64138,Open,Mobile Unit/Pushcart,Mobile Unit/Pushcart,,Operational,"8821 B. E. Mill St.
Liberty, MISSOURI 64138"
548015,Royals Stadium Dipp'n Dots Cart #1 548015,Royals Stadium Dipp'n Dots Cart #1 548015,One Royal Way,,Kansas City,MISSOURI,64129,Open,Ice Cream Moblie Vendor,Ice Cream Moblie Vendor,,Operational,"One Royal Way
Kansas City, MISSOURI 64129"
548215,Royals Stadium Dipp'n Dots Cart #2 548215,Royals Stadium Dipp'n Dots Cart #2 548215,One Royal Way,,Kansas City,MISSOURI,64129,Open,Ice Cream Moblie Vendor,Ice Cream Moblie Vendor,,Operational,"One Royal Way
Kansas City, MISSOURI 64129"
548614,Chiefs Stadium Dipp'n Dots Cart #1 - 548614,Chiefs Stadium Dipp'n Dots Cart #1 - 548614,One Arrowhead Way,,Kansas City,MISSOURI,64129,Open,Ice Cream Moblie Vendor,Ice Cream Moblie Vendor,,Operational,"One Arrowhead Way
Kansas City, MISSOURI 64129"
525816,Chiefs Sheridan's 525816 - Kiosk 134-135,Chiefs Sheridan's 525816 - Kiosk 134-135,One Red Coat Ln.,,Kansas City,MISSOURI,64129,Open,Ice Cream Moblie Vendor,Ice Cream Moblie Vendor,,Operational,"One Red Coat Ln.
Kansas City, MISSOURI 64129"
609004,Bucks Kettle Corn,Bucks Kettle Corn,169 Highway & 68th Strret,,Kansas City,MISSOURI,64118,Open,Seasonal Permit,Seasonal Permit,,,"169 Highway & 68th Strret
Kansas City, MISSOURI 64118"
106157,KCI Starbucks United,KCI Starbucks United,KCI Terminal C,,Kansas City,MISSOURI,64153,Open,Restaurant/Deli 0-5 Employees,Restaurant/Deli,,Operational,"KCI Terminal C
Kansas City, MISSOURI 64153"
107257,Bryan Field Interscholastic League-Concession Stand,Bryan Field Interscholastic League-Concession Stand,23500 E. Meyer Blvd,,Kansas City ,MISSOURI,64131,Open,Restaurant/Deli 0-5 Employees,Restaurant/Deli,,Operational,"23500 E. Meyer Blvd
Kansas City, MISSOURI 64131"
107452,Walmart #2442 - Retail,Walmart #2442 - Retail,5261 N. Antioch Rd,,Kansas City,MISSOURI,64119,Open,Retail Grocery/Market 40001-60000 sq. ft.,Retail Grocery/Market,,Operational,"5261 N. Antioch Rd
Kansas City, MISSOURI 64119"
107453,Walmart #2442 - Bakery,Walmart #2442 - Bakery,5261 N. Antioch Rd.,,Kansas City,MISSOURI,64119,Open,Retail Bakery Under 3000 sq. ft.,Retail Bakery,,Operational,"5261 N. Antioch Rd.
Kansas City, MISSOURI 64119"
107454,Walmart #2442 - Deli,Walmart #2442 - Deli,5261 N. Antioch Rd.,,Kansas City,MISSOURI,64119,Open,Restaurant/Deli 10-20 Employees,Restaurant/Deli,,Operational,"5261 N. Antioch Rd.
Kansas City, MISSOURI 64119"
107356,Treat America @ Kauffman Center - 6th floor,Treat America @ Kauffman Center - 6th floor,1601 Broadawy,,Kansas City,MISSOURI,64108,Open,Bar/Tavern 0-5 Employees,Bar/Tavern,,Operational,"1601 Broadawy
Kansas City, MISSOURI 64108"
107703,Treat America @ H&R Block - CK Kiosk,Treat America @ H&R Block - CK Kiosk,1 H&R Block Way,,Kansas City,MISSOURI,64105,Open,Retail Grocery/Market Under 3000 sq. ft.,Retail Grocery/Market,,Operational,"1 H&R Block Way
Kansas City, MISSOURI 64105"
107123,Pembroke Hill: Phillips Concession Stand,Pembroke Hill: Phillips Concession Stand,5121 State Line,,Kansas City,MISSOURI,64112,Open,School - Private 0-5 Employees,School - Private,,Operational,"5121 State Line
Kansas City, MISSOURI 64112"
107280,Three-Nine Mini Mart,Three-Nine Mini Mart,3912 Indiana St,,Kansas City ,MISSOURI,64130,Open,Retail Grocery/Market Under 3000 sq. ft.,Retail Grocery/Market,,Operational,"3912 Indiana St
Kansas City, MISSOURI 64130"
S0037,Grace's Best Cookies,Grace's Best Cookies,P.O. Box 29192,,Parkville,MISSOURI,64152,Open,Sampling Permit,Sampling Permit,,Operational,"P.O. Box 29192
Parkville, MISSOURI 64152"
107377,Jimmy John's Gourmet Sandwiches #2218,Jimmy John's Gourmet Sandwiches #2218,2345 Grand Ave.,103,Kansas City,MISSOURI,64108,Open,Restaurant/Deli 10-20 Employees,Restaurant/Deli,,Operational,"2345 Grand Ave.
Kansas City, MISSOURI 64108"
107346,Subway #62983,Subway #62983,1141  Emanuel Cleaber Blvd,,Kansas City ,MISSOURI,64110,Open,Restaurant/Deli 0-5 Employees,Restaurant/Deli,http://vinay1105@yahoo.com,Operational,"1141 Emanuel Cleaber Blvd
Kansas City, MISSOURI 64110"
107350,Ruby Jean's Juicery,Ruby Jean's Juicery,4001  Broadway Blvd,,Kansas City ,MISSOURI,64111,Open,Restaurant/Deli 0-5 Employees,Restaurant/Deli,,Operational,"4001 Broadway Blvd
Kansas City, MISSOURI 64111"
107736,Quality Inn & Suites,Quality Inn & Suites,1051 N Cambridge Ave,,Kansas City,MISSOURI,64120,Open,Restaurant/Deli 0-5 Employees,Restaurant/Deli,,Operational,"1051 N Cambridge Ave
Kansas City, MISSOURI 64120"
107487,Scooter's Coffee,Scooter's Coffee,5550 N. Antioch Road,,Kansas City,MISSOURI,64119,Open,Restaurant/Deli 6-9 Employees,Restaurant/Deli,,Operational,"5550 N. Antioch Road
Kansas City, MISSOURI 64119"
532015,Steaks Express #2 532015,Steaks Express #2 532015,3950 NE 43rd Ter.,3,Kansas City,MISSOURI,64117,Open,Truck/Tent Sales,Truck/Tent Sales,,Operational,"3950 NE 43rd Ter.
Kansas City, MISSOURI 64117"
533015,Steaks Express #4 533015,Steaks Express #4 533015,3950 NE 43rd Ter.,,Kansas City,MISSOURI,64117,Open,Truck/Tent Sales,Truck/Tent Sales,,Operational,"3950 NE 43rd Ter.
Kansas City, MISSOURI 64117"
545116,Chiefs Aramark Lime-A-Rita #1 545116,Chiefs Aramark Lime-A-Rita #1 545116,One  Red Coat Lane,,Kansas City,MISSOURI,64129,Open,Mobile Unit/Pushcart,Mobile Unit/Pushcart,,Operational,"One Red Coat Lane
Kansas City, MISSOURI 64129"
545216,Chiefs Aramark Lime-A-Rita #2 545216,Chiefs Aramark Lime-A-Rita #2 545216,One Red Coat Lane,,Kansa City,MISSOURI,64129,Open,Mobile Unit/Pushcart,Mobile Unit/Pushcart,,Operational,"One Red Coat Lane
Kansa City, MISSOURI 64129"
107761,Papa Murphy's Pizza,Papa Murphy's Pizza,3600  Broadway ,109,Kansas City ,MISSOURI,64111,Open,Restaurant/Deli 10-20 Employees,Restaurant/Deli,http://Jeremiahbuck@gmail.com,Operational,"3600 Broadway
Kansas City, MISSOURI 64111
(39.061905, -94.590467)"
107491,IHOP #5334,IHOP #5334,4337  NE Chouteau Trafficway,,Kansas City,MISSOURI,64117,Open,Restaurant/Deli 21-40 Employees,Restaurant/Deli,,Operational,"4337 NE Chouteau Trafficway
Kansas City, MISSOURI 64117
(39.186502, -94.543525)"
107740,Columbus Park Ramen Shop,Columbus Park Ramen Shop,549 Gillis St. ,B,Kansas City,MISSOURI,64106,Open,Restaurant/Deli 6-9 Employees,Restaurant/Deli,,Operational,"549 Gillis St.
Kansas City, MISSOURI 64106
(39.109004, -94.570444)"
107531,Old Chicago Pizza & Taproom,Old Chicago Pizza & Taproom,8251 N. Booth Ave,,Kansas City,MISSOURI,64158,Open,Restaurant/Deli 71-80 Employees,Restaurant/Deli,,Operational,"8251 N. Booth Ave
Kansas City, MISSOURI 64158"
107422,Granny's Variety Soul Foods,Granny's Variety Soul Foods,3445  A & B Prospect Ave. ,,Kansas City,MISSOURI,64128,Open,Restaurant/Deli 0-5 Employees,Restaurant/Deli,,Operational,"3445 A & B Prospect Ave.
Kansas City, MISSOURI 64128"
526516,Taqueria Mexico Food Truck 526516,Taqueria Mexico Food Truck 526516,3000 Rainbow,,Kansas City,KANSAS,66103,Open,Mobile Unit/Pushcart,Mobile Unit/Pushcart,,Operational,"3000 Rainbow
Kansas City, KANSAS 66103"
107424,Swope Med Aramark,Swope Med Aramark,3801 Swope Pkwy,,Kansas City ,MISSOURI,64130,Open,Retail Grocery/Market Under 3000 sq. ft.,Retail Grocery/Market,,Operational,"3801 Swope Pkwy
Kansas City, MISSOURI 64130"
107499,KCI Pronto Limited- Gate 68- Terminal C,KCI Pronto Limited- Gate 68- Terminal C,C Terminal Gate 68,,Kansas City,MISSOURI,64153,Open,Retail Bakery Under 3000 sq. ft.,Retail Bakery,,Operational,"C Terminal Gate 68
Kansas City, MISSOURI 64153"
107498,KCI Delta Kiosk - Gate 50- Terminal B,KCI Delta Kiosk - Gate 50- Terminal B,B Terminal Gate 50,,Kansas City,MISSOURI,64153,Open,Retail Grocery/Market Under 3000 sq. ft.,Retail Grocery/Market,,Operational,"B Terminal Gate 50
Kansas City, MISSOURI 64153"
107536,PepperJax Grill,PepperJax Grill,5235 N. Antioch Rd.,,Kansas City,MISSOURI,64119,Open,Restaurant/Deli 21-40 Employees,Restaurant/Deli,,Operational,"5235 N. Antioch Rd.
Kansas City, MISSOURI 64119"
108026,Ted's Cafe Escondido,Ted's Cafe Escondido,8300  N Booth Ave.,,Kansas City,MISSOURI,64158,Open,Restaurant/Deli 81-90 Employees,Restaurant/Deli,,Operational,"8300 N Booth Ave.
Kansas City, MISSOURI 64158"
534416,Royals Stadium Aramark PB419 534416,Royals Stadium Aramark PB419 534416,One  Royal Way,,Kansas City ,MISSOURI,64129,Open,Mobile Unit/Pushcart,Mobile Unit/Pushcart,,Operational,"One Royal Way
Kansas City, MISSOURI 64129"
534316,Royals Stadium Aramark PB421 534316,Royals Stadium Aramark PB421 534316,One Royal Way,,Kansas City ,MISSOURI,64129,Open,Mobile Unit/Pushcart,Mobile Unit/Pushcart,,Operational,"One Royal Way
Kansas City, MISSOURI 64129"
534516,Royals Stadium Berrie Kabobs 534516,Royals Stadium Berrie Kabobs 534516,One Royal Way,,Kansas City ,MISSOURI,64129,Open,Mobile Unit/Pushcart,Mobile Unit/Pushcart,,Operational,"One Royal Way
Kansas City, MISSOURI 64129"
516516,Buba John Seafood LLC 516516,Buba John Seafood LLC 516516,12921  Stateline,,Leawood,KANSAS,66209,Open,Mobile Unit/Pushcart,Mobile Unit/Pushcart,,Operational,"12921 Stateline
Leawood, KANSAS 66209"
516116,Minsky's Pizza 516116,Minsky's Pizza 516116,2551 S. 291 Hwy,,Independence,MISSOURI,64057,Open,Mobile Unit/Pushcart,Mobile Unit/Pushcart,,Operational,"2551 S. 291 Hwy
Independence, MISSOURI 64057"
513416,Royals Aramark PG407 (Miller Grill) 513416,Royals Aramark PG407 (Miller Grill) 513416,One  Royal Way ,,Kansas City ,MISSOURI,64129,Open,Mobile Unit/Pushcart,Mobile Unit/Pushcart,,Operational,"One Royal Way
Kansas City, MISSOURI 64129"
513316,Royals Aramark PG434 (Budwiser Grill) 513316,Royals Aramark PG434 (Budwiser Grill) 513316,One Royal Way ,,Kansas City ,MISSOURI,64129,Open,Mobile Unit/Pushcart,Mobile Unit/Pushcart,,Operational,"One Royal Way
Kansas City, MISSOURI 64129"
108115,KCI Gate 87,KCI Gate 87,Gate 87 Terminal C,,Kansas City,MISSOURI,64153,Open,Retail Grocery/Market Under 3000 sq. ft.,Retail Grocery/Market,,Operational,"Gate 87 Terminal C
Kansas City, MISSOURI 64153"
107200,Yogurtini,Yogurtini,8375  North Booth Ave,,Kansas City ,MISSOURI,64158,Open,Restaurant/Deli 10-20 Employees,Restaurant/Deli,http://molly.colvin@Gmail.com,Operational,"8375 North Booth Ave
Kansas City, MISSOURI 64158"
500916,S&P Family Food Truck 500916,S&P Family Food Truck 500916,8308 Rockhill Rd,,Lenexa,KANSAS,66215,Open,Mobile Unit/Pushcart,Mobile Unit/Pushcart,,Operational,"8308 Rockhill Rd
Lenexa, KANSAS 66215"
501816,Sno Flower Shaved Ice 501816,Sno Flower Shaved Ice 501816,4545 Mohawk Rd,,Leawood,KANSAS,66209,Open,Mobile Unit/Pushcart,Mobile Unit/Pushcart,,Operational,"4545 Mohawk Rd
Leawood, KANSAS 66209"
501516,Chiefs Aramark Lime-A-Rita #3 (501516),Chiefs Aramark Lime-A-Rita #3 (501516),One Red Coat Lane,,Kansas City,MISSOURI,64129,Open,Mobile Unit/Pushcart,Mobile Unit/Pushcart,,Operational,"One Red Coat Lane
Kansas City, MISSOURI 64129"
503916,Chiefs Aramark Lime-A-Rita #4 (503916),Chiefs Aramark Lime-A-Rita #4 (503916),One Red Coat Lane,,Kansas City,MISSOURI,64129,Open,Mobile Unit/Pushcart,Mobile Unit/Pushcart,,Operational,"One Red Coat Lane
Kansas City, MISSOURI 64129"
800321,No Other Pub (catering),No Other Pub (catering),1370 Grand St,,Kansas City,MISSOURI,64106,Open,Catering Permit,Catering Permit,,Operational,"1370 Grand St
Kansas City, MISSOURI 64106"
108223,SOT,SOT,1521 Grand,,Kansas City,MISSOURI,64108,Open,Restaurant/Deli 10-20 Employees,Restaurant/Deli,,Operational,"1521 Grand
Kansas City, MISSOURI 64108
(39.095024, -94.581155)"
108253,KC Repertory Theatre,KC Repertory Theatre,1 H & R Block Way,,Kansas City ,MISSOURI,64105,Open,Restaurant/Deli 10-20 Employees,Restaurant/Deli,,Operational,"1 H & R Block Way
Kansas City, MISSOURI 64105"
108276,Scarritt Building,Scarritt Building,818 Grand Street,,Kansas City,MISSOURI,64108,Open,Restaurant/Deli 0-5 Employees,Restaurant/Deli,,Operational,"818 Grand Street
Kansas City, MISSOURI 64108"
108346,Qdoba Mexican Eats,Qdoba Mexican Eats,5255 N Antioch Rd,,Kansas City ,MISSOURI,64119,Open,Restaurant/Deli 21-40 Employees,Restaurant/Deli,,Operational,"5255 N Antioch Rd
Kansas City, MISSOURI 64119"
100657,Corner Cafe @ Barry Pointe,Corner Cafe @ Barry Pointe,8301 N Flintlock Rd ,,Kansas City,MISSOURI,64157,Open,Restaurant/Deli 101-110 Employees,Restaurant/Deli,,Operational,"8301 N Flintlock Rd
Kansas City, MISSOURI 64157
(39.243104, -94.465252)"
4211,Rudy Tenampa Taqueria,Rudy Tenampa Taqueria,1611 Westport,,Kansas City,MISSOURI,64111,Open,Restaurant/Deli 21-40 Employees,Restaurant/Deli,,Operational,"1611 Westport
Kansas City, MISSOURI 64111
(39.05015, -94.605056)"
10984,Tokyo Japanese Steak House,Tokyo Japanese Steak House,9  NW Barry Rd.,,Kansas City,MISSOURI,64155,Open,Restaurant/Deli 21-40 Employees,Restaurant/Deli,,Operational,"9 NW Barry Rd.
Kansas City, MISSOURI 64155
(39.246325, -94.580925)"
31165,McDonalds,McDonalds,7700 E. 87TH ST. ,,KANSAS CITY,MISSOURI,64138,Open,Restaurant/Deli 10-20 Employees,Restaurant/Deli,,Operational,"7700 E. 87TH ST.
KANSAS CITY, MISSOURI 64138
(38.966376, -94.498734)"
4708,MARSH'S SUNFRESH (Store),MARSH'S SUNFRESH (Store),4001 MILL ST. ,,KANSAS CITY,MISSOURI,64111,Open,Retail Grocery/Market 40001-60000 sq. ft.,Retail Grocery/Market,,Operational,"4001 MILL ST.
KANSAS CITY, MISSOURI 64111
(39.053557, -94.594557)"
102002,Fairfield Inn @ Union Hill,Fairfield Inn @ Union Hill,3001 Main,,Kansas City,MISSOURI,64108,Open,Restaurant/Deli 0-5 Employees,Restaurant/Deli,,Operational,"3001 Main
Kansas City, MISSOURI 64108
(39.072819, -94.585267)"
514016,Los Tules Cocina Mobile 514016,Los Tules Cocina Mobile 514016,1656 Broadway  ,,Kansas City ,MISSOURI,64108,Open,Mobile Unit/Pushcart,Mobile Unit/Pushcart,,Operational,"1656 Broadway
Kansas City, MISSOURI 64108
(39.093261, -94.58873)"
2571,Worlds of Fun Battle Creek,Worlds of Fun Battle Creek,4545 Worlds of Fun Ave,,Kansas City,MISSOURI,64161,Open,Restaurant/Deli 10-20 Employees,Restaurant/Deli,http://www.worldsoffun.com,Operational,"4545 Worlds of Fun Ave
Kansas City, MISSOURI 64161
(39.174532, -94.492423)"
4824,Gracemor Recreation Club,Gracemor Recreation Club,5521 NE San Rafael,,Kansas City,MISSOURI,64119,Open,Restaurant/Deli 6-9 Employees,Restaurant/Deli,,Operational,"5521 NE San Rafael
Kansas City, MISSOURI 64119
(39.191775, -94.48191)"
3072,Outreach Christian Ed,Outreach Christian Ed,5800 NW 68th Ter,,Kansas City,MISSOURI,64151,Open,School - Private 6-9 Employees,School - Private,,Operational,"5800 NW 68th Ter
Kansas City, MISSOURI 64151
(39.218949, -94.647469)"
4293,"Boomer's Bar & Grill, Inc.","Boomer's Bar & Grill, Inc.",7932  N. Oak Trfwy.,205,Kansas City,MISSOURI,64118,Open,Restaurant/Deli 10-20 Employees,Restaurant/Deli,,Operational,"7932 N. Oak Trfwy.
Kansas City, MISSOURI 64118
(39.238703, -94.576007)"
2237,Swope Memorial Golf Course # 1,Swope Memorial Golf Course # 1,6900  Swope Memorial Dr,,Kansas City,MISSOURI,64132,Open,Fee Exempt,Fee Exempt,,Operational,"6900 Swope Memorial Dr
Kansas City, MISSOURI 64132
(38.998083, -94.516199)"
101321,Abarrotes Durango (market),Abarrotes Durango (market),6200 E Truman,,Kansas City,MISSOURI,64126,Open,Retail Grocery/Market Under 3000 sq. ft.,Retail Grocery/Market,,Operational,"6200 E Truman
Kansas City, MISSOURI 64126
(39.093881, -94.509931)"
4967,Ameristar Team Dining Room ,Ameristar Team Dining Room ,3200  N Ameristar Dr.,,Kansas City,MISSOURI,64161,Open,Restaurant/Deli 6-9 Employees,Restaurant/Deli,,Operational,"3200 N Ameristar Dr.
Kansas City, MISSOURI 64161
(39.150958, -94.477213)"
12221,Price Chopper # 17 Market,Price Chopper # 17 Market,9550  Blue Ridge Blvd,,Kansas City,MISSOURI,64134,Open,Retail Grocery/Market 40001-60000 sq. ft.,Retail Grocery/Market,,Operational,"9550 Blue Ridge Blvd
Kansas City, MISSOURI 64134
(38.951065, -94.508019)"
25093,Westport Plaza BP,Westport Plaza BP,1015 WEST 43RD ST ,,KANSAS CITY,MISSOURI,64111,Open,Retail Grocery/Market Under 3000 sq. ft.,Retail Grocery/Market,,Operational,"1015 WEST 43RD ST
KANSAS CITY, MISSOURI 64111
(39.049844, -94.599028)"
100725,Three Little Pigs BBQ and Catering,Three Little Pigs BBQ and Catering,2450 Grand,141,Kansas City,MISSOURI,64108,Open,Restaurant/Deli 0-5 Employees,Restaurant/Deli,,Operational,"2450 Grand
Kansas City, MISSOURI 64108
(39.082903, -94.581877)"
100753,Municipal Auditorium - Aramark - Stand #206,Municipal Auditorium - Aramark - Stand #206,301 W. 13th. St. ,Municipal Auditorium,Kansas City,MISSOURI,64105,Open,Restaurant/Deli 0-5 Employees,Restaurant/Deli,,Operational,"301 W. 13th. St.
Kansas City, MISSOURI 64105
(39.0988, -94.58697)"
102161,Aladdin Hotel (Zebra Room),Aladdin Hotel (Zebra Room),1215 Wyandotte St,,Kansas City,MISSOURI,64105,Open,Restaurant/Deli 10-20 Employees,Restaurant/Deli,,Operational,"1215 Wyandotte St
Kansas City, MISSOURI 64105
(39.099448, -94.585594)"
1004,Harold's Drive In,Harold's Drive In,1337 Admiral Blvd,,Kansas City,MISSOURI,64106,Open,Restaurant/Deli 0-5 Employees,Restaurant/Deli,,Operational,"1337 Admiral Blvd
Kansas City, MISSOURI 64106
(39.105335, -94.565183)"
3157,Nashua Elementary School Cafeteria,Nashua Elementary School Cafeteria,11400 N. McGee ,,Kansas City,MISSOURI,64155,Open,Fee Exempt,Fee Exempt,,Operational,"11400 N. McGee
Kansas City, MISSOURI 64155
(39.301023, -94.576753)"
27662,KC Marriott Downtown - Banquet B,KC Marriott Downtown - Banquet B,200  W 12th St,,Kansas City,MISSOURI,64105,Open,Restaurant/Deli 10-20 Employees,Restaurant/Deli,,Operational,"200 W 12th St
Kansas City, MISSOURI 64105
(39.10003, -94.585827)"
101561,Family Dollar Store,Family Dollar Store,4601  E Truman Rd,,Kansas City,MISSOURI,64127,Open,Retail Grocery/Market 3001-30000 sq. ft.,Retail Grocery/Market,,Operational,"4601 E Truman Rd
Kansas City, MISSOURI 64127
(39.094281, -94.528264)"
101755,"Family Dollar Stores, Inc","Family Dollar Stores, Inc",3017 Prospect Ave. ,,Kansas City,MISSOURI,64128,Open,Retail Grocery/Market 3001-30000 sq. ft.,Retail Grocery/Market,,Operational,"3017 Prospect Ave.
Kansas City, MISSOURI 64128
(39.070904, -94.552789)"
24680,AMC Theatres Ward Parkway 14 (Concession Stand),AMC Theatres Ward Parkway 14 (Concession Stand),8600 WARD PARKWAY  ,,KANSAS CITY,MISSOURI,64114,Open,Restaurant/Deli 41-60 Employees,Restaurant/Deli,,Operational,"8600 WARD PARKWAY
KANSAS CITY, MISSOURI 64114
(38.971601, -94.60543)"
2384,Van Brunt Market (retail),Van Brunt Market (retail),2701 Van Brunt  ,,Kansas City,MISSOURI,64128,Open,Retail Grocery/Market Under 3000 sq. ft.,Retail Grocery/Market,,Operational,"2701 Van Brunt
Kansas City, MISSOURI 64128
(39.075928, -94.520283)"
100429,Chipotle Mexican Grill,Chipotle Mexican Grill,8600  N Boardwalk Ave,,Kansas City,MISSOURI,64154,Open,Restaurant/Deli 21-40 Employees,Restaurant/Deli,,Operational,"8600 N Boardwalk Ave
Kansas City, MISSOURI 64154
(39.252553, -94.65258)"
100061,Blue Koi,Blue Koi,1803  W. 39th,,Kansas City,MISSOURI,64111,Open,Restaurant/Deli 10-20 Employees,Restaurant/Deli,,Operational,"1803 W. 39th
Kansas City, MISSOURI 64111
(39.057311, -94.606412)"
100613,US Fuels LLC,US Fuels LLC,3438  Troost,,KANSAS CITY,MISSOURI,64109,Open,Retail Grocery/Market Under 3000 sq. ft.,Retail Grocery/Market,,Operational,"3438 Troost
KANSAS CITY, MISSOURI 64109
(39.063721, -94.571688)"
4628,Gates Bar B Q (3201 Main St.),Gates Bar B Q (3201 Main St.),3201  Main,,Kansas City,MISSOURI,64111,Open,Restaurant/Deli 10-20 Employees,Restaurant/Deli,,Operational,"3201 Main
Kansas City, MISSOURI 64111
(39.069184, -94.585384)"
1874,Fred P. Ott's,Fred P. Ott's,4770 JC Nichols Parkway,,Kansas City,MISSOURI,64112,Open,Restaurant/Deli 10-20 Employees,Restaurant/Deli,,Operational,"4770 JC Nichols Parkway
Kansas City, MISSOURI 64112
(39.040785, -94.588095)"
2998,Plaza Apple Market,Plaza Apple Market,1215 E 47th St.,,Kansas City,MISSOURI,64110,Open,Retail Grocery/Market 3001-30000 sq. ft.,Retail Grocery/Market,,Operational,"1215 E 47th St.
Kansas City, MISSOURI 64110
(39.041632, -94.571589)"
101638,Quik Trip #225 (Market),Quik Trip #225 (Market),1251 NW Barry RD ,,Kansas City,MISSOURI,64155,Open,Retail Grocery/Market 40001-60000 sq. ft.,Retail Grocery/Market,,Operational,"1251 NW Barry RD
Kansas City, MISSOURI 64155
(39.246319, -94.597391)"
101662,Abarrotes Durango (deli),Abarrotes Durango (deli),6200 E. Truman Road ,,Kansas City,MISSOURI,64126,Open,Restaurant/Deli 0-5 Employees,Restaurant/Deli,,Operational,"6200 E. Truman Road
Kansas City, MISSOURI 64126
(39.093881, -94.509931)"
100601,Bartle Hall Stand 302,Bartle Hall Stand 302,301 W. 13th. St. ,,Kansas City,MISSOURI,64105,Open,Restaurant/Deli 6-9 Employees,Restaurant/Deli,,Operational,"301 W. 13th. St.
Kansas City, MISSOURI 64105
(39.0988, -94.58697)"
100463,"Hampton Inn & Suites, Country Club Plaza","Hampton Inn & Suites, Country Club Plaza",4600  Summit,,Kansas City,MISSOURI,64112,Open,Retail Grocery/Market Under 3000 sq. ft.,Retail Grocery/Market,,Operational,"4600 Summit
Kansas City, MISSOURI 64112
(39.043978, -94.596138)"
2120,Westport-Roanoke Community Center,Westport-Roanoke Community Center,3601  Roanoke,,Kansas City,MISSOURI,64111,Open,Fee Exempt,Fee Exempt,,Operational,"3601 Roanoke
Kansas City, MISSOURI 64111
(39.062253, -94.601018)"
101300,Break Time,Break Time,2555 Grand Blvd ,,Kansas City,MISSOURI,64108,Open,Retail Grocery/Market Under 3000 sq. ft.,Retail Grocery/Market,,Operational,"2555 Grand Blvd
Kansas City, MISSOURI 64108
(39.080286, -94.58304)"
100354,Subway,Subway,9928 Holmes,,Kansas City,MISSOURI,64131,Open,Restaurant/Deli 6-9 Employees,Restaurant/Deli,,Operational,"9928 Holmes
Kansas City, MISSOURI 64131
(38.94658, -94.582427)"
12391,Wal-Mart Supercenter #2857 - Bakery,Wal-Mart Supercenter #2857 - Bakery,8551 N Boardwalk Ave,,Kansas City,MISSOURI,64154,Open,Retail Bakery 3001-30000 sq. ft.,Retail Bakery,,Operational,"8551 N Boardwalk Ave
Kansas City, MISSOURI 64154
(39.25218, -94.65531)"
4332,Heart of America Golf Academy Clubhouse,Heart of America Golf Academy Clubhouse,7501  Blue River Rd,,Kansas City,MISSOURI,64132,Open,Restaurant/Deli 0-5 Employees,Restaurant/Deli,,Operational,"7501 Blue River Rd
Kansas City, MISSOURI 64132
(38.987483, -94.528251)"
4956,Governor Stumpy's Grill House,Governor Stumpy's Grill House,321 E. Gregory Blvd,,Kansas City,MISSOURI,64114,Open,Restaurant/Deli 21-40 Employees,Restaurant/Deli,,Operational,"321 E. Gregory Blvd
Kansas City, MISSOURI 64114
(38.999204, -94.585085)"
26821,Red Dragon House Restaurant,Red Dragon House Restaurant,312 W 8th St,,Kansas City,MISSOURI,64105,Open,Restaurant/Deli 6-9 Employees,Restaurant/Deli,,Operational,"312 W 8th St
Kansas City, MISSOURI 64105
(39.10465, -94.587129)"
11310,Minsky's Pizza,Minsky's Pizza,7007 NW Barry Rd. ,,Kansas City,MISSOURI,64153,Open,Restaurant/Deli 41-60 Employees,Restaurant/Deli,,Operational,"7007 NW Barry Rd.
Kansas City, MISSOURI 64153
(39.246833, -94.661117)"
30830,"Chipotle Mexican Grill, Inc.","Chipotle Mexican Grill, Inc.",501-503 W. 75th St.,,Kansas City,MISSOURI,64114,Open,Restaurant/Deli 10-20 Employees,Restaurant/Deli,,Operational,"501-503 W. 75th St.
Kansas City, MISSOURI 64114
(38.992486, -94.595402)"
1975,Westin Crown Center - Pool Bar,Westin Crown Center - Pool Bar,1 Pershing Rd. ,,Kansas City,MISSOURI,64108,Open,Bar/Tavern 0-5 Employees,Bar/Tavern,,Operational,"1 Pershing Rd.
Kansas City, MISSOURI 64108
(39.083995, -94.583523)"
101057,Guerrero Market (Deli),Guerrero Market (Deli),4440  St. John,,Kansas City,MISSOURI,64123,Open,Restaurant/Deli 0-5 Employees,Restaurant/Deli,,Operational,"4440 St. John
Kansas City, MISSOURI 64123
(39.11279, -94.528949)"
100741,Abuelo's Mexican Food Embassy,Abuelo's Mexican Food Embassy,8541 NW Prairie View Rd ,,Kansas City,MISSOURI,64153,Open,Restaurant/Deli 81-90 Employees,Restaurant/Deli,,Operational,"8541 NW Prairie View Rd
Kansas City, MISSOURI 64153
(39.249759, -94.661113)"
11580,L.C.'S   B B Q,L.C.'S   B B Q,5800  BLUE PKWY,,KANSAS CITY ,MISSOURI,64129,Open,Restaurant/Deli 6-9 Employees,Restaurant/Deli,,,"5800 BLUE PKWY
KANSAS CITY, MISSOURI 64129
(39.034626, -94.517479)"
2585,WALGREEN #4235,WALGREEN #4235,7500 WORNALL RD ,,KANSAS CITY,MISSOURI,64114,Open,Retail Grocery/Market 3001-30000 sq. ft.,Retail Grocery/Market,,Operational,"7500 WORNALL RD
KANSAS CITY, MISSOURI 64114
(38.991872, -94.5943)"
1793,DAVEY'S UPTOWN RAMBLERS CLUB,DAVEY'S UPTOWN RAMBLERS CLUB,3402 MAIN ST ,,KANSAS City,MISSOURI,64111,Open,Bar/Tavern 0-5 Employees,Bar/Tavern,,Operational,"3402 MAIN ST
KANSAS City, MISSOURI 64111
(39.065477, -94.585586)"
4343,Chiquito Pueblito,Chiquito Pueblito,6200 ST JOHN ,,KANSAS CITY,MISSOURI,64123,Open,Restaurant/Deli 0-5 Employees,Restaurant/Deli,,Operational,"6200 ST JOHN
KANSAS CITY, MISSOURI 64123
(39.112085, -94.508449)"
2122,AMC Barrywoods 24 Theatres-Concession A,AMC Barrywoods 24 Theatres-Concession A,8101 NW Roanridge Rd,,Kansas City,MISSOURI,64151,Open,Restaurant/Deli 41-60 Employees,Restaurant/Deli,,Operational,"8101 NW Roanridge Rd
Kansas City, MISSOURI 64151
(39.243215, -94.657408)"
101558,Church's Chicken,Church's Chicken,2600  E Gregory,,Kansas City,MISSOURI,64132,Open,Restaurant/Deli 6-9 Employees,Restaurant/Deli,,Operational,"2600 E Gregory
Kansas City, MISSOURI 64132
(38.998058, -94.556496)"
101097,Chipotle Mexican Grill,Chipotle Mexican Grill,4851  Main Street,,Kansas City,MISSOURI,64112,Open,Restaurant/Deli 21-40 Employees,Restaurant/Deli,,Operational,"4851 Main Street
Kansas City, MISSOURI 64112
(39.038956, -94.587134)"
15571,Lipari Sunfresh Market,Lipari Sunfresh Market,11212  Holmes Rd,,Kansas City,MISSOURI,64131,Open,Retail Grocery/Market 30001-40000 sq. ft.,Retail Grocery/Market,,Operational,"11212 Holmes Rd
Kansas City, MISSOURI 64131
(38.923945, -94.583509)"
2996,Classic Cup Sidewalk Cafe,Classic Cup Sidewalk Cafe,301 W 47th St.,,Kansas City,MISSOURI,64112,Open,Restaurant/Deli 41-60 Employees,Restaurant/Deli,http://www.classiccup.com,Operational,"301 W 47th St.
Kansas City, MISSOURI 64112
(39.04223, -94.591019)"
29400,STARBUCKS COFFEE #2490,STARBUCKS COFFEE #2490,1701 W. 39TH ST. ,,KANSAS CITY,MISSOURI,64111,Open,Restaurant/Deli 10-20 Employees,Restaurant/Deli,,Operational,"1701 W. 39TH ST.
KANSAS CITY, MISSOURI 64111
(39.057273, -94.605365)"
1533,St. Mary's Episcopal Church,St. Mary's Episcopal Church,1307 Holmes St,,Kansas City,MISSOURI,64106,Open,Restaurant/Deli 0-5 Employees,Restaurant/Deli,,Operational,"1307 Holmes St
Kansas City, MISSOURI 64106
(39.097742, -94.575152)"
3092,McGonigle's Food Store (market),McGonigle's Food Store (market),1307 W. 79TH ST. ,,KANSAS CITY,MISSOURI,64114,Open,Retail Grocery/Market 3001-30000 sq. ft.,Retail Grocery/Market,,Operational,"1307 W. 79TH ST.
KANSAS CITY, MISSOURI 64114
(38.985531, -94.605684)"
102050,Pour Boy Oil Company (retail),Pour Boy Oil Company (retail),4225 N Oak Trfwy,,Kansas City,MISSOURI,64116,Open,Retail Grocery/Market Under 3000 sq. ft.,Retail Grocery/Market,,Operational,"4225 N Oak Trfwy
Kansas City, MISSOURI 64116
(39.171155, -94.576747)"
2548,Worlds of Fun Auntie Annes,Worlds of Fun Auntie Annes,4545 WORLDS OF FUN AVE,,KANSAS CITY,MISSOURI,64161,Open,Restaurant/Deli 0-5 Employees,Restaurant/Deli,http://www.worldsoffun.com,Operational,"4545 WORLDS OF FUN AVE
KANSAS CITY, MISSOURI 64161
(39.174532, -94.492423)"
2198,Carriage Club,Carriage Club,5301 State Line,,Kansas City,MISSOURI,64112,Open,Restaurant/Deli 21-40 Employees,Restaurant/Deli,,Operational,"5301 State Line
Kansas City, MISSOURI 64112
(39.032138, -94.607526)"
100077,BENILDE HALL PROGRAM ,BENILDE HALL PROGRAM ,3220 E. 23RD ST.  ,,KANSAS CITY ,MISSOURI,64127,Open,Restaurant/Deli 0-5 Employees,Restaurant/Deli,,Operational,"3220 E. 23RD ST.
KANSAS CITY, MISSOURI 64127
(39.084334, -94.545405)"
101517,Hy-Vee Gas #2 (market),Hy-Vee Gas #2 (market),207  N.E. Englewood Road,,Kansas City,MISSOURI,64118,Open,Retail Grocery/Market Under 3000 sq. ft.,Retail Grocery/Market,,Operational,"207 N.E. Englewood Road
Kansas City, MISSOURI 64118
(39.195994, -94.57985)"
12871,Broadway Cafe,Broadway Cafe,4106  Broadway,,Kansas City,MISSOURI,64111,Open,Restaurant/Deli 10-20 Employees,Restaurant/Deli,,Operational,"4106 Broadway
Kansas City, MISSOURI 64111
(39.052985, -94.590293)"
101168,Bartle Hall Stand 389,Bartle Hall Stand 389,301 W. 13th ,,Kansas City,MISSOURI,64105,Open,Restaurant/Deli 6-9 Employees,Restaurant/Deli,,Operational,"301 W. 13th
Kansas City, MISSOURI 64105
(39.0988, -94.58697)"
100897,Carniceria El Torito (Retail),Carniceria El Torito (Retail),4901 St. John ,,Kansas City,MISSOURI,64123,Open,Retail Grocery/Market Under 3000 sq. ft.,Retail Grocery/Market,,Operational,"4901 St. John
Kansas City, MISSOURI 64123
(39.112636, -94.524354)"
100905,Worlds of Fun Pagoda Soda,Worlds of Fun Pagoda Soda,4545  Worlds Of Fun Drive ,,Kansas City,MISSOURI,64161,Open,Restaurant/Deli 0-5 Employees,Restaurant/Deli,http://www.worldsoffun.com,Operational,"4545 Worlds Of Fun Drive
Kansas City, MISSOURI 64161
(39.174532, -94.492423)"
101495,Aramark at GSA,Aramark at GSA,601 E 12th St,,Kansas City,MISSOURI,64106,Open,Restaurant/Deli 10-20 Employees,Restaurant/Deli,,Operational,"601 E 12th St
Kansas City, MISSOURI 64106
(39.099679, -94.576089)"
1637,Chouteau School Cafeteria,Chouteau School Cafeteria,3701  N Jackson,,Kansas City,MISSOURI,64117,Open,Fee Exempt,Fee Exempt,,Operational,"3701 N Jackson
Kansas City, MISSOURI 64117
(39.159864, -94.530522)"
1713,Sheraton Kansas City - Employee Cafeteria,Sheraton Kansas City - Employee Cafeteria,2345 McGee,,Kansas City,MISSOURI,64108,Open,Restaurant/Deli 0-5 Employees,Restaurant/Deli,,Operational,"2345 McGee
Kansas City, MISSOURI 64108
(39.084743, -94.58049)"
100583,Bartle Hall - Aramark - Stand 370,Bartle Hall - Aramark - Stand 370,301 W. 13th. St. ,,Kansas City,MISSOURI,64105,Open,Restaurant/Deli 6-9 Employees,Restaurant/Deli,,Operational,"301 W. 13th. St.
Kansas City, MISSOURI 64105
(39.0988, -94.58697)"
4186,ALDI #78,ALDI #78,6415  Troost,,Kansas City,MISSOURI,64131,Open,Retail Grocery/Market 3001-30000 sq. ft.,Retail Grocery/Market,,Operational,"6415 Troost
Kansas City, MISSOURI 64131
(39.010548, -94.574692)"
2621,POKE-A-DOT LOUNGE,POKE-A-DOT LOUNGE,8934 WORNALL RD. ,,KANSAS CITY,MISSOURI,64114,Open,Bar/Tavern 0-5 Employees,Bar/Tavern,,Operational,"8934 WORNALL RD.
KANSAS CITY, MISSOURI 64114
(38.965873, -94.595475)"
2549,Worlds of Fun G'Rilla Grill,Worlds of Fun G'Rilla Grill,4545 WORLDS OF FUN AVE ,,KANSAS CITY,MISSOURI,64161,Open,Restaurant/Deli 6-9 Employees,Restaurant/Deli,,Operational,"4545 WORLDS OF FUN AVE
KANSAS CITY, MISSOURI 64161
(39.174532, -94.492423)"
17223,Hien Vuong Restaurant,Hien Vuong Restaurant,417 Main St,,Kansas City,MISSOURI,64105,Open,Restaurant/Deli 0-5 Employees,Restaurant/Deli,,Operational,"417 Main St
Kansas City, MISSOURI 64105
(39.109391, -94.583138)"
4875,MARSH'S SUNFRESH (Deli/Salad Bar/Sushi Bar),MARSH'S SUNFRESH (Deli/Salad Bar/Sushi Bar),4001 MILL ST. ,,KANSAS CITY,MISSOURI,64111,Open,Restaurant/Deli 21-40 Employees,Restaurant/Deli,,,"4001 MILL ST.
KANSAS CITY, MISSOURI 64111
(39.053557, -94.594557)"
1451,Milano - Crown Ctr Restaurants by Sheraton,Milano - Crown Ctr Restaurants by Sheraton,2450 Grand,130,Kansas City,MISSOURI,64108,Open,Restaurant/Deli 10-20 Employees,Restaurant/Deli,,Operational,"2450 Grand
Kansas City, MISSOURI 64108
(39.082903, -94.581877)"
1333,Topsy's,Topsy's,4706 Central,,Kansas City,MISSOURI,64112,Open,Restaurant/Deli 0-5 Employees,Restaurant/Deli,,Operational,"4706 Central
Kansas City, MISSOURI 64112
(39.041914, -94.590566)"
4516,Blue Bird Bistro,Blue Bird Bistro,1700  Summit,,Kansas City,MISSOURI,64108,Open,Restaurant/Deli 10-20 Employees,Restaurant/Deli,,Operational,"1700 Summit
Kansas City, MISSOURI 64108
(39.092934, -94.593374)"
101690,Hiway House,Hiway House,4071 NE Prather Rd,,Kansas City,MISSOURI,64116,Open,Restaurant/Deli 0-5 Employees,Restaurant/Deli,,Operational,"4071 NE Prather Rd
Kansas City, MISSOURI 64116
(39.168922, -94.55012)"
101416,Harry's Tavern,Harry's Tavern,13657 Washington ,,Kansas City,MISSOURI,64145,Open,Restaurant/Deli 0-5 Employees,Restaurant/Deli,,Operational,"13657 Washington
Kansas City, MISSOURI 64145
(38.883073, -94.60078)"
100038,Ruskin High School Inside Concession,Ruskin High School Inside Concession,7000  E 111th ST,,Kansas City,MISSOURI,64134,Open,Fee Exempt,Fee Exempt,,Operational,"7000 E 111th ST
Kansas City, MISSOURI 64134
(38.92251, -94.508143)"
2386,MCDONALD'S #5692,MCDONALD'S #5692,3051 VAN BRUNT Ave,,KANSAS CITY,MISSOURI,64128,Open,Restaurant/Deli 41-60 Employees,Restaurant/Deli,,Operational,"3051 VAN BRUNT Ave
KANSAS CITY, MISSOURI 64128
(39.069509, -94.520596)"
101186,Truman Medical Center-Coffee Shop,Truman Medical Center-Coffee Shop,7900 Lee Summit Road ,,Kansas City,MISSOURI,64139,Open,Retail Grocery/Market Under 3000 sq. ft.,Retail Grocery/Market,,Operational,"7900 Lee Summit Road
Kansas City, MISSOURI 64139
(38.973566, -94.39046)"
100863,Embassy Suites - Cattleman's Grill,Embassy Suites - Cattleman's Grill,220 W 43rd Street ,,Kansas City,MISSOURI,64111,Open,Restaurant/Deli 10-20 Employees,Restaurant/Deli,,Operational,"220 W 43rd Street
Kansas City, MISSOURI 64111
(39.049372, -94.588348)"
102034,CVS/Pharmacy,CVS/Pharmacy,4531 Troost Ave.,,Kansas City,MISSOURI,64110,Open,Retail Grocery/Market 3001-30000 sq. ft.,Retail Grocery/Market,,Operational,"4531 Troost Ave.
Kansas City, MISSOURI 64110
(39.044074, -94.572816)"
101629,Forney's Comfort Catering,Forney's Comfort Catering,5021 NE 59th Terr ,,Kansas City,MISSOURI,64119,Open,Restaurant/Deli 0-5 Employees,Restaurant/Deli,,Operational,"5021 NE 59th Terr
Kansas City, MISSOURI 64119
(39.201662, -94.52006)"
19411,Oceans Of Fun Beach Bites,Oceans Of Fun Beach Bites,8200 NE PARVIN RD ,,KANSAS CITY,MISSOURI,64161,Open,Restaurant/Deli 6-9 Employees,Restaurant/Deli,http://www.worldsoffun.com,Operational,"8200 NE PARVIN RD
KANSAS CITY, MISSOURI 64161
(39.168338, -94.482474)"
4999,Ameristar Horizons Buffet/Mama Mia's,Ameristar Horizons Buffet/Mama Mia's,3200  N Ameristar Dr.,,KANSAS CITY ,MISSOURI,64161,Open,Restaurant/Deli 6-9 Employees,Restaurant/Deli,,Operational,"3200 N Ameristar Dr.
KANSAS CITY, MISSOURI 64161
(39.150958, -94.477213)"
100412,Subway,Subway,8564 N. Church Rd.,,Kansas City,MISSOURI,64157,Open,Restaurant/Deli 6-9 Employees,Restaurant/Deli,,Operational,"8564 N. Church Rd.
Kansas City, MISSOURI 64157
(39.245975, -94.460728)"
4985,Ameristar Circle King Service Bar,Ameristar Circle King Service Bar,3200   N Ameristar Dr,,KANSAS CITY,MISSOURI,64161,Open,Bar/Tavern 0-5 Employees,Bar/Tavern,,Operational,"3200 N Ameristar Dr
KANSAS CITY, MISSOURI 64161
(39.150958, -94.477213)"
101032,Prairie View Phillips,Prairie View Phillips,5910 NW Prairie View Rd,,Kansas City,MISSOURI,64151,Open,Retail Grocery/Market Under 3000 sq. ft.,Retail Grocery/Market,,Operational,"5910 NW Prairie View Rd
Kansas City, MISSOURI 64151
(39.202773, -94.630907)"
21681,La Posada Market,La Posada Market,722 Southwest Blvd.,,Kansas City,MISSOURI,64108,Open,Retail Grocery/Market Under 3000 sq. ft.,Retail Grocery/Market,,Operational,"722 Southwest Blvd.
Kansas City, MISSOURI 64108
(39.085012, -94.593332)"
4635,Ameristar Casino/Main Kitchen,Ameristar Casino/Main Kitchen,3200  N Ameristar Dr.  ,,KANSAS CITY,MISSOURI,64161,Open,Restaurant/Deli 21-40 Employees,Restaurant/Deli,,Operational,"3200 N Ameristar Dr.
KANSAS CITY, MISSOURI 64161
(39.150958, -94.477213)"
101345,Hope Center,Hope Center,2800 E Linwood Blvd,,Kansas City,MISSOURI,64128,Open,Restaurant/Deli 0-5 Employees,Restaurant/Deli,,Operational,"2800 E Linwood Blvd
Kansas City, MISSOURI 64128
(39.067955, -94.550103)"
26170,7-ELEVEN STORE#29066,7-ELEVEN STORE#29066,8901 WORNALL ,,KANSAS CITY,MISSOURI,64114,Open,Retail Grocery/Market Under 3000 sq. ft.,Retail Grocery/Market,,Operational,"8901 WORNALL
KANSAS CITY, MISSOURI 64114
(38.966634, -94.595439)"
100168,Troost Market Retail,Troost Market Retail,8001 Troost Ave ,,Kansas City,MISSOURI,64131,Open,Retail Grocery/Market Under 3000 sq. ft.,Retail Grocery/Market,,Operational,"8001 Troost Ave
Kansas City, MISSOURI 64131
(38.982971, -94.576083)"
2881,Kitty's,Kitty's,810 E 31st St.,,Kansas City,MISSOURI,64109,Open,Restaurant/Deli 0-5 Employees,Restaurant/Deli,,Operational,"810 E 31st St.
Kansas City, MISSOURI 64109
(39.070636, -94.574734)"
100006,Price Chopper Starbucks,Price Chopper Starbucks,4820 N. OAK TFWY  ,,KANSAS CITY,MISSOURI,64118,Open,Restaurant/Deli 6-9 Employees,Restaurant/Deli,,Operational,"4820 N. OAK TFWY
KANSAS CITY, MISSOURI 64118
(39.18188, -94.57665)"
2554,Worlds of Fun Norma's Funnel Cake,Worlds of Fun Norma's Funnel Cake,4545 WORLDS OF FUN AVE ,,KANSAS CITY,MISSOURI,64161,Open,Restaurant/Deli 0-5 Employees,Restaurant/Deli,,Operational,"4545 WORLDS OF FUN AVE
KANSAS CITY, MISSOURI 64161
(39.174532, -94.492423)"
101730,Treat America @ Off Broadway,Treat America @ Off Broadway,330 W 9th St,,Kansas City,MISSOURI,64105,Open,Restaurant/Deli 6-9 Employees,Restaurant/Deli,,Operational,"330 W 9th St
Kansas City, MISSOURI 64105
(39.103735, -94.587827)"
1270,Uptown Theatre,Uptown Theatre,3700 BROADWAY ,,KANSAS CITY,MISSOURI,64111,Open,Restaurant/Deli 6-9 Employees,Restaurant/Deli,,Operational,"3700 BROADWAY
KANSAS CITY, MISSOURI 64111
(39.06095, -94.590523)"
4182,LINWOOD CHINESE EXPRESS,LINWOOD CHINESE EXPRESS,3134 PROSPECT ,,KANSAS CITY,MISSOURI,64128,Open,Restaurant/Deli 6-9 Employees,Restaurant/Deli,,Operational,"3134 PROSPECT
KANSAS CITY, MISSOURI 64128
(39.068384, -94.552922)"
30560,Price Chopper (Bakery),Price Chopper (Bakery),8700 E. 63RD ST.  ,,KANSAS CITY,MISSOURI,64133,Open,Restaurant/Deli 6-9 Employees,Restaurant/Deli,,Operational,"8700 E. 63RD ST.
KANSAS CITY, MISSOURI 64133
(39.009631, -94.482949)"
101591,Grandma's Office Catering,Grandma's Office Catering,4001 NE Davidson Rd,,Kansas City,MISSOURI,64116,Open,Restaurant/Deli 21-40 Employees,Restaurant/Deli,http://grandmascatering.com,Operational,"4001 NE Davidson Rd
Kansas City, MISSOURI 64116
(39.167648, -94.562456)"
4480,Worlds of Fun Cinnabon,Worlds of Fun Cinnabon,4545 Worlds of Fun Ave,,Kansas City,MISSOURI,64161,Open,Restaurant/Deli 0-5 Employees,Restaurant/Deli,http://www.worldsoffun.com,Operational,"4545 Worlds of Fun Ave
Kansas City, MISSOURI 64161
(39.174532, -94.492423)"
12971,Waldo Pizza,Waldo Pizza,7433 BROADWAY ,,KANSAS CITY,MISSOURI,64114,Open,Restaurant/Deli 91-100 Employees,Restaurant/Deli,,Operational,"7433 BROADWAY
KANSAS CITY, MISSOURI 64114
(38.992956, -94.593813)"
100370,Burger King@Ameristar Casino,Burger King@Ameristar Casino,3200  N Ameristar Drive,,Kansas City,MISSOURI,64161,Open,Restaurant/Deli 10-20 Employees,Restaurant/Deli,,Operational,"3200 N Ameristar Drive
Kansas City, MISSOURI 64161
(39.150958, -94.477213)"
101180,Spring China,Spring China,6821 Longview,,Kansas city,MISSOURI,64134,Open,Restaurant/Deli 0-5 Employees,Restaurant/Deli,,Operational,"6821 Longview
Kansas city, MISSOURI 64134
(38.915345, -94.511597)"
1300,GATES BAR B Q,GATES BAR B Q,1221 BROOKLYN ,,KANSAS CITY,MISSOURI,64127,Open,Restaurant/Deli 21-40 Employees,Restaurant/Deli,,Operational,"1221 BROOKLYN
KANSAS CITY, MISSOURI 64127
(39.09843, -94.556054)"
2298,"Go Chicken Go, Inc.","Go Chicken Go, Inc.",5101 Troost,,Kansas City,MISSOURI,64110,Open,Restaurant/Deli 10-20 Employees,Restaurant/Deli,,Operational,"5101 Troost
Kansas City, MISSOURI 64110
(39.034285, -94.573365)"
101028,Dollar General,Dollar General,8716 Blue Ridge Blvd.,,Kansas City,MISSOURI,64138,Open,Retail Grocery/Market 3001-30000 sq. ft.,Retail Grocery/Market,,Operational,"8716 Blue Ridge Blvd.
Kansas City, MISSOURI 64138
(38.965226, -94.49972)"
1911,Calvary Lutheran School (Oak Campus),Calvary Lutheran School (Oak Campus),7500 OAK ST ,,KANSAS CITY,MISSOURI,64114,Open,School - Private 0-5 Employees,School - Private,,Operational,"7500 OAK ST
KANSAS CITY, MISSOURI 64114
(38.991732, -94.584924)"
2165,Manny's,Manny's,207  SW Blvd,,Kansas City,MISSOURI,64108,Open,Restaurant/Deli 71-80 Employees,Restaurant/Deli,,Operational,"207 SW Blvd
Kansas City, MISSOURI 64108
(39.089244, -94.586687)"
100437,Godfather's Pizza,Godfather's Pizza,5402 NE Antioch,,Kansas City,MISSOURI,64119,Open,Restaurant/Deli 10-20 Employees,Restaurant/Deli,,Operational,"5402 NE Antioch
Kansas City, MISSOURI 64119
(39.192476, -94.54871)"
14941,JUBILEE SUPER MARKET (Deli),JUBILEE SUPER MARKET (Deli),2410 HARDESTY  ,,KANSAS CITY ,MISSOURI,64127,Open,Restaurant/Deli 0-5 Employees,Restaurant/Deli,,Operational,"2410 HARDESTY
KANSAS CITY, MISSOURI 64127
(39.080846, -94.520031)"
100569,Municipal Auditorium - Aramark - Music Hall Theatre Bar,Municipal Auditorium - Aramark - Music Hall Theatre Bar,301 W. 13th. St. ,,Kansas City,MISSOURI,64105,Open,Bar/Tavern 0-5 Employees,Bar/Tavern,,Operational,"301 W. 13th. St.
Kansas City, MISSOURI 64105
(39.0988, -94.58697)"
1138,American Legion Post #61,American Legion Post #61,5125 N. Bellaire Ave.,,Kansas City,MISSOURI,64119,Open,Restaurant/Deli 0-5 Employees,Restaurant/Deli,,Operational,"5125 N. Bellaire Ave.
Kansas City, MISSOURI 64119
(39.186877, -94.510165)"
29704,Saint Patrick School,Saint Patrick School,1401 NE 42nd Terr,,Kansas City,MISSOURI,64116,Open,School - Private 0-5 Employees,School - Private,,Operational,"1401 NE 42nd Terr
Kansas City, MISSOURI 64116
(39.171973, -94.561918)"
2839,NILES HOME FOR CHILDREN,NILES HOME FOR CHILDREN,1911 E 23RD ST ,,KANSAS CITY,MISSOURI,64127,Open,Restaurant/Deli 41-60 Employees,Restaurant/Deli,http://www.nhc-kc.org,Operational,"1911 E 23RD ST
KANSAS CITY, MISSOURI 64127
(39.084552, -94.558333)"
17220,Katie's Kitchen L.L.C. #1,Katie's Kitchen L.L.C. #1,4600 Madison,108,Kansas City,MISSOURI,64112,Open,Restaurant/Deli 0-5 Employees,Restaurant/Deli,,Operational,"4600 Madison
Kansas City, MISSOURI 64112
(39.044231, -94.597285)"
2959,Chrome,Chrome,7400 E 40 HWY,,KANSAS CITY,MISSOURI,64129,Open,Bar/Tavern 10-20 Employees,Bar/Tavern,,Operational,"7400 E 40 HWY
KANSAS CITY, MISSOURI 64129
(39.066447, -94.496319)"
106110,Point,Point,917  W. 44th,,Kansas City,MISSOURI,64111,Open,Restaurant/Deli 21-40 Employees,Restaurant/Deli,,Operational,"917 W. 44th
Kansas City, MISSOURI 64111
(39.048025, -94.597912)"
1970,Plaza III,Plaza III,4749 Pennsylvania,,Kansas City,MISSOURI,64112,Open,Restaurant/Deli 41-60 Employees,Restaurant/Deli,http://www.plazaiiikcsteakhouse.com,Operational,"4749 Pennsylvania
Kansas City, MISSOURI 64112
(39.040574, -94.593792)"
1977,Westin Crown Center - The Brasserie,Westin Crown Center - The Brasserie,1 Pershing Rd. ,,Kansas City,MISSOURI,64108,Open,Restaurant/Deli 21-40 Employees,Restaurant/Deli,,Operational,"1 Pershing Rd.
Kansas City, MISSOURI 64108
(39.083995, -94.583523)"
2381,CHURCH'S FRIED CHICKEN #152,CHURCH'S FRIED CHICKEN #152,2401 VAN BRUNT ,,KANSAS CITY,MISSOURI,64127,Open,Restaurant/Deli 10-20 Employees,Restaurant/Deli,,Operational,"2401 VAN BRUNT
KANSAS CITY, MISSOURI 64127
(39.081255, -94.521176)"
100978,Snyder's Super Market #605,Snyder's Super Market #605,2620 Independence Ave,,Kansas City,MISSOURI,64124,Open,Retail Grocery/Market 3001-30000 sq. ft.,Retail Grocery/Market,,Operational,"2620 Independence Ave
Kansas City, MISSOURI 64124
(39.106255, -94.54972)"
13341,Tremont Hen House - Bakery,Tremont Hen House - Bakery,6238 N Chatham Ave,,Kansas City,MISSOURI,64151,Open,Restaurant/Deli 6-9 Employees,Restaurant/Deli,,Operational,"6238 N Chatham Ave
Kansas City, MISSOURI 64151
(39.209233, -94.643211)"
4295,Paul's Liquor & Groceries,Paul's Liquor & Groceries,5506 Paseo,,Kansas City,MISSOURI,64110,Open,Restaurant/Deli 0-5 Employees,Restaurant/Deli,,Operational,"5506 Paseo
Kansas City, MISSOURI 64110
(39.026592, -94.568003)"
30060,Granfalloon Bar & Grill,Granfalloon Bar & Grill,608 Ward Parkway,,Kansas City,MISSOURI,64112,Open,Restaurant/Deli 21-40 Employees,Restaurant/Deli,http://thegranfalloon.com,Operational,"608 Ward Parkway
Kansas City, MISSOURI 64112
(39.039951, -94.594823)"
1261,Treat America @ KC Life Insurance Company,Treat America @ KC Life Insurance Company,3520 BROADWAY ,,KANSAS CITY,MISSOURI,64111,Open,Restaurant/Deli 10-20 Employees,Restaurant/Deli,,Operational,"3520 BROADWAY
KANSAS CITY, MISSOURI 64111
(39.063736, -94.590352)"
100419,7-Eleven Store No 18711,7-Eleven Store No 18711,2636 Van Brunt Blvd.   ,,Kansas City,MISSOURI,64127,Open,Retail Grocery/Market Under 3000 sq. ft.,Retail Grocery/Market,,Operational,"2636 Van Brunt Blvd.
Kansas City, MISSOURI 64127
(39.076325, -94.520544)"
101822,Save-A-Lot,Save-A-Lot,3410  Troost,,Kansas City,MISSOURI,64109,Open,Retail Grocery/Market 3001-30000 sq. ft.,Retail Grocery/Market,,Operational,"3410 Troost
Kansas City, MISSOURI 64109
(39.064226, -94.571658)"
1638,St John Francis Regis Catholic School,St John Francis Regis Catholic School,8941  James A Reed Rd,,Kansas City,MISSOURI,64138,Open,School - Private 0-5 Employees,School - Private,,Operational,"8941 James A Reed Rd
Kansas City, MISSOURI 64138
(38.961507, -94.493586)"
14331,Treat America @ UMB Guest Dining Room,Treat America @ UMB Guest Dining Room,1010 Grand Ave,,Kansas City,MISSOURI,64106,Open,Restaurant/Deli 6-9 Employees,Restaurant/Deli,,Operational,"1010 Grand Ave
Kansas City, MISSOURI 64106
(39.10171, -94.580793)"
19820,Pierpont's at Union Station,Pierpont's at Union Station,30 W Pershing Suite #900 ,,Kansas City,MISSOURI,64108,Open,Restaurant/Deli 41-60 Employees,Restaurant/Deli,,Operational,"30 W Pershing Suite #900
Kansas City, MISSOURI 64108
(39.084068, -94.584514)"
1373,CLAUDE B. CHAMPION VFW CLUB #1829,CLAUDE B. CHAMPION VFW CLUB #1829,5904 CRYSTAL ,,KANSAS CITY,MISSOURI,64129,Open,Restaurant/Deli 0-5 Employees,Restaurant/Deli,,Operational,"5904 CRYSTAL
KANSAS CITY, MISSOURI 64129
(39.016774, -94.503053)"
2248,Country View Market,Country View Market,5802 Swope Parkway,,Kansas City,MISSOURI,64130,Open,Retail Grocery/Market 3001-30000 sq. ft.,Retail Grocery/Market,,Operational,"5802 Swope Parkway
Kansas City, MISSOURI 64130
(39.020785, -94.541789)"
14052,Isle of Capri - Tradewinds Marketplace,Isle of Capri - Tradewinds Marketplace,1800  East Front Street,(1st Floor),Kansas City,MISSOURI,64120,Open,Restaurant/Deli 10-20 Employees,Restaurant/Deli,,Operational,"1800 East Front Street
Kansas City, MISSOURI 64120
(39.120302, -94.562031)"
2342,Clardy Elementary School Cafeteria,Clardy Elementary School Cafeteria,8100 N. Troost ,,Kansas City,MISSOURI,64118,Open,Fee Exempt,Fee Exempt,,Operational,"8100 N. Troost
Kansas City, MISSOURI 64118
(39.242067, -94.566731)"
101193,Blue Nile Cafe,Blue Nile Cafe,20 E 5th St,,Kansas City,MISSOURI,64106,Open,Restaurant/Deli 0-5 Employees,Restaurant/Deli,,Operational,"20 E 5th St
Kansas City, MISSOURI 64106
(39.108645, -94.581167)"
2531,QUIK TRIP # 207 (FOOD),QUIK TRIP # 207 (FOOD),8501  WINNER RD.,,KANSAS CITY,MISSOURI,64125,Open,Restaurant/Deli 10-20 Employees,Restaurant/Deli,http://www.quiktrip.com,Operational,"8501 WINNER RD.
KANSAS CITY, MISSOURI 64125
(39.107078, -94.482453)"
101752,You Say Tomato (Deli),You Say Tomato (Deli),2801  Holmes,,Kansas City,MISSOURI,64109,Open,Restaurant/Deli 10-20 Employees,Restaurant/Deli,http://ystkc.com,Operational,"2801 Holmes
Kansas City, MISSOURI 64109
(39.075322, -94.576323)"
100571,Worlds of Fun Swedish Sipping Chalet,Worlds of Fun Swedish Sipping Chalet,4545 Worlds of Fun ,,Kansas City,MISSOURI,64161,Open,Restaurant/Deli 0-5 Employees,Restaurant/Deli,,Operational,"4545 Worlds of Fun
Kansas City, MISSOURI 64161
(39.174532, -94.492423)"
1721,Crown Room,Crown Room,2501  McGee,,Kansas City,MISSOURI,64108,Open,Restaurant/Deli 41-60 Employees,Restaurant/Deli,,Operational,"2501 McGee
Kansas City, MISSOURI 64108
(39.080636, -94.580822)"
4238,Sonic Drive-In,Sonic Drive-In,5105 NE Vivion Rd.,,Kansas City,MISSOURI,64119,Open,Restaurant/Deli 21-40 Employees,Restaurant/Deli,,Operational,"5105 NE Vivion Rd.
Kansas City, MISSOURI 64119
(39.188027, -94.518089)"
100138,La Salsa Mexican Restaurant,La Salsa Mexican Restaurant,2021  Truman Rd,,Kansas City,MISSOURI,64127,Open,Restaurant/Deli 0-5 Employees,Restaurant/Deli,,Operational,"2021 Truman Rd
Kansas City, MISSOURI 64127
(39.094939, -94.557811)"
25990,GILLIS CENTER,GILLIS CENTER,8150 WORNALL ROAD ,,KANSAS CITY,MISSOURI,64114,Open,Restaurant/Deli 0-5 Employees,Restaurant/Deli,,Operational,"8150 WORNALL ROAD
KANSAS CITY, MISSOURI 64114
(38.97995, -94.594806)"
2495,MARIO'S DELICATESSEN,MARIO'S DELICATESSEN,204 WESTPORT RD ,,KANSAS CITY,MISSOURI,64111,Open,Restaurant/Deli 0-5 Employees,Restaurant/Deli,,Operational,"204 WESTPORT RD
KANSAS CITY, MISSOURI 64111
(39.054104, -94.588842)"
19061,Sam's Club #8207 (Market),Sam's Club #8207 (Market),5110 N. Oak Trfwy. ,,Kansas City,MISSOURI,64118,Open,Retail Grocery/Market 60001-80000 sq. ft.,Retail Grocery/Market,,Operational,"5110 N. Oak Trfwy.
Kansas City, MISSOURI 64118
(39.18659, -94.576594)"
101012,Kaldi's Coffee,Kaldi's Coffee,4771 Jefferson Street ,,Kansas City,MISSOURI,64112,Open,Restaurant/Deli 10-20 Employees,Restaurant/Deli,http://kaldiscoffee.com,Operational,"4771 Jefferson Street
Kansas City, MISSOURI 64112
(39.041318, -94.59482)"
101302,Lamar's Donuts Store at Midtown,Lamar's Donuts Store at Midtown,3355 Main Street ,,Kansas City,MISSOURI,64111,Open,Retail Bakery Under 3000 sq. ft.,Retail Bakery,,Operational,"3355 Main Street
Kansas City, MISSOURI 64111
(39.066151, -94.585542)"
3130,Coach's,Coach's,414 W. 103RD ST. ,,KANSAS CITY,MISSOURI,64114,Open,Restaurant/Deli 21-40 Employees,Restaurant/Deli,,Operational,"414 W. 103RD ST.
KANSAS CITY, MISSOURI 64114
(38.94162, -94.59791)"
101160,The Levee (Restaurant),The Levee (Restaurant),16 W. 43rd Street ,,Kansas City,MISSOURI,64111,Open,Restaurant/Deli 0-5 Employees,Restaurant/Deli,,Operational,"16 W. 43rd Street
Kansas City, MISSOURI 64111
(39.049351, -94.587138)"
2199,Carriage Club Coach House,Carriage Club Coach House,5301 State Line,,Kansas City,MISSOURI,64112,Open,Restaurant/Deli 10-20 Employees,Restaurant/Deli,,Operational,"5301 State Line
Kansas City, MISSOURI 64112
(39.032138, -94.607526)"
100309,Target,Target,8509 State Line Rd.  ,,Kansas City,MISSOURI,64114,Open,Retail Grocery/Market 3001-30000 sq. ft.,Retail Grocery/Market,,Operational,"8509 State Line Rd.
Kansas City, MISSOURI 64114
(38.974513, -94.608186)"
27883,OLIVERS RESTAURANT & LOUNGE,OLIVERS RESTAURANT & LOUNGE,2301-A E 12TH ST ,,KANSAS CITY,MISSOURI,64127,Open,Restaurant/Deli 0-5 Employees,Restaurant/Deli,,Operational,"2301-A E 12TH ST
KANSAS CITY, MISSOURI 64127
(39.098988, -94.554599)"
1543,Crestview Elementary School,Crestview Elementary School,4327 N Holmes St,,Kansas City,MISSOURI,64116,Open,Fee Exempt,Fee Exempt,,Operational,"4327 N Holmes St
Kansas City, MISSOURI 64116
(39.173289, -94.57207)"
2376,Smugglers Inn,Smugglers Inn,1650  Universal Ave,,Kansas City,MISSOURI,64120,Open,Restaurant/Deli 0-5 Employees,Restaurant/Deli,,Operational,"1650 Universal Ave
Kansas City, MISSOURI 64120
(39.136655, -94.505569)"
19176,Quik Trip #221 (Deli),Quik Trip #221 (Deli),9340 N Oak Tfwy,,Kansas City,MISSOURI,64155,Open,Restaurant/Deli 10-20 Employees,Restaurant/Deli,,Operational,"9340 N Oak Tfwy
Kansas City, MISSOURI 64155
(39.263606, -94.575804)"
1476,Oakwood Country Club,Oakwood Country Club,9800  Grandview Rd,,Kansas City,MISSOURI,64137,Open,Restaurant/Deli 21-40 Employees,Restaurant/Deli,,Operational,"9800 Grandview Rd
Kansas City, MISSOURI 64137
(38.947998, -94.549466)"
31232,Hyatt Place,Hyatt Place,7600 NW. 97th. Terr. ,,Kansas City,MISSOURI,64153,Open,Restaurant/Deli 21-40 Employees,Restaurant/Deli,,Operational,"7600 NW. 97th. Terr.
Kansas City, MISSOURI 64153
(39.270947, -94.668393)"
14050,Jesuit Residence at Rockhurst College,Jesuit Residence at Rockhurst College,5133 Forest Ave.,,Kansas City,MISSOURI,64110,Open,Restaurant/Deli 0-5 Employees,Restaurant/Deli,,Operational,"5133 Forest Ave.
Kansas City, MISSOURI 64110
(39.033025, -94.572255)"
4760,Macaluso's Thriftway Deli,Macaluso's Thriftway Deli,5004  NE Parvin Rd,,Kansas City,MISSOURI,64117,Open,Restaurant/Deli 0-5 Employees,Restaurant/Deli,,Operational,"5004 NE Parvin Rd
Kansas City, MISSOURI 64117
(39.167065, -94.520853)"
29925,P. F. Chang's China Bistro,P. F. Chang's China Bistro,102 W 47th St.,,Kansas City,MISSOURI,64112,Open,Restaurant/Deli 91-100 Employees,Restaurant/Deli,http://www.pfchangs.com,Operational,"102 W 47th St.
Kansas City, MISSOURI 64112
(39.042271, -94.588633)"
4513,Wings 'N' Things Express,Wings 'N' Things Express,5800 TROOST ,,KANSAS CITY ,MISSOURI,64110,Open,Restaurant/Deli 0-5 Employees,Restaurant/Deli,,Operational,"5800 TROOST
KANSAS CITY, MISSOURI 64110
(39.021576, -94.574115)"
101982,Subway,Subway,11601  E 40 Hwy,,Kansas City,MISSOURI,64133,Open,Restaurant/Deli 6-9 Employees,Restaurant/Deli,,Operational,"11601 E 40 Hwy
Kansas City, MISSOURI 64133
(39.046976, -94.442673)"
4731,St Peter's School,St Peter's School,6400  Charlotte,,Kansas City,MISSOURI,64131,Open,School - Private 10-20 Employees,School - Private,,Operational,"6400 Charlotte
Kansas City, MISSOURI 64131
(39.010696, -94.578209)"
101261,Olive Cafe (market),Olive Cafe (market),9530 James A Reed Road,Suite B,Kansas City,MISSOURI,64134,Open,Retail Grocery/Market Under 3000 sq. ft.,Retail Grocery/Market,,Operational,"9530 James A Reed Road
Kansas City, MISSOURI 64134
(38.950958, -94.494053)"
101054,Brio Tuscan Grille,Brio Tuscan Grille,502 Nichols Drive ,,Kansas City,MISSOURI,64112,Open,Restaurant/Deli 101-110 Employees,Restaurant/Deli,,Operational,"502 Nichols Drive
Kansas City, MISSOURI 64112
(39.041342, -94.594157)"
100216,Target Store (T1455- Pizza Hut/Taco Bell),Target Store (T1455- Pizza Hut/Taco Bell),9220 NE Barry Rd.,,Kansas City,MISSOURI,64157,Open,Restaurant/Deli 10-20 Employees,Restaurant/Deli,,Operational,"9220 NE Barry Rd.
Kansas City, MISSOURI 64157
(39.244879, -94.463669)"
16340,Northview Elementary School,Northview Elementary School,9201 N. Indiana,,Kansas City,MISSOURI,64156,Open,Fee Exempt,Fee Exempt,,Operational,"9201 N. Indiana
Kansas City, MISSOURI 64156
(39.262111, -94.538833)"
506516,Frosty Treats #49 506516,Frosty Treats #49 506516,620  E Linwood Blvd,,Kansas City,MISSOURI,64109,Open,Ice Cream Moblie Vendor,Ice Cream Moblie Vendor,,Operational,"620 E Linwood Blvd
Kansas City, MISSOURI 64109
(39.06889, -94.577547)"
100650,University Academy-Ameriserve,University Academy-Ameriserve,6801 Holmes Rd ,,Kansas City,MISSOURI,64131,Open,School - Private 10-20 Employees,School - Private,,Operational,"6801 Holmes Rd
Kansas City, MISSOURI 64131
(39.00459, -94.579621)"
1460,Crayola Café - Crown Ctr Restaurants by Sheraton,Crayola Café - Crown Ctr Restaurants by Sheraton,2450 Grand,214,Kansas City,MISSOURI,64108,Open,Restaurant/Deli 21-40 Employees,Restaurant/Deli,,Operational,"2450 Grand
Kansas City, MISSOURI 64108
(39.082903, -94.581877)"
101789,Cancun Fiesta Fresh,Cancun Fiesta Fresh,4019 Pennsylvania,,Kansas City,MISSOURI,64111,Open,Restaurant/Deli 0-5 Employees,Restaurant/Deli,,Operational,"4019 Pennsylvania
Kansas City, MISSOURI 64111
(39.054227, -94.592551)"
101722,Crown Center Apothecary,Crown Center Apothecary,2450 Grand Suite 101 ,,Kansas City,MISSOURI,64108,Open,Retail Grocery/Market Under 3000 sq. ft.,Retail Grocery/Market,,Operational,"2450 Grand Suite 101
Kansas City, MISSOURI 64108
(39.082903, -94.581877)"
19421,Arnone's Car Care Center,Arnone's Car Care Center,702 Paseo Blvd,,Kansas City,MISSOURI,64106,Open,Retail Grocery/Market Under 3000 sq. ft.,Retail Grocery/Market,,Operational,"702 Paseo Blvd
Kansas City, MISSOURI 64106
(39.104958, -94.563742)"
1535,Allspice Café (TMC Cafeteria),Allspice Café (TMC Cafeteria),2301  Holmes,,Kansas City,MISSOURI,64108,Open,Restaurant/Deli 41-60 Employees,Restaurant/Deli,,Operational,"2301 Holmes
Kansas City, MISSOURI 64108
(39.084815, -94.575799)"
1665,COSTCO WHOLESALE #375 (Retail Grocery),COSTCO WHOLESALE #375 (Retail Grocery),241 E. LINWOOD BLVD. ,,KANSAS CITY,MISSOURI,64111,Open,Retail Grocery/Market 60001-80000 sq. ft.,Retail Grocery/Market,,Operational,"241 E. LINWOOD BLVD.
KANSAS CITY, MISSOURI 64111
(39.068333, -94.58197)"
13543,Target Store T1388-Deli,Target Store T1388-Deli,4375 NE Chouteau Tfwy,,Kansas City,MISSOURI,64117,Open,Restaurant/Deli 6-9 Employees,Restaurant/Deli,,Operational,"4375 NE Chouteau Tfwy
Kansas City, MISSOURI 64117
(39.186516, -94.54355)"
101384,Sheridan's Lattes & Frozen Custard,Sheridan's Lattes & Frozen Custard,2450 Grand Suite 119 ,,Kansas City,MISSOURI,64108,Open,Restaurant/Deli 10-20 Employees,Restaurant/Deli,,Operational,"2450 Grand Suite 119
Kansas City, MISSOURI 64108
(39.082903, -94.581877)"
100268,Elvira's Cakes (bakery),Elvira's Cakes (bakery),3838 Independence Ave,,Kansas City,MISSOURI,64124,Open,Retail Bakery Under 3000 sq. ft.,Retail Bakery,,Operational,"3838 Independence Ave
Kansas City, MISSOURI 64124
(39.105799, -94.535939)"
17100,The Zoo Bar,The Zoo Bar,1220 McGee St,200,Kansas City,MISSOURI,64106,Open,Bar/Tavern 6-9 Employees,Bar/Tavern,,Operational,"1220 McGee St
Kansas City, MISSOURI 64106
(39.099768, -94.579742)"
1978,Westin Crown Center - Cafe Crown,Westin Crown Center - Cafe Crown,1 Pershing Rd. ,,Kansas City,MISSOURI,64108,Open,Restaurant/Deli 6-9 Employees,Restaurant/Deli,,Operational,"1 Pershing Rd.
Kansas City, MISSOURI 64108
(39.083995, -94.583523)"
101807,Caribou Coffee Store #1244,Caribou Coffee Store #1244,6370 N Lucerne Ave ,,Kansas City,MISSOURI,64151,Open,Restaurant/Deli 10-20 Employees,Restaurant/Deli,,Operational,"6370 N Lucerne Ave
Kansas City, MISSOURI 64151
(39.209919, -94.652689)"
1386,FAST STOP #7,FAST STOP #7,7100 EASTWOOD TFWY ,,KANSAS CITY,MISSOURI,64129,Open,Retail Grocery/Market Under 3000 sq. ft.,Retail Grocery/Market,,Operational,"7100 EASTWOOD TFWY
KANSAS CITY, MISSOURI 64129
(39.031138, -94.502565)"
14411,The Cigar Box,The Cigar Box,1519 Grand ,,Kansas City,MISSOURI,64108,Open,Restaurant/Deli 10-20 Employees,Restaurant/Deli,,Operational,"1519 Grand
Kansas City, MISSOURI 64108
(39.095154, -94.581149)"
1525,Peppermill Lounge South,Peppermill Lounge South,11612  Hickman Mills Dr,,Kansas City,MISSOURI,64134,Open,Restaurant/Deli 0-5 Employees,Restaurant/Deli,,Operational,"11612 Hickman Mills Dr
Kansas City, MISSOURI 64134
(38.914974, -94.523782)"
30050,The Better Cheddar,The Better Cheddar,604 W 48th St.,,Kansas City,MISSOURI,64112,Open,Restaurant/Deli 6-9 Employees,Restaurant/Deli,http://thebettercheddar.com,Operational,"604 W 48th St.
Kansas City, MISSOURI 64112
(39.040534, -94.59389)"
100864,Embassy Suites - Continental Breakfast,Embassy Suites - Continental Breakfast,220 W 43rd Street ,,Kansas City,MISSOURI,64111,Open,Restaurant/Deli 10-20 Employees,Restaurant/Deli,,Operational,"220 W 43rd Street
Kansas City, MISSOURI 64111
(39.049372, -94.588348)"
101269,Leeds Diner,Leeds Diner,6422 Stadium Drive ,,Kansas City,MISSOURI,64129,Open,Restaurant/Deli 0-5 Employees,Restaurant/Deli,,Operational,"6422 Stadium Drive
Kansas City, MISSOURI 64129
(39.057673, -94.508709)"
101563,Family Dollar Store,Family Dollar Store,634 Prospect Ave,,Kansas City,MISSOURI,64124,Open,Retail Grocery/Market 3001-30000 sq. ft.,Retail Grocery/Market,,Operational,"634 Prospect Ave
Kansas City, MISSOURI 64124
(39.104834, -94.551118)"
3151,Ruskin High School,Ruskin High School,7000  E 111 th St,,Kansas City,MISSOURI,64134,Open,Fee Exempt,Fee Exempt,,Operational,"7000 E 111 th St
Kansas City, MISSOURI 64134
(38.92251, -94.508143)"
101376,Sage Dining Svcs @ Barstow School,Sage Dining Svcs @ Barstow School,11511 State Line Rd ,,Kansas City,MISSOURI,64114,Open,School - Private 6-9 Employees,School - Private,,Operational,"11511 State Line Rd
Kansas City, MISSOURI 64114
(38.91929, -94.608023)"
13380,Kansas City Rescue Mission,Kansas City Rescue Mission,1520 Cherry,,Kansas City,MISSOURI,64108,Open,Fee Exempt,Fee Exempt,,Operational,"1520 Cherry
Kansas City, MISSOURI 64108
(39.094844, -94.576437)"
30241,Second Presbyterian Church of K.C.,Second Presbyterian Church of K.C.,318 E  55th St,,Kansas City,MISSOURI,64113,Open,Restaurant/Deli 0-5 Employees,Restaurant/Deli,,Operational,"318 E 55th St
Kansas City, MISSOURI 64113
(39.027532, -94.583659)"
1418,7-Eleven #21057,7-Eleven #21057,3150 Gillham,,Kansas City,MISSOURI,64109,Open,Retail Grocery/Market Under 3000 sq. ft.,Retail Grocery/Market,,Operational,"3150 Gillham
Kansas City, MISSOURI 64109
(39.069022, -94.578986)"
101096,Smokehouse BBQ,Smokehouse BBQ,8451 NW Prairie View Rd. ,,Kansas City,MISSOURI,64153,Open,Restaurant/Deli 41-60 Employees,Restaurant/Deli,http://www.smokehousebbq.com,Operational,"8451 NW Prairie View Rd.
Kansas City, MISSOURI 64153
(39.248394, -94.661089)"
100775,Corporate Caterers,Corporate Caterers,2631 Holmes #1 ,,Kansas City,MISSOURI,64108,Open,Restaurant/Deli 0-5 Employees,Restaurant/Deli,,Operational,"2631 Holmes #1
Kansas City, MISSOURI 64108
(39.078012, -94.576189)"
25892,Tajmahal Restaurant,Tajmahal Restaurant,7521 Wornall Rd,,Kansas City,MISSOURI,64114,Open,Restaurant/Deli 10-20 Employees,Restaurant/Deli,,Operational,"7521 Wornall Rd
Kansas City, MISSOURI 64114
(38.992039, -94.594303)"
1248,Quaff Buffet Bar & Grill,Quaff Buffet Bar & Grill,1010 Broadway Blvd,,Kansas City,MISSOURI,64105,Open,Restaurant/Deli 21-40 Employees,Restaurant/Deli,,Operational,"1010 Broadway Blvd
Kansas City, MISSOURI 64105
(39.101995, -94.58832)"
4410,Genghis Khan Mongolian Grill,Genghis Khan Mongolian Grill,3906 Bell ,,Kansas City ,MISSOURI,64111,Open,Restaurant/Deli 10-20 Employees,Restaurant/Deli,,Operational,"3906 Bell
Kansas City, MISSOURI 64111
(39.056867, -94.606156)"
4796,Ameristar Horizons Buffet/KC Country BBQ,Ameristar Horizons Buffet/KC Country BBQ,3200 N Ameristar Dr,,Kansas City,MISSOURI,64161,Open,Restaurant/Deli 6-9 Employees,Restaurant/Deli,,Operational,"3200 N Ameristar Dr
Kansas City, MISSOURI 64161
(39.150958, -94.477213)"
26240,Kingswood Manor,Kingswood Manor,10000 Wornall Rd,,Kansas City,MISSOURI,64114,Open,Restaurant/Deli 41-60 Employees,Restaurant/Deli,,Operational,"10000 Wornall Rd
Kansas City, MISSOURI 64114
(38.948645, -94.596284)"
100322,Blue Valley Market (Deli),Blue Valley Market (Deli),4300  Cleveland,,Kansas City,MISSOURI,64130,Open,Restaurant/Deli 6-9 Employees,Restaurant/Deli,,Operational,"4300 Cleveland
Kansas City, MISSOURI 64130
(39.047493, -94.540165)"
1755,Starbucks Coffee #2317,Starbucks Coffee #2317,1100 Main St,119,Kansas City,MISSOURI,64105,Open,Restaurant/Deli 6-9 Employees,Restaurant/Deli,,Operational,"1100 Main St
Kansas City, MISSOURI 64105
(39.100817, -94.583116)"
13730,Wexford Place,Wexford Place,6500 N Cosby Ave,,Kansas City,MISSOURI,64151,Open,Restaurant/Deli 10-20 Employees,Restaurant/Deli,,Operational,"6500 N Cosby Ave
Kansas City, MISSOURI 64151
(39.213901, -94.646459)"
1146,Maple Park Middle School,Maple Park Middle School,5300 N. Bennington,,Kansas City,MISSOURI,64119,Open,Fee Exempt,Fee Exempt,,Operational,"5300 N. Bennington
Kansas City, MISSOURI 64119
(39.190191, -94.502661)"
2940,Fric & Frac,Fric & Frac,1700  W 39th St,,Kansas City,MISSOURI,64111,Open,Restaurant/Deli 10-20 Employees,Restaurant/Deli,,Operational,"1700 W 39th St
Kansas City, MISSOURI 64111
(39.05727, -94.605262)"
1994,LC's Hamburgers Etc.,LC's Hamburgers Etc.,7612 NW Prairie View Rd,,Kansas City,MISSOURI,64151,Open,Restaurant/Deli 10-20 Employees,Restaurant/Deli,,Operational,"7612 NW Prairie View Rd
Kansas City, MISSOURI 64151
(39.233938, -94.65871)"
3121,Ward Parkway Lanes Snack Bar,Ward Parkway Lanes Snack Bar,1523 W 89TH ST ,,KANSAS CITY,MISSOURI,64114,Open,Restaurant/Deli 10-20 Employees,Restaurant/Deli,,Operational,"1523 W 89TH ST
KANSAS CITY, MISSOURI 64114
(38.967062, -94.606594)"
101021,Dollar General #3295,Dollar General #3295,10524 Grandview Rd ,,Kansas City,MISSOURI,64137,Open,Retail Grocery/Market 3001-30000 sq. ft.,Retail Grocery/Market,,Operational,"10524 Grandview Rd
Kansas City, MISSOURI 64137
(38.934684, -94.541233)"
11345,54th Street Grill & Bar,54th Street Grill & Bar,9251  NE Barry Rd.,,Kansas City,MISSOURI,64157,Open,Restaurant/Deli 71-80 Employees,Restaurant/Deli,,Operational,"9251 NE Barry Rd.
Kansas City, MISSOURI 64157
(39.244619, -94.46326)"
100802,K.C. Fuel,K.C. Fuel,5401 Winner Rd. ,,Kansas City,MISSOURI,64127,Open,Retail Grocery/Market Under 3000 sq. ft.,Retail Grocery/Market,,Operational,"5401 Winner Rd.
Kansas City, MISSOURI 64127
(39.099446, -94.518583)"
3091,Oak Park High School Cafeteria,Oak Park High School Cafeteria,825 NE 79TH TERR ,,KANSAS CITY,MISSOURI,64118,Open,Fee Exempt,Fee Exempt,,Operational,"825 NE 79TH TERR
KANSAS CITY, MISSOURI 64118
(39.23791, -94.56987)"
100641,Parkway Cafe,Parkway Cafe,8330 Ward Parkway Suite 130 ,,Kansas City,MISSOURI,64114,Open,Restaurant/Deli 0-5 Employees,Restaurant/Deli,,Operational,"8330 Ward Parkway Suite 130
Kansas City, MISSOURI 64114
(38.976902, -94.60687)"
101244,d'Bronx,d'Bronx,3904 Bell St. ,,Kansas City,MISSOURI,64111,Open,Restaurant/Deli 21-40 Employees,Restaurant/Deli,,Operational,"3904 Bell St.
Kansas City, MISSOURI 64111
(39.05722, -94.606131)"
30110,Northgate Middle School Cafeteria,Northgate Middle School Cafeteria,2117 NE. 48th. St. ,,Kansas City,MISSOURI,64118,Open,Fee Exempt,Fee Exempt,,Operational,"2117 NE. 48th. St.
Kansas City, MISSOURI 64118
(39.180976, -94.554885)"
100289,Seasons Care Center,Seasons Care Center,15600 Woods Chapel Rd  ,,Kansas City ,MISSOURI,64139,Open,Restaurant/Deli 6-9 Employees,Restaurant/Deli,,Operational,"15600 Woods Chapel Rd
Kansas City, MISSOURI 64139
(38.983495, -94.39928)"
30230,Swope Parkway Imani House,Swope Parkway Imani House,3950 E 51st St.,,Kansas City,MISSOURI,64130,Open,Restaurant/Deli 0-5 Employees,Restaurant/Deli,,Operational,"3950 E 51st St.
Kansas City, MISSOURI 64130
(39.033142, -94.538581)"
101556,Church's Chicken,Church's Chicken,5500  Prospect,,Kansas City,MISSOURI,64130,Open,Restaurant/Deli 10-20 Employees,Restaurant/Deli,,Operational,"5500 Prospect
Kansas City, MISSOURI 64130
(39.026274, -94.555191)"
101605,Family Dollar Store # 5135,Family Dollar Store # 5135,8215 Troost Ave ,,Kansas City,MISSOURI,64131,Open,Retail Grocery/Market 3001-30000 sq. ft.,Retail Grocery/Market,,Operational,"8215 Troost Ave
Kansas City, MISSOURI 64131
(38.979013, -94.576294)"
4600,Mcdonald's,Mcdonald's,1421 PROSPECT ,,KANSAS CITY,MISSOURI,64127,Open,Restaurant/Deli 71-80 Employees,Restaurant/Deli,,Operational,"1421 PROSPECT
KANSAS CITY, MISSOURI 64127
(39.095592, -94.5516)"
101116,Room 39,Room 39,1719 W. 39th Street ,,KC,MISSOURI,64111,Open,Restaurant/Deli 10-20 Employees,Restaurant/Deli,,Operational,"1719 W. 39th Street
KC, MISSOURI 64111
(39.057284, -94.605767)"
1102,Minsky's Pizza,Minsky's Pizza,221 NE Barry Rd. ,,Kansas City,MISSOURI,64155,Open,Restaurant/Deli 21-40 Employees,Restaurant/Deli,,Operational,"221 NE Barry Rd.
Kansas City, MISSOURI 64155
(39.246325, -94.577632)"
101637,Quik Trip #225 (Deli),Quik Trip #225 (Deli),1251 NW Barry Rd ,,Kansas City,MISSOURI,64155,Open,Restaurant/Deli 10-20 Employees,Restaurant/Deli,,Operational,"1251 NW Barry Rd
Kansas City, MISSOURI 64155
(39.246319, -94.597391)"
101426,Chipotle Mexican Grill,Chipotle Mexican Grill,13127 Stateline Road,,Kansas City,MISSOURI,64145,Open,Restaurant/Deli 10-20 Employees,Restaurant/Deli,,Operational,"13127 Stateline Road
Kansas City, MISSOURI 64145
(38.888933, -94.607983)"
100783,Brookside Market #144 (Retail) ,Brookside Market #144 (Retail) ,14 W 62nd Terrace,,Kansas City,MISSOURI,64113,Open,Retail Grocery/Market 3001-30000 sq. ft.,Retail Grocery/Market,,Operational,"14 W 62nd Terrace
Kansas City, MISSOURI 64113
(39.014858, -94.589253)"
100937,Al-Habashi Mart,Al-Habashi Mart,311 Main St,,Kansas City,MISSOURI,64105,Open,Retail Grocery/Market 3001-30000 sq. ft.,Retail Grocery/Market,,Operational,"311 Main St
Kansas City, MISSOURI 64105
(39.109813, -94.583327)"
2628,Notre Dame de Sion,Notre Dame de Sion,10631 WORNALL RD. ,,KANSAS CITY,MISSOURI,64114,Open,School - Private 0-5 Employees,School - Private,,Operational,"10631 WORNALL RD.
KANSAS CITY, MISSOURI 64114
(38.935008, -94.59689)"
11258,Olive Garden #1170,Olive Garden #1170,500  NW Barry Rd,,kansas City,MISSOURI,64155,Open,Restaurant/Deli 91-100 Employees,Restaurant/Deli,,Operational,"500 NW Barry Rd
kansas City, MISSOURI 64155
(39.246435, -94.586716)"
27663,KC Marriott Downtown - Pam Pam ,KC Marriott Downtown - Pam Pam ,200 W 12th St,,Kansas City,MISSOURI,64105,Open,Restaurant/Deli 0-5 Employees,Restaurant/Deli,,Operational,"200 W 12th St
Kansas City, MISSOURI 64105
(39.10003, -94.585827)"
101560,Family Dollar Store,Family Dollar Store,5900 Wilson Rd,,Kansas City,MISSOURI,64123,Open,Retail Grocery/Market 3001-30000 sq. ft.,Retail Grocery/Market,,Operational,"5900 Wilson Rd
Kansas City, MISSOURI 64123
(39.105629, -94.512324)"
19174,Pizza Shoppe,Pizza Shoppe,9329 N. Oak Trfwy. ,,Kansas City,MISSOURI,64155,Open,Restaurant/Deli 10-20 Employees,Restaurant/Deli,,Operational,"9329 N. Oak Trfwy.
Kansas City, MISSOURI 64155
(39.263184, -94.575656)"
502416,Espresso Ah La Cart 502416,Espresso Ah La Cart 502416,1000 WALNUT ,,KANSAS CITY,MISSOURI,64106,Open,Mobile Unit/Pushcart,Mobile Unit/Pushcart,,Operational,"1000 WALNUT
KANSAS CITY, MISSOURI 64106
(39.1027, -94.581913)"
101843,New Peking Chinese Restaurant,New Peking Chinese Restaurant,540 Westport Road ,,Kansas City,MISSOURI,64111,Open,Restaurant/Deli 10-20 Employees,Restaurant/Deli,,Operational,"540 Westport Road
Kansas City, MISSOURI 64111
(39.052215, -94.592764)"
100766,Sidekicks,Sidekicks,3707 Main ,,Kansas City,MISSOURI,64111,Open,Bar/Tavern 10-20 Employees,Bar/Tavern,,Operational,"3707 Main
Kansas City, MISSOURI 64111
(39.060064, -94.585901)"
100610,El Maguey Restaurant,El Maguey Restaurant,7831 N. Oak Trafficway,,Kansas City,MISSOURI,64118,Open,Restaurant/Deli 10-20 Employees,Restaurant/Deli,,Operational,"7831 N. Oak Trafficway
Kansas City, MISSOURI 64118
(39.236414, -94.576028)"
100266,Hawthorn Elementary School,Hawthorn Elementary School,8200  N Chariton Rd,,Kansas City,MISSOURI,64152,Open,Fee Exempt,Fee Exempt,,Operational,"8200 N Chariton Rd
Kansas City, MISSOURI 64152
(39.244609, -94.708688)"
100298,Wal-Mart SuperCenter #2955-Bakery,Wal-Mart SuperCenter #2955-Bakery,1701  W. 133rd St.,,Kansas City,MISSOURI,64145,Open,Retail Bakery Under 3000 sq. ft.,Retail Bakery,,Operational,"1701 W. 133rd St.
Kansas City, MISSOURI 64145
(38.886576, -94.605521)"
100871,Bravo Cucina Italiana Restaurant,Bravo Cucina Italiana Restaurant,7301  NW 87th St,,Kansas City,MISSOURI,64153,Open,Restaurant/Deli 71-80 Employees,Restaurant/Deli,http://www.bravoitalian.com,Operational,"7301 NW 87th St
Kansas City, MISSOURI 64153
(39.25156, -94.663436)"
102035,CVS Pharmacy #8590,CVS Pharmacy #8590,315 West 75th st ,,Kansas City ,MISSOURI,64114,Open,Retail Grocery/Market 3001-30000 sq. ft.,Retail Grocery/Market,,Operational,"315 West 75th st
Kansas City, MISSOURI 64114
(38.992252, -94.592906)"
1867,The Palace (East Concession),The Palace (East Concession),500 Nichols Rd.,,Kansas City,MISSOURI,64112,Open,Restaurant/Deli 41-60 Employees,Restaurant/Deli,http://www.cinemark.com,Operational,"500 Nichols Rd.
Kansas City, MISSOURI 64112
(39.041319, -94.593854)"
100604,K.C. City Zoo Boathouse Concessions,K.C. City Zoo Boathouse Concessions,6800  Zoo Drive,,Kansas City,MISSOURI,64132,Open,Fee Exempt,Fee Exempt,,Operational,"6800 Zoo Drive
Kansas City, MISSOURI 64132
(39.00682, -94.53141)"
11343,Burger King,Burger King,9650 NE Barry Rd.,,Kansas City,MISSOURI,64157,Open,Restaurant/Deli 21-40 Employees,Restaurant/Deli,,Operational,"9650 NE Barry Rd.
Kansas City, MISSOURI 64157
(39.24482, -94.460124)"
100340,St. Mark's Childcare Development Center,St. Mark's Childcare Development Center,2008 E 12th St ,,Kansas City,MISSOURI,64127,Open,School - Private 0-5 Employees,School - Private,,Operational,"2008 E 12th St
Kansas City, MISSOURI 64127
(39.099111, -94.558243)"
100218,Target Store (T1455-Deli),Target Store (T1455-Deli),9220 NE Barry Rd.,,Kansas City,MISSOURI,64157,Open,Restaurant/Deli 6-9 Employees,Restaurant/Deli,,Operational,"9220 NE Barry Rd.
Kansas City, MISSOURI 64157
(39.244879, -94.463669)"
2505,Harry's Bar & Tables,Harry's Bar & Tables,501 WESTPORT RD ,,KANSAS CITY,MISSOURI,64111,Open,Restaurant/Deli 10-20 Employees,Restaurant/Deli,,Operational,"501 WESTPORT RD
KANSAS CITY, MISSOURI 64111
(39.052789, -94.591601)"
29924,Southmoreland on The Plaza,Southmoreland on The Plaza,116 E 46th St.,,Kansas City,MISSOURI,64112,Open,Restaurant/Deli 10-20 Employees,Restaurant/Deli,http://www.southmoreland.com,Operational,"116 E 46th St.
Kansas City, MISSOURI 64112
(39.042805, -94.584562)"
2369,Quik Trip  #204,Quik Trip  #204,6641 Truman Rd ,,Kansas City,MISSOURI,64126,Open,Retail Grocery/Market 3001-30000 sq. ft.,Retail Grocery/Market,http://quiktrip.com,Operational,"6641 Truman Rd
Kansas City, MISSOURI 64126
(39.093725, -94.503777)"
2562,Worlds of Fun Pizza Pier,Worlds of Fun Pizza Pier,4545 WORLDS OF FUN AVE ,,KANSAS CITY,MISSOURI,64161,Open,Restaurant/Deli 6-9 Employees,Restaurant/Deli,,Operational,"4545 WORLDS OF FUN AVE
KANSAS CITY, MISSOURI 64161
(39.174532, -94.492423)"
4419,Oceans Of Fun Chickie's & Pete's,Oceans Of Fun Chickie's & Pete's,8200 NE PARVIN RD ,,KANSAS CITY,MISSOURI,64161,Open,Restaurant/Deli 0-5 Employees,Restaurant/Deli,http://www.worldsoffun.com,Operational,"8200 NE PARVIN RD
KANSAS CITY, MISSOURI 64161
(39.168338, -94.482474)"
101059,CVS Pharmacy #05663,CVS Pharmacy #05663,6244 Brookside Blvd.,,Kansas City,MISSOURI,64113,Open,Retail Grocery/Market 3001-30000 sq. ft.,Retail Grocery/Market,,Operational,"6244 Brookside Blvd.
Kansas City, MISSOURI 64113
(39.014689, -94.591183)"
1404,Forest Ave. Family Shelter,Forest Ave. Family Shelter,4300 Forest Ave. ,,Kansas City,MISSOURI,64110,Open,Restaurant/Deli 6-9 Employees,Restaurant/Deli,,Operational,"4300 Forest Ave.
Kansas City, MISSOURI 64110
(39.048554, -94.571243)"
2558,Worlds of Fun Moulin Rouge,Worlds of Fun Moulin Rouge,4545 WORLDS OF FUN AVE ,,KANSAS CITY,MISSOURI,64161,Open,Restaurant/Deli 0-5 Employees,Restaurant/Deli,http://www.worldsoffun.com,Operational,"4545 WORLDS OF FUN AVE
KANSAS CITY, MISSOURI 64161
(39.174532, -94.492423)"
100910,Liberty Oaks Elementary School,Liberty Oaks Elementary School,8150 N. Farley Ave,,Kansas City,MISSOURI,64157,Open,Fee Exempt,Fee Exempt,,Operational,"8150 N. Farley Ave
Kansas City, MISSOURI 64157
(39.240724, -94.473893)"
4778,St Pius X High School - Concession Stand,St Pius X High School - Concession Stand,1500 NE 42nd Terr,,Kansas City,MISSOURI,64116,Open,Restaurant/Deli 0-5 Employees,Restaurant/Deli,,Operational,"1500 NE 42nd Terr
Kansas City, MISSOURI 64116
(39.17197, -94.561764)"
100969,Dollar General #2652,Dollar General #2652,5008 NE Parvin Rd,,Kansas City,MISSOURI,64117,Open,Retail Grocery/Market Under 3000 sq. ft.,Retail Grocery/Market,,Operational,"5008 NE Parvin Rd
Kansas City, MISSOURI 64117
(39.167047, -94.52014)"
1389,Gates Bar B Q,Gates Bar B Q,1325 Emmanuel Cleaver II Blvd,,Kansas City,MISSOURI,64110,Open,Restaurant/Deli 21-40 Employees,Restaurant/Deli,,Operational,"1325 Emmanuel Cleaver II Blvd
Kansas City, MISSOURI 64110
(39.041536, -94.569332)"
31450,Brookdale Wornall Place,Brookdale Wornall Place,501 W 107TH ST ,,KANSAS CITY,MISSOURI,64114,Open,Restaurant/Deli 21-40 Employees,Restaurant/Deli,,Operational,"501 W 107TH ST
KANSAS CITY, MISSOURI 64114
(38.9342, -94.597594)"
12980,TOYS R US #9520,TOYS R US #9520,8330 N. BROADWAY ,,KANSAS CITY,MISSOURI,64118,Open,Retail Grocery/Market Under 3000 sq. ft.,Retail Grocery/Market,http://toysrus.com,Operational,"8330 N. BROADWAY
KANSAS CITY, MISSOURI 64118
(39.244541, -94.585125)"
101466,Subway,Subway,8415 Wornall Road ,,Kansas City,MISSOURI,64114,Open,Restaurant/Deli 6-9 Employees,Restaurant/Deli,,Operational,"8415 Wornall Road
Kansas City, MISSOURI 64114
(38.975893, -94.595014)"
100967,Sylvia's Deli,Sylvia's Deli,1746 Washington ,,Kansas City,MISSOURI,64108,Open,Restaurant/Deli 0-5 Employees,Restaurant/Deli,,Operational,"1746 Washington
Kansas City, MISSOURI 64108
(39.092066, -94.589925)"
19510,Paul's Liquor & Groceries,Paul's Liquor & Groceries,5506 Paseo,,Kansas City,MISSOURI,64110,Open,Retail Grocery/Market Under 3000 sq. ft.,Retail Grocery/Market,,Operational,"5506 Paseo
Kansas City, MISSOURI 64110
(39.026592, -94.568003)"
1958,MCCOY'S Public House & Brewkitchen,MCCOY'S Public House & Brewkitchen,4057 PENNSYLVANIA ,,KANSAS CITY,MISSOURI,64111,Open,Restaurant/Deli 81-90 Employees,Restaurant/Deli,,Operational,"4057 PENNSYLVANIA
KANSAS CITY, MISSOURI 64111
(39.053526, -94.591982)"
15010,Garozzo's,Garozzo's,526  Harrison St,,Kansas City,MISSOURI,64106,Open,Restaurant/Deli 21-40 Employees,Restaurant/Deli,,Operational,"526 Harrison St
Kansas City, MISSOURI 64106
(39.109436, -94.571854)"
4626,THE SALVATION ARMY/ BLUE VALLEY ,THE SALVATION ARMY/ BLUE VALLEY ,6618 E TRUMAN RD  ,,KANSAS CITY ,MISSOURI,64126,Open,Restaurant/Deli 0-5 Employees,Restaurant/Deli,http://www.salarmy-mokan.org,Operational,"6618 E TRUMAN RD
KANSAS CITY, MISSOURI 64126
(39.093744, -94.504518)"
101427,Notre Dame de Sion Lower School,Notre Dame de Sion Lower School,3823  Locust,,Kansas City,MISSOURI,64109,Open,School - Private 0-5 Employees,School - Private,http://www.ndsion.edu,Operational,"3823 Locust
Kansas City, MISSOURI 64109
(39.057932, -94.580198)"
2539,ROBINSON SCHOOL CAFETERIA ,ROBINSON SCHOOL CAFETERIA ,6707 WOODSON RD ,,KANSAS CITY,MISSOURI,64133,Open,Fee Exempt,Fee Exempt,,Operational,"6707 WOODSON RD
KANSAS CITY, MISSOURI 64133
(38.998108, -94.444997)"
22580,Cracker Barrel Old Country Store,Cracker Barrel Old Country Store,7920 NW Tiffany Springs Pky,,KANSAS CITY,MISSOURI,64153,Open,Restaurant/Deli 81-90 Employees,Restaurant/Deli,,Operational,"7920 NW Tiffany Springs Pky
KANSAS CITY, MISSOURI 64153
(39.272355, -94.672484)"
29401,Chipotle Mexican Grill (1713 W. 39th St.),Chipotle Mexican Grill (1713 W. 39th St.),1713 W. 39TH ST. ,,KANSAS CITY,MISSOURI,64111,Open,Restaurant/Deli 10-20 Employees,Restaurant/Deli,,Operational,"1713 W. 39TH ST.
KANSAS CITY, MISSOURI 64111
(39.057276, -94.605469)"
1137,Park Hill High School,Park Hill High School,7701 NW Barry Rd,,Kansas City,MISSOURI,64153,Open,Fee Exempt,Fee Exempt,,Operational,"7701 NW Barry Rd
Kansas City, MISSOURI 64153
(39.246894, -94.671454)"
4981,Ameristar Circle Queen Bar ,Ameristar Circle Queen Bar ,3200  N Ameristar Dr.,,KANSAS CITY,MISSOURI,64161,Open,Bar/Tavern 0-5 Employees,Bar/Tavern,,Operational,"3200 N Ameristar Dr.
KANSAS CITY, MISSOURI 64161
(39.150958, -94.477213)"
101681,Subway,Subway,6413 N Cosby Ave,,Kansas City,MISSOURI,64151,Open,Restaurant/Deli 0-5 Employees,Restaurant/Deli,,Operational,"6413 N Cosby Ave
Kansas City, MISSOURI 64151
(39.211816, -94.646557)"
1699,Smith-Hale Middle School,Smith-Hale Middle School,8925  Longview Rd,,Kansas City,MISSOURI,64134,Open,School - Public 6-9 Employees,School - Public,,Operational,"8925 Longview Rd
Kansas City, MISSOURI 64134
(38.914807, -94.486957)"
30572,International House of Pancakes,International House of Pancakes,5201 NW 64th St,,Kansas City,MISSOURI,64151,Open,Restaurant/Deli 21-40 Employees,Restaurant/Deli,,Operational,"5201 NW 64th St
Kansas City, MISSOURI 64151
(39.210558, -94.64007)"
2912,Sidestreet Bar,Sidestreet Bar,413  E 33RD ST,,KANSAS CITY,MISSOURI,64109,Open,Bar/Tavern 0-5 Employees,Bar/Tavern,,Operational,"413 E 33RD ST
KANSAS CITY, MISSOURI 64109
(39.066305, -94.579456)"
2405,Walgreens,Walgreens,2630 NE Vivion Rd.,,Kansas City,MISSOURI,64119,Open,Retail Grocery/Market 3001-30000 sq. ft.,Retail Grocery/Market,http://walgreens.com,Operational,"2630 NE Vivion Rd.
Kansas City, MISSOURI 64119
(39.186996, -94.547778)"
100252,Kona Grill,Kona Grill,444 Ward Parkway ,,Kansas City,MISSOURI,64112,Open,Restaurant/Deli 41-60 Employees,Restaurant/Deli,,Operational,"444 Ward Parkway
Kansas City, MISSOURI 64112
(39.040271, -94.593091)"
100053,Higher Grounds,Higher Grounds,3523  Red Bridge Rd,,Kansas City,MISSOURI,64137,Open,Restaurant/Deli 21-40 Employees,Restaurant/Deli,,Operational,"3523 Red Bridge Rd
Kansas City, MISSOURI 64137
(38.924505, -94.548998)"
31391,Price Chopper (grocery),Price Chopper (grocery),1030 W 103RD ST ,,KANSAS CITY,MISSOURI,64114,Open,Retail Grocery/Market 40001-60000 sq. ft.,Retail Grocery/Market,,Operational,"1030 W 103RD ST
KANSAS CITY, MISSOURI 64114
(38.941946, -94.605487)"
100481,Villa Ventura Retirement Community,Villa Ventura Retirement Community,12100 Wornall Rd,,Kansas City,MISSOURI,64145,Open,Restaurant/Deli 21-40 Employees,Restaurant/Deli,,Operational,"12100 Wornall Rd
Kansas City, MISSOURI 64145
(38.90664, -94.594039)"
100973,Paleteria Tropicana,Paleteria Tropicana,830 Southwest Blvd.,,Kansas City,MISSOURI,64108,Open,Restaurant/Deli 0-5 Employees,Restaurant/Deli,,Operational,"830 Southwest Blvd.
Kansas City, MISSOURI 64108
(39.084566, -94.594068)"
25741,Worlds of Fun Coasters,Worlds of Fun Coasters,4545 WORLDS OF FUN AVE ,,KANSAS CITY,MISSOURI,64161,Open,Restaurant/Deli 10-20 Employees,Restaurant/Deli,http://www.worldsoffun.com,Operational,"4545 WORLDS OF FUN AVE
KANSAS CITY, MISSOURI 64161
(39.174532, -94.492423)"
11703,TACO BELL #2874,TACO BELL #2874,4017  BLUE RIDGE CUT-OFF,,KANSAS CITY,MISSOURI,64133,Open,Restaurant/Deli 10-20 Employees,Restaurant/Deli,,Operational,"4017 BLUE RIDGE CUT-OFF
KANSAS CITY, MISSOURI 64133
(39.049295, -94.475614)"
100406,Residence Inn by Marriott,Residence Inn by Marriott,4601 Broadway ,,Kansas City,MISSOURI,64112,Open,Restaurant/Deli 10-20 Employees,Restaurant/Deli,,Operational,"4601 Broadway
Kansas City, MISSOURI 64112
(39.043506, -94.591492)"
100323,Chelly's Cafe,Chelly's Cafe,218 W. 85 th St. ,,Kansas City ,MISSOURI,64114,Open,Restaurant/Deli 10-20 Employees,Restaurant/Deli,,Operational,"218 W. 85 th St.
Kansas City, MISSOURI 64114
(38.97419, -94.594232)"
4833,The Cheesecake Factory,The Cheesecake Factory,4701 Wyandotte,,Kansas City ,MISSOURI,64112,Open,Restaurant/Deli 141-150 Employees,Restaurant/Deli,,Operational,"4701 Wyandotte
Kansas City, MISSOURI 64112
(39.041553, -94.58904)"
100385,Mike Kelly's Westsider ,Mike Kelly's Westsider ,1515 Westport Rd ,,Kansas City,MISSOURI,64111,Open,Restaurant/Deli 6-9 Employees,Restaurant/Deli,,Operational,"1515 Westport Rd
Kansas City, MISSOURI 64111
(39.05012, -94.604386)"
18560,MARSH'S SUNFRESH (Bakery),MARSH'S SUNFRESH (Bakery),4001 MILL ST. ,,KANSAS CITY,MISSOURI,64111,Open,Retail Bakery Under 3000 sq. ft.,Retail Bakery,,Operational,"4001 MILL ST.
KANSAS CITY, MISSOURI 64111
(39.053557, -94.594557)"
22561,Tiffany Greens Golf Club,Tiffany Greens Golf Club,6100 NW Tiffany Springs Pkwy,,Kansas City,MISSOURI,64154,Open,Restaurant/Deli 21-40 Employees,Restaurant/Deli,http://www.tiffanygreensgolf.com,Operational,"6100 NW Tiffany Springs Pkwy
Kansas City, MISSOURI 64154
(39.272202, -94.647496)"
29931,Buca Di Beppo,Buca Di Beppo,310 W 47th St.,,Kansas City,MISSOURI,64112,Open,Restaurant/Deli 61-70 Employees,Restaurant/Deli,,Operational,"310 W 47th St.
Kansas City, MISSOURI 64112
(39.042335, -94.590656)"
101592,Family Dollar Store,Family Dollar Store,6003  Independence Ave,,Kansas City,MISSOURI,64125,Open,Retail Grocery/Market 3001-30000 sq. ft.,Retail Grocery/Market,,Operational,"6003 Independence Ave
Kansas City, MISSOURI 64125
(39.104896, -94.51085)"
100347,New Mark Sun Fresh #156 (Deli),New Mark Sun Fresh #156 (Deli),10225  N. Oak Trafficway,,Kansas City,MISSOURI,64155,Open,Restaurant/Deli 6-9 Employees,Restaurant/Deli,,Operational,"10225 N. Oak Trafficway
Kansas City, MISSOURI 64155
(39.279269, -94.5755)"
11353,Target Store (T1455),Target Store (T1455),9220 NE Barry Rd.,,Kansas City,MISSOURI,64157,Open,Retail Grocery/Market 3001-30000 sq. ft.,Retail Grocery/Market,,Operational,"9220 NE Barry Rd.
Kansas City, MISSOURI 64157
(39.244879, -94.463669)"
100880,Los Tules,Los Tules,1656 Broadway ,,Kansas City ,MISSOURI,64108,Open,Restaurant/Deli 10-20 Employees,Restaurant/Deli,,Operational,"1656 Broadway
Kansas City, MISSOURI 64108
(39.093261, -94.58873)"
100310,McDonald's,McDonald's,7887 State Line Rd.,,Kansas City,MISSOURI,64114,Open,Restaurant/Deli 41-60 Employees,Restaurant/Deli,,Operational,"7887 State Line Rd.
Kansas City, MISSOURI 64114
(38.985879, -94.608105)"
101260,Olive Cafe (deli),Olive Cafe (deli),9530 James A Reed Road,Suite B,Kansas City,MISSOURI,64134,Open,Restaurant/Deli 0-5 Employees,Restaurant/Deli,,Operational,"9530 James A Reed Road
Kansas City, MISSOURI 64134
(38.950958, -94.494053)"
29710,The Levee (Bar),The Levee (Bar),16 W 43RD ST ,,KANSAS CITY,MISSOURI,64111,Open,Bar/Tavern 10-20 Employees,Bar/Tavern,,Operational,"16 W 43RD ST
KANSAS CITY, MISSOURI 64111
(39.049351, -94.587138)"
100187,Sonic Drive-In Restaurant,Sonic Drive-In Restaurant,10101 NE Cookingham Rd ,,Kansas City ,MISSOURI,64157,Open,Restaurant/Deli 21-40 Employees,Restaurant/Deli,,Operational,"10101 NE Cookingham Rd
Kansas City, MISSOURI 64157
(39.268412, -94.453676)"
101854,Fiorella's Jack Stack,Fiorella's Jack Stack,4747 Wyandotte ,,Kansas City,MISSOURI,64112,Open,Restaurant/Deli 81-90 Employees,Restaurant/Deli,,Operational,"4747 Wyandotte
Kansas City, MISSOURI 64112
(39.041123, -94.588906)"
101340,Treat America @ IRS,Treat America @ IRS,333 W Pershing ,,Kansas City,MISSOURI,64108,Open,Restaurant/Deli 10-20 Employees,Restaurant/Deli,,Operational,"333 W Pershing
Kansas City, MISSOURI 64108
(39.083432, -94.587857)"
4887,Hy-Vee Kitchen,Hy-Vee Kitchen,8301 N St Clair Ave,,Kansas City,MISSOURI,64151,Open,Restaurant/Deli 10-20 Employees,Restaurant/Deli,,Operational,"8301 N St Clair Ave
Kansas City, MISSOURI 64151
(39.245209, -94.646774)"
100003,Price Chopper (deli),Price Chopper (deli),6327 Brookside Plz ,,Kansas City,MISSOURI,64113,Open,Restaurant/Deli 10-20 Employees,Restaurant/Deli,,Operational,"6327 Brookside Plz
Kansas City, MISSOURI 64113
(39.013299, -94.590682)"
100853,Los Alamos Market & Cocina ,Los Alamos Market & Cocina ,1667 Summit ,,Kansas City,MISSOURI,64108,Open,Restaurant/Deli 0-5 Employees,Restaurant/Deli,,Operational,"1667 Summit
Kansas City, MISSOURI 64108
(39.0932, -94.59336)"
11325,Starbucks Coffee Co. #2432,Starbucks Coffee Co. #2432,6234A NW Barry Rd,,Kansas City,MISSOURI,64154,Open,Restaurant/Deli 10-20 Employees,Restaurant/Deli,,Operational,"6234A NW Barry Rd
Kansas City, MISSOURI 64154
(39.247018, -94.65257)"
100946,Island Spice Caribbean Restaurant,Island Spice Caribbean Restaurant,10 W 39th Street ,,Kansas City,MISSOURI,64111,Open,Restaurant/Deli 0-5 Employees,Restaurant/Deli,,Operational,"10 W 39th Street
Kansas City, MISSOURI 64111
(39.056608, -94.586755)"
101554,Church's Chicken,Church's Chicken,2515 E 12th St ,,Kansas City,MISSOURI,64127,Open,Restaurant/Deli 10-20 Employees,Restaurant/Deli,,Operational,"2515 E 12th St
Kansas City, MISSOURI 64127
(39.098873, -94.551706)"
102014,Sunfresh Blue Parkway (Market),Sunfresh Blue Parkway (Market),4209 E 50th Terr,,Kansas City,MISSOURI,64130,Open,Retail Grocery/Market 3001-30000 sq. ft.,Retail Grocery/Market,,Operational,"4209 E 50th Terr
Kansas City, MISSOURI 64130
(39.033772, -94.535929)"
2939,Mr Z's In & Out #1,Mr Z's In & Out #1,1600  W. 39th St,,Kansas City,MISSOURI,64111,Open,Retail Grocery/Market Under 3000 sq. ft.,Retail Grocery/Market,,Operational,"1600 W. 39th St
Kansas City, MISSOURI 64111
(39.057223, -94.603987)"
4147,Price Chopper Bakery,Price Chopper Bakery,8430 WORNALL ROAD ,,KANSAS CITY,MISSOURI,64114,Open,Retail Bakery Under 3000 sq. ft.,Retail Bakery,,Operational,"8430 WORNALL ROAD
KANSAS CITY, MISSOURI 64114
(38.975115, -94.595052)"
100393,Super Target-Grocery,Super Target-Grocery,1201  W. 136th St.,,Kansas City,MISSOURI,64145,Open,Retail Grocery/Market 40001-60000 sq. ft.,Retail Grocery/Market,,Operational,"1201 W. 136th St.
Kansas City, MISSOURI 64145
(38.881513, -94.605217)"
3094,Gashland Elementary School Cafeteria,Gashland Elementary School Cafeteria,500  N.E. 83rd Street,,Kansas City,MISSOURI,64118,Open,Fee Exempt,Fee Exempt,,Operational,"500 N.E. 83rd Street
Kansas City, MISSOURI 64118
(39.245076, -94.574576)"
12261,ALDI'S #64,ALDI'S #64,10475  Blue Ridge Blvd,,Kansas City,MISSOURI,64134,Open,Retail Grocery/Market 3001-30000 sq. ft.,Retail Grocery/Market,,Operational,"10475 Blue Ridge Blvd
Kansas City, MISSOURI 64134
(38.934134, -94.508153)"
21691,Abarrotes Mexico (market),Abarrotes Mexico (market),806 SW Blvd,,Kansas City,MISSOURI,64108,Open,Retail Grocery/Market Under 3000 sq. ft.,Retail Grocery/Market,,Operational,"806 SW Blvd
Kansas City, MISSOURI 64108
(39.08458, -94.594044)"
1267,Peking Chinese Restaurant,Peking Chinese Restaurant,3609  Broadway,,Kansas City,MISSOURI,64111,Open,Restaurant/Deli 0-5 Employees,Restaurant/Deli,,Operational,"3609 Broadway
Kansas City, MISSOURI 64111
(39.061878, -94.590469)"
3001,Kansas City Aerie 47 Fraternal Order of Eagles,Kansas City Aerie 47 Fraternal Order of Eagles,10220 E 47TH ST ,,KANSAS CITY,MISSOURI,64133,Open,Restaurant/Deli 0-5 Employees,Restaurant/Deli,,Operational,"10220 E 47TH ST
KANSAS CITY, MISSOURI 64133
(39.037328, -94.457974)"
100509,KCI Car Care Center Inc. (market),KCI Car Care Center Inc. (market),426 Paris St. ,,Kansas City,MISSOURI,64153,Open,Retail Grocery/Market Under 3000 sq. ft.,Retail Grocery/Market,,Operational,"426 Paris St.
Kansas City, MISSOURI 64153
(39.301994, -94.711267)"
104052,Pizza Hut #4715,Pizza Hut #4715,14171 E. 40 HWY. ,,Kansas City,MISSOURI,64136,Open,Restaurant/Deli 10-20 Employees,Restaurant/Deli,,Operational,"14171 E. 40 HWY.
Kansas City, MISSOURI 64136
(39.035446, -94.413572)"
13260,Calvary University Cafeteria,Calvary University Cafeteria,15809 Fairchild Drive,,Kansas City,MISSOURI,64147,Open,Restaurant/Deli 10-20 Employees,Restaurant/Deli,,Operational,"15809 Fairchild Drive
Kansas City, MISSOURI 64147
(38.840305, -94.549445)"
4511,O'Hara Booster Club (Outdoor Concession),O'Hara Booster Club (Outdoor Concession),9001 JAMES A. REED RD. ,,KANSAS CITY,MISSOURI,64138,Open,Restaurant/Deli 0-5 Employees,Restaurant/Deli,,Operational,"9001 JAMES A. REED RD.
KANSAS CITY, MISSOURI 64138
(38.961071, -94.493614)"
4126,CAFE SEBASTIENNE,CAFE SEBASTIENNE,4420 WARWICK BLVD ,,KANSAS CITY,MISSOURI,64111,Open,Restaurant/Deli 21-40 Employees,Restaurant/Deli,,Operational,"4420 WARWICK BLVD
KANSAS CITY, MISSOURI 64111
(39.047331, -94.584303)"
101713,B.P. Amoco/Surf N Go Mart,B.P. Amoco/Surf N Go Mart,5002 NE Parvin Rd.,,Kansas City ,MISSOURI,64117,Open,Retail Grocery/Market Under 3000 sq. ft.,Retail Grocery/Market,,Operational,"5002 NE Parvin Rd.
Kansas City, MISSOURI 64117
(39.167066, -94.52097)"
2261,Topping Elementary School Cafeteria,Topping Elementary School Cafeteria,4433 N Topping,,Kansas City,MISSOURI,64117,Open,Fee Exempt,Fee Exempt,,Operational,"4433 N Topping
Kansas City, MISSOURI 64117
(39.174159, -94.512163)"
1988,RAYTOWN MIDDLE SCHOOL,RAYTOWN MIDDLE SCHOOL,4900 PITTMAN  RD ,,KANSAS CITY,MISSOURI,64133,Open,Fee Exempt,Fee Exempt,,Operational,"4900 PITTMAN RD
KANSAS CITY, MISSOURI 64133
(39.035664, -94.462134)"
2822,Blue Room - KC Jazz,Blue Room - KC Jazz,1600  E 18th St,,Kansas City,MISSOURI,64108,Open,Bar/Tavern 0-5 Employees,Bar/Tavern,,Operational,"1600 E 18th St
Kansas City, MISSOURI 64108
(39.091201, -94.563361)"
101515,"Hilton President - The Drum Room/Providence, New American Kitchen","Hilton President - The Drum Room/Providence, New American Kitchen",1329 Baltimore Ave,,Kansas City,MISSOURI,64105,Open,Restaurant/Deli 10-20 Employees,Restaurant/Deli,,Operational,"1329 Baltimore Ave
Kansas City, MISSOURI 64105
(39.097468, -94.584424)"
1184,Apple Market,Apple Market,4300 Blue Ridge Blvd ,,Kansas City,MISSOURI,64133,Open,Retail Grocery/Market 3001-30000 sq. ft.,Retail Grocery/Market,,Operational,"4300 Blue Ridge Blvd
Kansas City, MISSOURI 64133
(39.04326, -94.438124)"
1474,Trails West State School For Severly Handicapped,Trails West State School For Severly Handicapped,4800  Grandview Rd,,Kansas City,MISSOURI,64137,Open,Fee Exempt,Fee Exempt,,Operational,"4800 Grandview Rd
Kansas City, MISSOURI 64137
(38.928745, -94.534638)"
2560,Worlds of Fun Big Jacks,Worlds of Fun Big Jacks,4545 Worlds of Fun Ave,,KANSAS CITY,MISSOURI,64161,Open,Restaurant/Deli 0-5 Employees,Restaurant/Deli,,Operational,"4545 Worlds of Fun Ave
KANSAS CITY, MISSOURI 64161
(39.174532, -94.492423)"
2953,LEON'S THRIFTWAY,LEON'S THRIFTWAY,4400 E 39TH ST ,,KANSAS CITY,MISSOURI,64128,Open,Retail Grocery/Market 3001-30000 sq. ft.,Retail Grocery/Market,http://leonsthriftway@sbcglobal.net,Operational,"4400 E 39TH ST
KANSAS CITY, MISSOURI 64128
(39.054734, -94.532221)"
1782,Children's Center Campus,Children's Center Campus,3101  Main,,Kansas City,MISSOURI,64111,Open,School - Private 0-5 Employees,School - Private,,Operational,"3101 Main
Kansas City, MISSOURI 64111
(39.070656, -94.585335)"
27680,KC Marriott Downtown - Main Kitchen,KC Marriott Downtown - Main Kitchen,200 W 12th St,,Kansas City,MISSOURI,64105,Open,Restaurant/Deli 41-60 Employees,Restaurant/Deli,,Operational,"200 W 12th St
Kansas City, MISSOURI 64105
(39.10003, -94.585827)"
1362,Wal-Mart (retail),Wal-Mart (retail),8301 N. Church Rd.,,Kansas City,MISSOURI,64158,Open,Retail Grocery/Market 3001-30000 sq. ft.,Retail Grocery/Market,,Operational,"8301 N. Church Rd.
Kansas City, MISSOURI 64158
(39.243357, -94.461821)"
31392,Price Chopper (bakery),Price Chopper (bakery),1030 W 103RD ST ,,KANSAS CITY,MISSOURI,64114,Open,Retail Bakery Under 3000 sq. ft.,Retail Bakery,,Operational,"1030 W 103RD ST
KANSAS CITY, MISSOURI 64114
(38.941946, -94.605487)"
4989,Ameristar Pearl's Oyster Bar,Ameristar Pearl's Oyster Bar,3200  N Ameristar Dr. ,,Kansas City ,MISSOURI,64161,Open,Restaurant/Deli 10-20 Employees,Restaurant/Deli,,Operational,"3200 N Ameristar Dr.
Kansas City, MISSOURI 64161
(39.150958, -94.477213)"
101650,Sushi Haru Restaurant,Sushi Haru Restaurant,13133 State Line Rd.,,Kansas City,MISSOURI,64145,Open,Restaurant/Deli 10-20 Employees,Restaurant/Deli,,Operational,"13133 State Line Rd.
Kansas City, MISSOURI 64145
(38.890847, -94.607979)"
2345,Kindred Hospital Kansas City,Kindred Hospital Kansas City,8701  Troost,,Kansas City,MISSOURI,64131,Open,Restaurant/Deli 41-60 Employees,Restaurant/Deli,,Operational,"8701 Troost
Kansas City, MISSOURI 64131
(38.96927, -94.576738)"
101773,Elite Cuisine @ Burns & McDonnell,Elite Cuisine @ Burns & McDonnell,9400 Ward Pkwy ,,Kansas City,MISSOURI,64114,Open,Restaurant/Deli 10-20 Employees,Restaurant/Deli,,Operational,"9400 Ward Pkwy
Kansas City, MISSOURI 64114
(38.958851, -94.596738)"
100147,Westport Saloon,Westport Saloon,4114 Pennsylvania,,Kansas City,MISSOURI,64111,Open,Bar/Tavern 10-20 Employees,Bar/Tavern,,Operational,"4114 Pennsylvania
Kansas City, MISSOURI 64111
(39.052359, -94.591067)"
22020,Waterway Gas & Wash Company (market),Waterway Gas & Wash Company (market),8507 STATELINE ROAD ,,KANSAS CITY,MISSOURI,64114,Open,Retail Grocery/Market Under 3000 sq. ft.,Retail Grocery/Market,,Operational,"8507 STATELINE ROAD
KANSAS CITY, MISSOURI 64114
(38.973903, -94.608158)"
1904,Price Chopper (Market),Price Chopper (Market),4820  N OAK TFWY,,KANSAS CITY,MISSOURI,64118,Open,Retail Grocery/Market 40001-60000 sq. ft.,Retail Grocery/Market,,Operational,"4820 N OAK TFWY
KANSAS CITY, MISSOURI 64118
(39.18188, -94.57665)"
4446,Barnes & Noble Cafe,Barnes & Noble Cafe,420 W 47th St.,,Kansas City,MISSOURI,64112,Open,Restaurant/Deli 6-9 Employees,Restaurant/Deli,,Operational,"420 W 47th St.
Kansas City, MISSOURI 64112
(39.042418, -94.59282)"
1936,Macaluso's Thriftway,Macaluso's Thriftway,5004 NE Parvin Rd,,Kansas City,MISSOURI,64117,Open,Retail Grocery/Market 3001-30000 sq. ft.,Retail Grocery/Market,,Operational,"5004 NE Parvin Rd
Kansas City, MISSOURI 64117
(39.167065, -94.520853)"
4003,Worlds of Fun Mummy Yummy's,Worlds of Fun Mummy Yummy's,4545 WORLDS OF FUN AVENUE ,,KANSAS CITY,MISSOURI,64161,Open,Restaurant/Deli 0-5 Employees,Restaurant/Deli,http://www.worldsoffun.com,Operational,"4545 WORLDS OF FUN AVENUE
KANSAS CITY, MISSOURI 64161
(39.174532, -94.492423)"
31432,TACO BELL,TACO BELL,1313 W. 103RD ST. ,,KANSAS CITY,MISSOURI,64114,Open,Restaurant/Deli 10-20 Employees,Restaurant/Deli,,Operational,"1313 W. 103RD ST.
KANSAS CITY, MISSOURI 64114
(38.942053, -94.607849)"
1896,Wally's House Of Fine Pastries,Wally's House Of Fine Pastries,3855 N Oak Trfwy,,Kansas City,MISSOURI,64116,Open,Restaurant/Deli 0-5 Employees,Restaurant/Deli,,Operational,"3855 N Oak Trfwy
Kansas City, MISSOURI 64116
(39.164979, -94.576798)"
100730,Crown Center Ice Terrace,Crown Center Ice Terrace,2555 Grand Blvd ,,Kansas City,MISSOURI,64108,Open,Restaurant/Deli 10-20 Employees,Restaurant/Deli,,Operational,"2555 Grand Blvd
Kansas City, MISSOURI 64108
(39.080286, -94.58304)"
14942,JUBILEE SUPER MARKET (Retail),JUBILEE SUPER MARKET (Retail),2410 HARDESTY  ,,KANSAS CITY ,MISSOURI,64127,Open,Retail Grocery/Market Under 3000 sq. ft.,Retail Grocery/Market,,Operational,"2410 HARDESTY
KANSAS CITY, MISSOURI 64127
(39.080846, -94.520031)"
14081,Quik Trip #224 (Retail),Quik Trip #224 (Retail),6820 E Front St,,Kansas City,MISSOURI,64120,Open,Retail Grocery/Market 3001-30000 sq. ft.,Retail Grocery/Market,,Operational,"6820 E Front St
Kansas City, MISSOURI 64120
(39.130281, -94.502854)"
19821,Science City Test Kitchen,Science City Test Kitchen,30 W Pershing Suite 850 ,,Kansas City,MISSOURI,64108,Open,Restaurant/Deli 0-5 Employees,Restaurant/Deli,,Operational,"30 W Pershing Suite 850
Kansas City, MISSOURI 64108
(39.084068, -94.584514)"
100258,Oakwood Country Club Pool Snack Bar,Oakwood Country Club Pool Snack Bar,9800 Grandview Road ,,Kansas City,MISSOURI,64137,Open,Restaurant/Deli 0-5 Employees,Restaurant/Deli,,Operational,"9800 Grandview Road
Kansas City, MISSOURI 64137
(38.947998, -94.549466)"
3089,Westridge School,Westridge School,8500 E.  77 th St,,Kansas City,MISSOURI,64138,Open,Fee Exempt,Fee Exempt,,Operational,"8500 E. 77 th St
Kansas City, MISSOURI 64138
(38.984453, -94.490012)"
1207,Pearl's Lounge,Pearl's Lounge,8736  Blue Ridge Blvd,,Kansas City,MISSOURI,64138,Open,Bar/Tavern 0-5 Employees,Bar/Tavern,,Operational,"8736 Blue Ridge Blvd
Kansas City, MISSOURI 64138
(38.965253, -94.49973)"
14840,The Classic Cookie & Cafe,The Classic Cookie & Cafe,409  W GREGORY BLVD,,KANSAS CITY,MISSOURI,64114,Open,Restaurant/Deli 10-20 Employees,Restaurant/Deli,,Operational,"409 W GREGORY BLVD
KANSAS CITY, MISSOURI 64114
(38.999619, -94.594216)"
15590,The Sand Trap,The Sand Trap,13037 Holmes,,Kansas City,MISSOURI,64145,Open,Restaurant/Deli 0-5 Employees,Restaurant/Deli,,Operational,"13037 Holmes
Kansas City, MISSOURI 64145
(38.890684, -94.58594)"
1297,Tanner's Bar & Grill,Tanner's Bar & Grill,7425 Broadway,,Kansas City ,MISSOURI,64114,Open,Restaurant/Deli 21-40 Employees,Restaurant/Deli,,Operational,"7425 Broadway
Kansas City, MISSOURI 64114
(38.993053, -94.593806)"
13660,St. Gabriel's School,St. Gabriel's School,4737 N Cleveland,,Kansas City,MISSOURI,64117,Open,School - Private 0-5 Employees,School - Private,,Operational,"4737 N Cleveland
Kansas City, MISSOURI 64117
(39.181615, -94.534544)"
100651,Cascone's Grill,Cascone's Grill,17 E 5th St,,Kansas City,MISSOURI,64106,Open,Restaurant/Deli 10-20 Employees,Restaurant/Deli,,Operational,"17 E 5th St
Kansas City, MISSOURI 64106
(39.108453, -94.582144)"
4698,Hy-Vee Food Store,Hy-Vee Food Store,8301 N St Clair Ave,,Kansas City,MISSOURI,64151,Open,Retail Grocery/Market 60001-80000 sq. ft.,Retail Grocery/Market,,Operational,"8301 N St Clair Ave
Kansas City, MISSOURI 64151
(39.245209, -94.646774)"
1226,Paul's Drive-In,Paul's Drive-In,10424  Blue Ridge Blvd,,Kansas City,MISSOURI,64134,Open,Restaurant/Deli 10-20 Employees,Restaurant/Deli,,Operational,"10424 Blue Ridge Blvd
Kansas City, MISSOURI 64134
(38.934128, -94.508152)"
101562,Family Dollar Store,Family Dollar Store,3726 Broadway ,,Kansas City,MISSOURI,64111,Open,Retail Grocery/Market 3001-30000 sq. ft.,Retail Grocery/Market,,Operational,"3726 Broadway
Kansas City, MISSOURI 64111
(39.060271, -94.590565)"
19901,Executive Hills Phillips 66 (deli),Executive Hills Phillips 66 (deli),9700 N. Polo Dr. ,,Kansas City,MISSOURI,64153,Open,Restaurant/Deli 0-5 Employees,Restaurant/Deli,,Operational,"9700 N. Polo Dr.
Kansas City, MISSOURI 64153
(39.271446, -94.666026)"
13280,The Central Exchange,The Central Exchange,1020 Central Ave,,Kansas City,MISSOURI,64105,Open,Restaurant/Deli 0-5 Employees,Restaurant/Deli,,Operational,"1020 Central Ave
Kansas City, MISSOURI 64105
(39.101535, -94.586926)"
101394,In and Out (deli),In and Out (deli),1007 Main St,,Kansas City,MISSOURI,64105,Open,Restaurant/Deli 0-5 Employees,Restaurant/Deli,,Operational,"1007 Main St
Kansas City, MISSOURI 64105
(39.101608, -94.58307)"
3027,FLEETRIDGE SCHOOL CAFETERIA,FLEETRIDGE SCHOOL CAFETERIA,13001 E 55TH ST ,,KANSAS CIty,MISSOURI,64133,Open,Fee Exempt,Fee Exempt,,Operational,"13001 E 55TH ST
KANSAS CIty, MISSOURI 64133
(39.021099, -94.428409)"
100099,Rainbow Chinese Restaurant,Rainbow Chinese Restaurant,7101 NW Barry Rd,,Kansas City,MISSOURI,64153,Open,Restaurant/Deli 6-9 Employees,Restaurant/Deli,,Operational,"7101 NW Barry Rd
Kansas City, MISSOURI 64153
(39.246862, -94.662312)"
1889,Treat America @ UMB Tech Center,Treat America @ UMB Tech Center,1008 Oak St,,Kansas City,MISSOURI,64106,Open,Restaurant/Deli 0-5 Employees,Restaurant/Deli,,Operational,"1008 Oak St
Kansas City, MISSOURI 64106
(39.101659, -94.578438)"
18143,QUIK TRIP #184 (Deli),QUIK TRIP #184 (Deli),4327 MAIN ,,KANSAS CITY,MISSOURI,64111,Open,Restaurant/Deli 10-20 Employees,Restaurant/Deli,,Operational,"4327 MAIN
KANSAS CITY, MISSOURI 64111
(39.048333, -94.586581)"
510316,Frosty Treats #12 510316,Frosty Treats #12 510316,620  E Linwood Blvd,,Kansas City,MISSOURI,64109,Open,Ice Cream Moblie Vendor,Ice Cream Moblie Vendor,,Operational,"620 E Linwood Blvd
Kansas City, MISSOURI 64109
(39.06889, -94.577547)"
3019,Kin Lin Chinese Food,Kin Lin Chinese Food,314 E 51st St.,,Kansas City,MISSOURI,64112,Open,Restaurant/Deli 6-9 Employees,Restaurant/Deli,,Operational,"314 E 51st St.
Kansas City, MISSOURI 64112
(39.034749, -94.583535)"
101833,Treat America @ Commerce Bank,Treat America @ Commerce Bank,811 Main St,,Kansas City,MISSOURI,64105,Open,Restaurant/Deli 0-5 Employees,Restaurant/Deli,,Operational,"811 Main St
Kansas City, MISSOURI 64105
(39.104099, -94.582998)"
101613,Days Inn & Suites,Days Inn & Suites,8601 Hillcrest ,,Kansas City,MISSOURI,64138,Open,Restaurant/Deli 0-5 Employees,Restaurant/Deli,,Operational,"8601 Hillcrest
Kansas City, MISSOURI 64138
(38.969105, -94.521029)"
30840,MKS Juna Texaco Inc.,MKS Juna Texaco Inc.,604 W. 75th St.,,Kansas City,MISSOURI,64114,Open,Retail Grocery/Market Under 3000 sq. ft.,Retail Grocery/Market,,Operational,"604 W. 75th St.
Kansas City, MISSOURI 64114
(38.992536, -94.596725)"
2529,Winnwood Skate Center,Winnwood Skate Center,4426  NE Winn Rd,,Kansas City,MISSOURI,64117,Open,Restaurant/Deli 10-20 Employees,Restaurant/Deli,,Operational,"4426 NE Winn Rd
Kansas City, MISSOURI 64117
(39.175735, -94.531658)"
18610,Starbuck's Coffee Cafe,Starbuck's Coffee Cafe,302  Nichols Rd.,,Kansas City,MISSOURI,64112,Open,Restaurant/Deli 10-20 Employees,Restaurant/Deli,,Operational,"302 Nichols Rd.
Kansas City, MISSOURI 64112
(39.041391, -94.590705)"
25222,Subway #6852,Subway #6852,5914  Wilson Rd,,Kansas City,MISSOURI,64123,Open,Restaurant/Deli 6-9 Employees,Restaurant/Deli,,Operational,"5914 Wilson Rd
Kansas City, MISSOURI 64123
(39.105717, -94.512149)"
100162,Pizza Shoppe & Pub Restaurant,Pizza Shoppe & Pub Restaurant,8584 N Church Rd ,,Kansas City,MISSOURI,64157,Open,Restaurant/Deli 21-40 Employees,Restaurant/Deli,,Operational,"8584 N Church Rd
Kansas City, MISSOURI 64157
(39.246013, -94.45966)"
101456,Midwest Fuels,Midwest Fuels,4501 Cleveland,,Kansas City,MISSOURI,64130,Open,Retail Grocery/Market Under 3000 sq. ft.,Retail Grocery/Market,,Operational,"4501 Cleveland
Kansas City, MISSOURI 64130
(39.043841, -94.540351)"
100692,Super Target-Starbucks,Super Target-Starbucks,1201 W. 136th St ,,Kansas City,MISSOURI,64145,Open,Restaurant/Deli 0-5 Employees,Restaurant/Deli,,Operational,"1201 W. 136th St
Kansas City, MISSOURI 64145
(38.881513, -94.605217)"
25220,Price Chopper (Deli),Price Chopper (Deli),5800 Wilson Rd,,Kansas City,MISSOURI,64123,Open,Restaurant/Deli 10-20 Employees,Restaurant/Deli,,Operational,"5800 Wilson Rd
Kansas City, MISSOURI 64123
(39.105453, -94.513944)"
19050,Sam's Club  #8207 - Cafe,Sam's Club  #8207 - Cafe,5110  N. Oak Trfwy,,Kansas City,MISSOURI,64118,Open,Restaurant/Deli 10-20 Employees,Restaurant/Deli,,Operational,"5110 N. Oak Trfwy
Kansas City, MISSOURI 64118
(39.18659, -94.576594)"
1848,Topsy's,Topsy's,1206 E  Meyer Blvd,,Kansas City,MISSOURI,64131,Open,Restaurant/Deli 0-5 Employees,Restaurant/Deli,,Operational,"1206 E Meyer Blvd
Kansas City, MISSOURI 64131
(39.01144, -94.573796)"
13621,Wal-Mart (deli),Wal-Mart (deli),8301 N. Church Rd.,,Kansas City,MISSOURI,64158,Open,Restaurant/Deli 10-20 Employees,Restaurant/Deli,,Operational,"8301 N. Church Rd.
Kansas City, MISSOURI 64158
(39.243357, -94.461821)"
2609,The Piano Room,The Piano Room,8410 WORNALL ,,KANSAS CITY ,MISSOURI,64114,Open,Bar/Tavern 0-5 Employees,Bar/Tavern,,Operational,"8410 WORNALL
KANSAS CITY, MISSOURI 64114
(38.975823, -94.595017)"
101599,Family Dollar Stores Inc.  No. 1514,Family Dollar Stores Inc.  No. 1514,3156  Troost Ave.,,Kansas City,MISSOURI,64109,Open,Retail Grocery/Market 3001-30000 sq. ft.,Retail Grocery/Market,,Operational,"3156 Troost Ave.
Kansas City, MISSOURI 64109
(39.068965, -94.571411)"
1718,Sheraton Kansas City - Room Service,Sheraton Kansas City - Room Service,2345 McGee ,,Kansas City,MISSOURI,64108,Open,Restaurant/Deli 10-20 Employees,Restaurant/Deli,,Operational,"2345 McGee
Kansas City, MISSOURI 64108
(39.084743, -94.58049)"
101002,Swagat Fine Indian Cuisine,Swagat Fine Indian Cuisine,7407  NW 87th. St.,,Kansas City,MISSOURI,64153,Open,Restaurant/Deli 10-20 Employees,Restaurant/Deli,,Operational,"7407 NW 87th. St.
Kansas City, MISSOURI 64153
(39.251545, -94.665022)"
100401,McDonald's #28844 ,McDonald's #28844 ,9701 N Ash Ave ,,Kansas City,MISSOURI,64157,Open,Restaurant/Deli 41-60 Employees,Restaurant/Deli,,Operational,"9701 N Ash Ave
Kansas City, MISSOURI 64157
(39.268443, -94.451429)"
101318,Ararat Bar,Ararat Bar,5100 Ararat Drive ,,Kansas City,MISSOURI,64129,Open,Bar/Tavern 10-20 Employees,Bar/Tavern,,Operational,"5100 Ararat Drive
Kansas City, MISSOURI 64129
(39.03285, -94.503489)"
13760,Cafe al Dente,Cafe al Dente,412 Delaware St,D,Kansas City,MISSOURI,64105,Open,Restaurant/Deli 6-9 Employees,Restaurant/Deli,,Operational,"412 Delaware St
Kansas City, MISSOURI 64105
(39.108464, -94.584223)"
100294,Subway,Subway,9223 North Oak ,,Kansas City,MISSOURI,64155,Open,Restaurant/Deli 10-20 Employees,Restaurant/Deli,,Operational,"9223 North Oak
Kansas City, MISSOURI 64155
(39.262284, -94.575642)"
1278,McDonald's (3741 Broadway),McDonald's (3741 Broadway),3741 BROADWAY ,,KANSAS CITY,MISSOURI,64111,Open,Restaurant/Deli 21-40 Employees,Restaurant/Deli,,Operational,"3741 BROADWAY
KANSAS CITY, MISSOURI 64111
(39.058804, -94.590644)"
14082,Quik Trip #224 (Deli),Quik Trip #224 (Deli),6820 E Front St,,Kansas City,MISSOURI,64120,Open,Restaurant/Deli 10-20 Employees,Restaurant/Deli,,Operational,"6820 E Front St
Kansas City, MISSOURI 64120
(39.130281, -94.502854)"
4992,Ameristar Star Club,Ameristar Star Club,3220 N Ameristar Dr.,,KANSAS CITY,MISSOURI,64161,Open,Restaurant/Deli 10-20 Employees,Restaurant/Deli,,Operational,"3220 N Ameristar Dr.
KANSAS CITY, MISSOURI 64161
(39.152593, -94.477208)"
4479,Taco Bell,Taco Bell,4900  Bannister Rd,,Kansas City,MISSOURI,64137,Open,Restaurant/Deli 10-20 Employees,Restaurant/Deli,,Operational,"4900 Bannister Rd
Kansas City, MISSOURI 64137
(38.953519, -94.534208)"
4972,Ameristar Casino King Bar ,Ameristar Casino King Bar ,3200 N Ameristar Dr.,,Kansas City,MISSOURI,64161,Open,Bar/Tavern 0-5 Employees,Bar/Tavern,,Operational,"3200 N Ameristar Dr.
Kansas City, MISSOURI 64161
(39.150958, -94.477213)"
10157,UMKC Einstein Bros. Bagel,UMKC Einstein Bros. Bagel,5100 Rockhill Road ,,Kansas City,MISSOURI,64110,Open,Restaurant/Deli 10-20 Employees,Restaurant/Deli,,Operational,"5100 Rockhill Road
Kansas City, MISSOURI 64110
(39.033592, -94.575731)"
3076,ST. ELIZABETH SCHOOL,ST. ELIZABETH SCHOOL,14 W. 75TH ST. ,,KANSAS CITY,MISSOURI,64114,Open,School - Private 0-5 Employees,School - Private,,Operational,"14 W. 75TH ST.
KANSAS CITY, MISSOURI 64114
(38.992135, -94.589673)"
1900,Shooters,Shooters,4108 N Oak Trfwy,,Kansas City,MISSOURI,64116,Open,Bar/Tavern 6-9 Employees,Bar/Tavern,,Operational,"4108 N Oak Trfwy
Kansas City, MISSOURI 64116
(39.168855, -94.57675)"
102022,CVS/Pharmacy,CVS/Pharmacy,5901 Independence Ave.,,Kansas City,MISSOURI,64125,Open,Retail Grocery/Market 3001-30000 sq. ft.,Retail Grocery/Market,,Operational,"5901 Independence Ave.
Kansas City, MISSOURI 64125
(39.104968, -94.512529)"
25762,Houston's Restaurant,Houston's Restaurant,4640 Wornall Rd.,,Kansas City,MISSOURI,64112,Open,Restaurant/Deli 91-100 Employees,Restaurant/Deli,http://www.hillstone.com,Operational,"4640 Wornall Rd.
Kansas City, MISSOURI 64112
(39.042527, -94.590148)"
1885,Lakewood School Cafeteria,Lakewood School Cafeteria,4624  N Norton,,Kansas City,MISSOURI,64117,Open,Fee Exempt,Fee Exempt,,Operational,"4624 N Norton
Kansas City, MISSOURI 64117
(39.179802, -94.531928)"
29660,STATION STOP,STATION STOP,14503 E 40 HWY ,,KANSAS CITY,MISSOURI,64136,Open,Retail Grocery/Market Under 3000 sq. ft.,Retail Grocery/Market,,Operational,"14503 E 40 HWY
KANSAS CITY, MISSOURI 64136
(39.035342, -94.409032)"
1921,Nashua General Store,Nashua General Store,11103 Nashua Drive,,Kansas City,MISSOURI,64155,Open,Retail Grocery/Market Under 3000 sq. ft.,Retail Grocery/Market,,Operational,"11103 Nashua Drive
Kansas City, MISSOURI 64155
(39.294977, -94.575815)"
29800,Boys & Girls Club Thornberry Unit,Boys & Girls Club Thornberry Unit,3831 E 43rd St.,,Kansas City,MISSOURI,64130,Open,Restaurant/Deli 0-5 Employees,Restaurant/Deli,,Operational,"3831 E 43rd St.
Kansas City, MISSOURI 64130
(39.047712, -94.539521)"
100004,Price Chopper (retail),Price Chopper (retail),6327  Brookside Plz,,Kansas City,MISSOURI,64113,Open,Retail Grocery/Market 3001-30000 sq. ft.,Retail Grocery/Market,,Operational,"6327 Brookside Plz
Kansas City, MISSOURI 64113
(39.013299, -94.590682)"
2583,Bobby Baker's Lounge,Bobby Baker's Lounge,7418 Wornall Rd.,,Kansas City,MISSOURI,64114,Open,Bar/Tavern 0-5 Employees,Bar/Tavern,,Operational,"7418 Wornall Rd.
Kansas City, MISSOURI 64114
(38.993079, -94.594267)"
11681,DRURY INN KANSAS CITY STADIUM,DRURY INN KANSAS CITY STADIUM,3830  BLUE RIDGE CUTOFF,,Kansas City,MISSOURI,64133,Open,Restaurant/Deli 0-5 Employees,Restaurant/Deli,,Operational,"3830 BLUE RIDGE CUTOFF
Kansas City, MISSOURI 64133
(39.053141, -94.47358)"
102013,Sunfresh Blue Parkway (Deli),Sunfresh Blue Parkway (Deli),4209 E 50th Terr,,Kansas City,MISSOURI,64130,Open,Restaurant/Deli 6-9 Employees,Restaurant/Deli,,Operational,"4209 E 50th Terr
Kansas City, MISSOURI 64130
(39.033772, -94.535929)"
1423,Anthony's Rest & Lounge,Anthony's Rest & Lounge,701 Grand Blvd,,Kansas City,MISSOURI,64106,Open,Restaurant/Deli 10-20 Employees,Restaurant/Deli,,Operational,"701 Grand Blvd
Kansas City, MISSOURI 64106
(39.105049, -94.580649)"
13547,Festival Foods,Festival Foods,4357  NE Chouteau Tfwy,,Kansas City,MISSOURI,64117,Open,Retail Grocery/Market 40001-60000 sq. ft.,Retail Grocery/Market,,Operational,"4357 NE Chouteau Tfwy
Kansas City, MISSOURI 64117
(39.186509, -94.543538)"
101393,In and Out (retail),In and Out (retail),1007 Main St,,Kansas City,MISSOURI,64105,Open,Retail Grocery/Market Under 3000 sq. ft.,Retail Grocery/Market,,Operational,"1007 Main St
Kansas City, MISSOURI 64105
(39.101608, -94.58307)"
101594,Westport Flea Market,Westport Flea Market,817  Westport ,,Kansas City,MISSOURI,64111,Open,Restaurant/Deli 21-40 Employees,Restaurant/Deli,,Operational,"817 Westport
Kansas City, MISSOURI 64111
(39.051002, -94.596243)"
100065,Target/Starbucks,Target/Starbucks,8509 State Line Rd  ,,Kansas City,MISSOURI,64114,Open,Restaurant/Deli 10-20 Employees,Restaurant/Deli,,Operational,"8509 State Line Rd
Kansas City, MISSOURI 64114
(38.974513, -94.608186)"
104053,PIZZA HUT #4725,PIZZA HUT #4725,5111 ARARAT ,,KANSAS CITY,MISSOURI,64129,Open,Restaurant/Deli 21-40 Employees,Restaurant/Deli,,Operational,"5111 ARARAT
KANSAS CITY, MISSOURI 64129
(39.032041, -94.503854)"
101161,Taco Bell #022580,Taco Bell #022580,2825 NE Vivion Rd.,,Kansas City,MISSOURI,64119,Open,Restaurant/Deli 10-20 Employees,Restaurant/Deli,,Operational,"2825 NE Vivion Rd.
Kansas City, MISSOURI 64119
(39.187511, -94.546696)"
101979,Tower Tavern,Tower Tavern,401 E 31 St,,Kansas City,MISSOURI,64108,Open,Restaurant/Deli 10-20 Employees,Restaurant/Deli,,Operational,"401 E 31 St
Kansas City, MISSOURI 64108
(39.07082, -94.579863)"
30881,Rose Brooks Center,Rose Brooks Center,3350  E 77 th St,,Kansas City,MISSOURI,64132,Open,Restaurant/Deli 0-5 Employees,Restaurant/Deli,,Operational,"3350 E 77 th St
Kansas City, MISSOURI 64132
(38.986802, -94.54891)"
30740,Plaza Middle School,Plaza Middle School,6501 NW 72nd St,,Kansas City,MISSOURI,64151,Open,Fee Exempt,Fee Exempt,,Operational,"6501 NW 72nd St
Kansas City, MISSOURI 64151
(39.225143, -94.654382)"
19655,Californo's (Restaurant),Californo's (Restaurant),4124  Pennsylvania,,Kansas City,MISSOURI,64111,Open,Restaurant/Deli 10-20 Employees,Restaurant/Deli,,Operational,"4124 Pennsylvania
Kansas City, MISSOURI 64111
(39.052002, -94.590784)"
101065,CVS Pharmacy # 05724,CVS Pharmacy # 05724,13101 Stateline Rd.,,Kansas City,MISSOURI,64145,Open,Retail Grocery/Market 3001-30000 sq. ft.,Retail Grocery/Market,,Operational,"13101 Stateline Rd.
Kansas City, MISSOURI 64145
(38.890783, -94.607979)"
2581,QUIK TRIP #190/Retail,QUIK TRIP #190/Retail,344  W. 72ND ST.,,KANSAS CITY,MISSOURI,64114,Open,Retail Grocery/Market 3001-30000 sq. ft.,Retail Grocery/Market,,Operational,"344 W. 72ND ST.
KANSAS CITY, MISSOURI 64114
(38.99774, -94.59314)"
16651,COSTCO WHOLESALE #375 (Food Court),COSTCO WHOLESALE #375 (Food Court),241 E. LINWOOD BLVD. ,,KANSAS CITY,MISSOURI,64111,Open,Restaurant/Deli 10-20 Employees,Restaurant/Deli,,Operational,"241 E. LINWOOD BLVD.
KANSAS CITY, MISSOURI 64111
(39.068333, -94.58197)"
101597,Quik Trip #159 (market),Quik Trip #159 (market),10150 NE Cookingham ,,Kansas City,MISSOURI,64157,Open,Retail Grocery/Market 3001-30000 sq. ft.,Retail Grocery/Market,,Operational,"10150 NE Cookingham
Kansas City, MISSOURI 64157
(39.267974, -94.452541)"
12830,WALGREENS,WALGREENS,3845 BROADWAY ,,KANSAS CITY,MISSOURI,64111,Open,Retail Grocery/Market 3001-30000 sq. ft.,Retail Grocery/Market,,Operational,"3845 BROADWAY
KANSAS CITY, MISSOURI 64111
(39.057331, -94.59073)"
28480,Old Folks Lounge,Old Folks Lounge,4805 E 24th St ,,Kansas City,MISSOURI,64127,Open,Bar/Tavern 6-9 Employees,Bar/Tavern,,Operational,"4805 E 24th St
Kansas City, MISSOURI 64127
(39.082082, -94.527302)"
101493,Dos de Oros,Dos de Oros,13029 Holmes Rd,,Kansas City,MISSOURI,64145,Open,Restaurant/Deli 6-9 Employees,Restaurant/Deli,,Operational,"13029 Holmes Rd
Kansas City, MISSOURI 64145
(38.89076, -94.585936)"
510816,Frosty Treats #8 510816,Frosty Treats #8 510816,620  E Linwood Blve,,Kansas City,MISSOURI,64109,Open,Ice Cream Moblie Vendor,Ice Cream Moblie Vendor,,Operational,"620 E Linwood Blve
Kansas City, MISSOURI 64109
(39.06889, -94.577547)"
1989,Fairfield Inn & Suites KCI,Fairfield Inn & Suites KCI,11820 NW Plaza Circle,,Kansas City,MISSOURI,64153,Open,Restaurant/Deli 10-20 Employees,Restaurant/Deli,,Operational,"11820 NW Plaza Circle
Kansas City, MISSOURI 64153
(39.307977, -94.684089)"
4087,Cracker Barrel Old Country Store,Cracker Barrel Old Country Store,8225 N. Church Rd.,,Kansas City,MISSOURI,64158,Open,Restaurant/Deli 81-90 Employees,Restaurant/Deli,,Operational,"8225 N. Church Rd.
Kansas City, MISSOURI 64158
(39.240804, -94.461028)"
101091,CVS/ Pharmacy #05624,CVS/ Pharmacy #05624,4149 N Oak Trfwy,,Kansas City,MISSOURI,64116,Open,Retail Grocery/Market 3001-30000 sq. ft.,Retail Grocery/Market,,Operational,"4149 N Oak Trfwy
Kansas City, MISSOURI 64116
(39.169848, -94.576751)"
100494,U-Gene's Deli and Pizza,U-Gene's Deli and Pizza,11202 N Ambassador Dr ,,Kansas City,MISSOURI,64153,Open,Restaurant/Deli 6-9 Employees,Restaurant/Deli,http://www.ugenesdeliandpizza.com,Operational,"11202 N Ambassador Dr
Kansas City, MISSOURI 64153
(39.297714, -94.681711)"
19605,Harpo's Bar & Grill,Harpo's Bar & Grill,4109 PENNSYLVANIA ,,KANSAS CITY,MISSOURI,64111,Open,Restaurant/Deli 21-40 Employees,Restaurant/Deli,,Operational,"4109 PENNSYLVANIA
KANSAS CITY, MISSOURI 64111
(39.052175, -94.590921)"
101600,Family Dollar Stores No. 5998,Family Dollar Stores No. 5998,7500  Prospect Ave,,Kansas City,MISSOURI,64132,Open,Retail Grocery/Market 3001-30000 sq. ft.,Retail Grocery/Market,,Operational,"7500 Prospect Ave
Kansas City, MISSOURI 64132
(38.990613, -94.557288)"
1387,Crittenton Children's Center,Crittenton Children's Center,10918  Elm Ave,,Kansas City,MISSOURI,64134,Open,Restaurant/Deli 10-20 Employees,Restaurant/Deli,,Operational,"10918 Elm Ave
Kansas City, MISSOURI 64134
(38.924639, -94.477863)"
28380,Lidia's,Lidia's,101 West 22nd St ,,Kansas City,MISSOURI,64108,Open,Restaurant/Deli 71-80 Employees,Restaurant/Deli,http://www.lidias-kc.com,Operational,"101 West 22nd St
Kansas City, MISSOURI 64108
(39.087731, -94.585177)"
2860,Tony's Discount Center (Market),Tony's Discount Center (Market),2604 E 27th St ,,Kansas City,MISSOURI,64127,Open,Retail Grocery/Market 3001-30000 sq. ft.,Retail Grocery/Market,,Operational,"2604 E 27th St
Kansas City, MISSOURI 64127
(39.077083, -94.552176)"
101593,Family Dollar Store # 2051,Family Dollar Store # 2051,6827 Longview rd. ,,Kansas City,MISSOURI,64134,Open,Retail Grocery/Market 3001-30000 sq. ft.,Retail Grocery/Market,,Operational,"6827 Longview rd.
Kansas City, MISSOURI 64134
(38.915328, -94.512027)"
2597,Sonic Drive-In,Sonic Drive-In,8227 WORNALL ROAD ,,KANSAS CITY,MISSOURI,64114,Open,Restaurant/Deli 10-20 Employees,Restaurant/Deli,,Operational,"8227 WORNALL ROAD
KANSAS CITY, MISSOURI 64114
(38.97849, -94.594878)"
25221,Price Chopper,Price Chopper,5800 Wilson Rd,,Kansas City,MISSOURI,64123,Open,Retail Grocery/Market 40001-60000 sq. ft.,Retail Grocery/Market,,Operational,"5800 Wilson Rd
Kansas City, MISSOURI 64123
(39.105453, -94.513944)"
1163,Funky Town,Funky Town,8300 Blue Parkway ,,Kansas City,MISSOURI,64133,Open,Bar/Tavern 10-20 Employees,Bar/Tavern,,Operational,"8300 Blue Parkway
Kansas City, MISSOURI 64133
(39.010491, -94.488832)"
31394,Jasper's,Jasper's,1201 W. 103RD. ST. ,,KANSAS CITY,MISSOURI,64114,Open,Restaurant/Deli 21-40 Employees,Restaurant/Deli,,Operational,"1201 W. 103RD. ST.
KANSAS CITY, MISSOURI 64114
(38.941981, -94.6061)"
31390,Price Chopper (deli),Price Chopper (deli),1030 W 103RD ST ,,KANSAS CITY,MISSOURI,64114,Open,Restaurant/Deli 10-20 Employees,Restaurant/Deli,,Operational,"1030 W 103RD ST
KANSAS CITY, MISSOURI 64114
(38.941946, -94.605487)"
101905,Dairy Queen,Dairy Queen,14420 E 40 Highway ,,Kansas City,MISSOURI,64136,Open,Restaurant/Deli 10-20 Employees,Restaurant/Deli,,Operational,"14420 E 40 Highway
Kansas City, MISSOURI 64136
(39.035454, -94.410718)"
100551,Humdinger Drive-In,Humdinger Drive-In,2504 E 9th St,,Kansas City,MISSOURI,64124,Open,Restaurant/Deli 0-5 Employees,Restaurant/Deli,,Operational,"2504 E 9th St
Kansas City, MISSOURI 64124
(39.102512, -94.552119)"
101525,Chaz on the Plaza,Chaz on the Plaza,325 Ward Parkway ,,Kansas City,MISSOURI,64112,Open,Restaurant/Deli 41-60 Employees,Restaurant/Deli,,Operational,"325 Ward Parkway
Kansas City, MISSOURI 64112
(39.039894, -94.591398)"
22661,Greyhound Lines Food Service,Greyhound Lines Food Service,1101 Troost Ave,,Kansas City,MISSOURI,64106,Open,Restaurant/Deli 6-9 Employees,Restaurant/Deli,,Operational,"1101 Troost Ave
Kansas City, MISSOURI 64106
(39.09985, -94.569882)"
4835,Isle of Capri- Calypso Buffet,Isle of Capri- Calypso Buffet,1800  E Front Street,,Kansas City,MISSOURI,64120,Open,Restaurant/Deli 41-60 Employees,Restaurant/Deli,,Operational,"1800 E Front Street
Kansas City, MISSOURI 64120
(39.120302, -94.562031)"
30231,Maplewood Elementary School,Maplewood Elementary School,6400 NE 52nd St.,,Kansas City,MISSOURI,64119,Open,Fee Exempt,Fee Exempt,,Operational,"6400 NE 52nd St.
Kansas City, MISSOURI 64119
(39.187819, -94.506198)"
26243,Piccadilly Gift Shop,Piccadilly Gift Shop,10000 Wornall Rd.,,Kansas City,MISSOURI,64114,Open,Retail Grocery/Market Under 3000 sq. ft.,Retail Grocery/Market,,Operational,"10000 Wornall Rd.
Kansas City, MISSOURI 64114
(38.948645, -94.596284)"
101566,Taco Bell @ Tuileries Plaza Center,Taco Bell @ Tuileries Plaza Center,6350 N Lucerne Ave,,Kansas City,MISSOURI,64151,Open,Restaurant/Deli 10-20 Employees,Restaurant/Deli,,Operational,"6350 N Lucerne Ave
Kansas City, MISSOURI 64151
(39.209626, -94.652819)"
1382,Hazel Dobbs School,Hazel Dobbs School,9400  Eastern,,KANSAS CITY,MISSOURI,64138,Open,School - Public 0-5 Employees,School - Public; School - Public,,Operational,"9400 Eastern
KANSAS CITY, MISSOURI 64138
(38.953923, -94.503226)"
3066,Quik Trip #193 (Market),Quik Trip #193 (Market),601 NW 68TH ST. ,,KANSAS CITY,MISSOURI,64118,Open,Retail Grocery/Market 3001-30000 sq. ft.,Retail Grocery/Market,,Operational,"601 NW 68TH ST.
KANSAS CITY, MISSOURI 64118
(39.217397, -94.588489)"
27686,KC Marriott Downtown - Bistro/Lunch Box,KC Marriott Downtown - Bistro/Lunch Box,200 W 12th St,,Kansas City,MISSOURI,64105,Open,Restaurant/Deli 0-5 Employees,Restaurant/Deli,,Operational,"200 W 12th St
Kansas City, MISSOURI 64105
(39.10003, -94.585827)"
11346,Longhorn Steakhouse of Liberty,Longhorn Steakhouse of Liberty,9400 NE Barry Rd.,,Kansas City,MISSOURI,64157,Open,Restaurant/Deli 41-60 Employees,Restaurant/Deli,,Operational,"9400 NE Barry Rd.
Kansas City, MISSOURI 64157
(39.244868, -94.46299)"
4805,Ameristar Grand Pavillon/Banquet Room,Ameristar Grand Pavillon/Banquet Room,3200 N Ameristar Dr.,,Kansas City,MISSOURI,64161,Open,Restaurant/Deli 21-40 Employees,Restaurant/Deli,,Operational,"3200 N Ameristar Dr.
Kansas City, MISSOURI 64161
(39.150958, -94.477213)"
100656,Ameristar Cabaret Bar,Ameristar Cabaret Bar,3200 N Ameristar Dr,,Kansas City,MISSOURI,64161,Open,Bar/Tavern 0-5 Employees,Bar/Tavern,,Operational,"3200 N Ameristar Dr
Kansas City, MISSOURI 64161
(39.150958, -94.477213)"
100402,Worlds of Fun Santa Fe Street Tacos,Worlds of Fun Santa Fe Street Tacos,4545 WORLDS OF FUN AVE. ,,KANSAS CITY ,MISSOURI,64161,Open,Restaurant/Deli 0-5 Employees,Restaurant/Deli,,Operational,"4545 WORLDS OF FUN AVE.
KANSAS CITY, MISSOURI 64161
(39.174532, -94.492423)"
2288,Walgreen's,Walgreen's,4630 Troost,,Kansas City,MISSOURI,64110,Open,Retail Grocery/Market 3001-30000 sq. ft.,Retail Grocery/Market,http://www.walgreens.com,Operational,"4630 Troost
Kansas City, MISSOURI 64110
(39.042366, -94.572911)"
29981,Taco Bell #2953,Taco Bell #2953,1310  Emanuel Cleaver II Blvd.,,KANSAS CITY,MISSOURI,64110,Open,Restaurant/Deli 10-20 Employees,Restaurant/Deli,,Operational,"1310 Emanuel Cleaver II Blvd.
KANSAS CITY, MISSOURI 64110
(39.04164, -94.569775)"
2966,SONIC DRIVE IN,SONIC DRIVE IN,14500 E. US 40 HWY. ,,KANSAS CITY,MISSOURI,64136,Open,Restaurant/Deli 10-20 Employees,Restaurant/Deli,,Operational,"14500 E. US 40 HWY.
KANSAS CITY, MISSOURI 64136
(39.035527, -94.412313)"
101994,Dean's Food Mart,Dean's Food Mart,3901  Troost,,Kansas City ,MISSOURI,64110,Open,Retail Grocery/Market Under 3000 sq. ft.,Retail Grocery/Market,,Operational,"3901 Troost
Kansas City, MISSOURI 64110
(39.055904, -94.572123)"
2131,Stuart Symington School,Stuart Symington School,8650  Ruskin Way,,Kansas City,MISSOURI,64134,Open,Fee Exempt,Fee Exempt,,Operational,"8650 Ruskin Way
Kansas City, MISSOURI 64134
(38.919064, -94.490609)"
16152,Taqueria Mexico #2,Taqueria Mexico #2,5920 Independence Ave. ,,Kansas City,MISSOURI,64125,Open,Restaurant/Deli 10-20 Employees,Restaurant/Deli,,Operational,"5920 Independence Ave.
Kansas City, MISSOURI 64125
(39.104974, -94.512644)"
510516,Frosty Treats #27 510516,Frosty Treats #27 510516,620  E Linwood Blvs,,Kansas City,MISSOURI,64109,Open,Ice Cream Moblie Vendor,Ice Cream Moblie Vendor,,Operational,"620 E Linwood Blvs
Kansas City, MISSOURI 64109
(39.06889, -94.577547)"
1213,Carmen's Cafe,Carmen's Cafe,6307  Brookside Plaza,,Kansas City,MISSOURI,64113,Open,Restaurant/Deli 21-40 Employees,Restaurant/Deli,,Operational,"6307 Brookside Plaza
Kansas City, MISSOURI 64113
(39.013562, -94.590667)"
2556,Worlds of Fun Paisano's Pizza,Worlds of Fun Paisano's Pizza,4545 WORLDS OF FUN AVE ,,KANSAS CITY,MISSOURI,64161,Open,Restaurant/Deli 6-9 Employees,Restaurant/Deli,http://www.worldsoffun.com,Operational,"4545 WORLDS OF FUN AVE
KANSAS CITY, MISSOURI 64161
(39.174532, -94.492423)"
30350,7-Eleven #17258 Deli,7-Eleven #17258 Deli,319 E  63rd St,,Kansas City,MISSOURI,64113,Open,Restaurant/Deli 6-9 Employees,Restaurant/Deli,,Operational,"319 E 63rd St
Kansas City, MISSOURI 64113
(39.013665, -94.584069)"
100827,Hy-Vee (Deli),Hy-Vee (Deli),207  N.E. Englewood Road ,,Kansas City,MISSOURI,64118,Open,Restaurant/Deli 10-20 Employees,Restaurant/Deli,,Operational,"207 N.E. Englewood Road
Kansas City, MISSOURI 64118
(39.195994, -94.57985)"
100568,Bartle Hall Main Kitchen,Bartle Hall Main Kitchen,301  W. 13TH ST.,,Kansas City,MISSOURI,64105,Open,Restaurant/Deli 10-20 Employees,Restaurant/Deli,,Operational,"301 W. 13TH ST.
Kansas City, MISSOURI 64105
(39.0988, -94.58697)"
14474,Fritz's Railroad Restaurant,Fritz's Railroad Restaurant,2450 Grand/Suite 135 ,,Kansas City,MISSOURI,64108,Open,Restaurant/Deli 21-40 Employees,Restaurant/Deli,,Operational,"2450 Grand/Suite 135
Kansas City, MISSOURI 64108
(39.082903, -94.581877)"
2986,Winnwood School Cafeteria,Winnwood School Cafeteria,4531  NE 44th Terr.,,KANSAS CITY,MISSOURI,64117,Open,Fee Exempt,Fee Exempt,,Operational,"4531 NE 44th Terr.
KANSAS CITY, MISSOURI 64117
(39.174475, -94.526159)"
100217,Target Store (T1455-Starbucks),Target Store (T1455-Starbucks),9220 NE Barry Rd.,,Kansas City,MISSOURI,64157,Open,Restaurant/Deli 6-9 Employees,Restaurant/Deli,,Operational,"9220 NE Barry Rd.
Kansas City, MISSOURI 64157
(39.244879, -94.463669)"
17230,TARGET ,TARGET ,8420 N. MADISON AVE  ,,KANSAS CITY ,MISSOURI,64155,Open,Retail Grocery/Market 40001-60000 sq. ft.,Retail Grocery/Market,http://target.com,Operational,"8420 N. MADISON AVE
KANSAS CITY, MISSOURI 64155
(39.248262, -94.593727)"
1409,Denny's Restaurant # 7491,Denny's Restaurant # 7491,6887 E Front St,,KANSAS CITY,MISSOURI,64120,Open,Restaurant/Deli 21-40 Employees,Restaurant/Deli,,Operational,"6887 E Front St
KANSAS CITY, MISSOURI 64120
(39.130096, -94.502269)"
2510,First Watch,First Watch,1022  Westport Rd,,Kansas City,MISSOURI,64111,Open,Restaurant/Deli 21-40 Employees,Restaurant/Deli,,Operational,"1022 Westport Rd
Kansas City, MISSOURI 64111
(39.049852, -94.599397)"
27685,KC Marriott Downtown - 3rd Floor Pantry,KC Marriott Downtown - 3rd Floor Pantry,200 W 12th St,,Kansas City,MISSOURI,64105,Open,Restaurant/Deli 10-20 Employees,Restaurant/Deli,,Operational,"200 W 12th St
Kansas City, MISSOURI 64105
(39.10003, -94.585827)"
21790,Margarita's,Margarita's,2829 SW Blvd ,,Kansas City,MISSOURI,64108,Open,Restaurant/Deli 41-60 Employees,Restaurant/Deli,,Operational,"2829 SW Blvd
Kansas City, MISSOURI 64108
(39.076543, -94.602085)"
100260,Peter May's House of Kielbasa Deli,Peter May's House of Kielbasa Deli,1654 Bristol ,,Kansas City,MISSOURI,64126,Open,Restaurant/Deli 0-5 Employees,Restaurant/Deli,,Operational,"1654 Bristol
Kansas City, MISSOURI 64126
(39.090353, -94.500057)"
101753,You Say Tomato (Market),You Say Tomato (Market),2801  Holmes,,Kansas City,MISSOURI,64109,Open,Retail Grocery/Market Under 3000 sq. ft.,Retail Grocery/Market,,Operational,"2801 Holmes
Kansas City, MISSOURI 64109
(39.075322, -94.576323)"
19240,Disabled American Veterans Chapter # 2,Disabled American Veterans Chapter # 2,8787  Old Santa Fe Rd,,Kansas City,MISSOURI,64138,Open,Restaurant/Deli 10-20 Employees,Restaurant/Deli,,Operational,"8787 Old Santa Fe Rd
Kansas City, MISSOURI 64138
(38.965479, -94.50108)"
102000,Em Chamas Brazillian Grill,Em Chamas Brazillian Grill,6101 NW 63rd Terrace,,Kansas City,MISSOURI,64151,Open,Restaurant/Deli 41-60 Employees,Restaurant/Deli,,Operational,"6101 NW 63rd Terrace
Kansas City, MISSOURI 64151
(39.209379, -94.65142)"
4229,McDonald's Of Metro North,McDonald's Of Metro North,150 NW Barry Rd. ,,Kansas City,MISSOURI,64155,Open,Restaurant/Deli 41-60 Employees,Restaurant/Deli,,Operational,"150 NW Barry Rd.
Kansas City, MISSOURI 64155
(39.246424, -94.581831)"
101171,Subway,Subway,3550 E. Truman Rd.    ,,Kansas City,MISSOURI,64127,Open,Restaurant/Deli 0-5 Employees,Restaurant/Deli,,Operational,"3550 E. Truman Rd.
Kansas City, MISSOURI 64127
(39.09431, -94.540522)"
13545,Festival Foods - Deli,Festival Foods - Deli,4357 NE Chouteau Tfwy,,Kansas City,MISSOURI,64117,Open,Restaurant/Deli 10-20 Employees,Restaurant/Deli,,Operational,"4357 NE Chouteau Tfwy
Kansas City, MISSOURI 64117
(39.186509, -94.543538)"
101710,Malay Cafe,Malay Cafe,6003 NW Barry Rd,,Kansas City,MISSOURI,64154,Open,Restaurant/Deli 0-5 Employees,Restaurant/Deli,,Operational,"6003 NW Barry Rd
Kansas City, MISSOURI 64154
(39.246766, -94.648845)"
16120,Walgreens #04222,Walgreens #04222,5400 Indepedence Ave,,Kansas City,MISSOURI,64123,Open,Retail Grocery/Market 3001-30000 sq. ft.,Retail Grocery/Market,,Operational,"5400 Indepedence Ave
Kansas City, MISSOURI 64123
(39.105179, -94.518536)"
11341,McDonald's of Barry Rd.,McDonald's of Barry Rd.,9851 NE Barry Rd.,,Kansas City,MISSOURI,64157,Open,Restaurant/Deli 41-60 Employees,Restaurant/Deli,,Operational,"9851 NE Barry Rd.
Kansas City, MISSOURI 64157
(39.244622, -94.462018)"
101777,Green Acres (market),Green Acres (market),4175 N Mulberry Dr,,Kansas City,MISSOURI,64116,Open,Retail Grocery/Market 3001-30000 sq. ft.,Retail Grocery/Market,,Operational,"4175 N Mulberry Dr
Kansas City, MISSOURI 64116
(39.170047, -94.59927)"
1369,Warford School,Warford School,11400  Cleveland,,Kansas City,MISSOURI,64137,Open,Fee Exempt,Fee Exempt,,Operational,"11400 Cleveland
Kansas City, MISSOURI 64137
(38.919466, -94.54653)"
3145,New Mark Middle School Cafeteria,New Mark Middle School Cafeteria,515  N.E. 106th Street,,Kansas City,MISSOURI,64155,Open,Fee Exempt,Fee Exempt,,Operational,"515 N.E. 106th Street
Kansas City, MISSOURI 64155
(39.285662, -94.573696)"
100492,Sheffield Family Life Center,Feed the People,5915 Winner Rd.,,Kansas City,MISSOURI,64127,Open,Fee Exempt,Fee Exempt,,Operational,"5915 Winner Rd.
Kansas City, MISSOURI 64127
(39.101966, -94.513257)"
21750,Taqueria Mexico #1,Taqueria Mexico #1,910  SOUTHWEST BLVD ,,KANSAS CITY,MISSOURI,64108,Open,Restaurant/Deli 10-20 Employees,Restaurant/Deli,,Operational,"910 SOUTHWEST BLVD
KANSAS CITY, MISSOURI 64108
(39.083954, -94.59516)"
13343,Tremont Hen House,Tremont Hen House,6238 N Chatham Ave,,Kansas City,MISSOURI,64151,Open,Retail Grocery/Market 60001-80000 sq. ft.,Retail Grocery/Market,,Operational,"6238 N Chatham Ave
Kansas City, MISSOURI 64151
(39.209233, -94.643211)"
100064,Metropolitan Lutheran Ministry,Metropolitan Lutheran Ministry,3031 Holmes,,Kansas City,MISSOURI,64109,Open,Retail Grocery/Market Under 3000 sq. ft.,Retail Grocery/Market,http://www.mlmkc.org,Operational,"3031 Holmes
Kansas City, MISSOURI 64109
(39.071852, -94.576495)"
16620,KCI Car Care Center Inc. (deli),KCI Car Care Center Inc. (deli),426 Paris St. ,,Kansas City,MISSOURI,64153,Open,Restaurant/Deli 0-5 Employees,Restaurant/Deli,,Operational,"426 Paris St.
Kansas City, MISSOURI 64153
(39.301994, -94.711267)"
102008,Cerner South,Cerner South,10234 Marion Park Dr,,Kansas City,MISSOURI,64137,Open,Restaurant/Deli 6-9 Employees,Restaurant/Deli,,Operational,"10234 Marion Park Dr
Kansas City, MISSOURI 64137
(38.945247, -94.530859)"
13233,Don Bosco Center for Seniors,Don Bosco Center for Seniors,580 Campbell St,,Kansas City,MISSOURI,64106,Open,Restaurant/Deli 6-9 Employees,Restaurant/Deli,,Operational,"580 Campbell St
Kansas City, MISSOURI 64106
(39.107572, -94.572531)"
101738,In-a-Tub,In-a-Tub,4000 N Oak Trfwy,,Kansas City,MISSOURI,64116,Open,Restaurant/Deli 10-20 Employees,Restaurant/Deli,,Operational,"4000 N Oak Trfwy
Kansas City, MISSOURI 64116
(39.166991, -94.576754)"
14051,Isle of Capri- Lone Wolf,Isle of Capri- Lone Wolf,1800 E Front St,,Kansas City,MISSOURI,64120,Open,Restaurant/Deli 10-20 Employees,Restaurant/Deli,,Operational,"1800 E Front St
Kansas City, MISSOURI 64120
(39.120302, -94.562031)"
100917,Lew's Grill & Bar,Lew's Grill & Bar,7539 Wornall ,,Kansas City,MISSOURI,64114,Open,Restaurant/Deli 21-40 Employees,Restaurant/Deli,,Operational,"7539 Wornall
Kansas City, MISSOURI 64114
(38.991753, -94.594298)"
101711,Panera Bread Bakery Cafe #2727,Panera Bread Bakery Cafe #2727,1120 W 103rd St ,,Kansas City,MISSOURI,64114,Open,Restaurant/Deli 10-20 Employees,Restaurant/Deli,,Operational,"1120 W 103rd St
Kansas City, MISSOURI 64114
(38.941986, -94.606198)"
2049,Murdock's Seafood,Murdock's Seafood,4610 Prospect,,Kansas City,MISSOURI,64130,Open,Retail Grocery/Market Under 3000 sq. ft.,Retail Grocery/Market,,Operational,"4610 Prospect
Kansas City, MISSOURI 64130
(39.042367, -94.554285)"
2426,JC's Sports Bar,JC's Sports Bar,6135 NE Vivion Rd.,,Kansas City,MISSOURI,64119,Open,Bar/Tavern 0-5 Employees,Bar/Tavern,,Operational,"6135 NE Vivion Rd.
Kansas City, MISSOURI 64119
(39.1947, -94.507658)"
11922,KNIGHTS OF COLUMBUS #4962,KNIGHTS OF COLUMBUS #4962,5101 BLUE RIDGE CUTOFF ,,KANSAS CITY,MISSOURI,64133,Open,Restaurant/Deli 0-5 Employees,Restaurant/Deli,,Operational,"5101 BLUE RIDGE CUTOFF
KANSAS CITY, MISSOURI 64133
(39.03033, -94.480801)"
13723,Harvest Church (Faith Academy),Harvest Church (Faith Academy),4300 N. Corrington,,Kansas City,MISSOURI,64117,Open,School - Private 0-5 Employees,School - Private,,Operational,"4300 N. Corrington
Kansas City, MISSOURI 64117
(39.16985, -94.49562)"
1715,Sheraton Kansas City - Main Kitchen,Sheraton Kansas City - Main Kitchen,2345 McGee ,,Kansas City,MISSOURI,64108,Open,Restaurant/Deli 10-20 Employees,Restaurant/Deli,,Operational,"2345 McGee
Kansas City, MISSOURI 64108
(39.084743, -94.58049)"
31600,R.C.'s Restaurant & Back Door Lounge,R.C.'s Restaurant & Back Door Lounge,330  E 135TH ST,,Kansas City,MISSOURI,64145,Open,Restaurant/Deli 21-40 Employees,Restaurant/Deli,,Operational,"330 E 135TH ST
Kansas City, MISSOURI 64145
(38.882641, -94.591547)"
31445,Fox Hill Elementary School,Fox Hill Elementary School,545  N.E. 106th Street,,Kansas City,MISSOURI,64155,Open,Fee Exempt,Fee Exempt,,Operational,"545 N.E. 106th Street
Kansas City, MISSOURI 64155
(39.285659, -94.571732)"
2563,Worlds of Fun Grandma's Funnel Cake Kitchen,Worlds of Fun Grandma's Funnel Cake Kitchen,4545 WORLDS OF FUN AVE ,,KANSAS CITY,MISSOURI,64161,Open,Restaurant/Deli 0-5 Employees,Restaurant/Deli,,Operational,"4545 WORLDS OF FUN AVE
KANSAS CITY, MISSOURI 64161
(39.174532, -94.492423)"
515316,JERUSALEM CAFE 515316,JERUSALEM CAFE 515316,431 WESTPORT RD. ,,KANSAS CITY,MISSOURI,64111,Open,Mobile Unit/Pushcart,Mobile Unit/Pushcart,,Operational,"431 WESTPORT RD.
KANSAS CITY, MISSOURI 64111
(39.053155, -94.590839)"
4582,Avondale United Methodist Church,Avondale United Methodist Church,3101  NE Winn Rd,,Kansas City,MISSOURI,64117,Open,Restaurant/Deli 0-5 Employees,Restaurant/Deli,,Operational,"3101 NE Winn Rd
Kansas City, MISSOURI 64117
(39.159835, -94.544441)"
2676,Le Fou Frog,Le Fou Frog,400 E 5th St,,Kansas City,MISSOURI,64106,Open,Restaurant/Deli 10-20 Employees,Restaurant/Deli,,Operational,"400 E 5th St
Kansas City, MISSOURI 64106
(39.109076, -94.578971)"
27682,KC Marriott Downtown - Bar Central,KC Marriott Downtown - Bar Central,200 W 12th St,,Kansas City,MISSOURI,64105,Open,Restaurant/Deli 10-20 Employees,Restaurant/Deli,,Operational,"200 W 12th St
Kansas City, MISSOURI 64105
(39.10003, -94.585827)"
2211,SHAWNEE FLUFFY FRESH,SHAWNEE FLUFFY FRESH,10123 STATE LINE ,,KANSAS CITY,MISSOURI,64114,Open,Restaurant/Deli 0-5 Employees,Restaurant/Deli,,Operational,"10123 STATE LINE
KANSAS CITY, MISSOURI 64114
(38.9434, -94.608072)"
3021,Chartwells Education Food Service at Pembroke Wornall Campus,Chartwells Education Food Service at Pembroke Wornall Campus,400 W 51st St.,,Kansas City,MISSOURI,64112,Open,School - Private 6-9 Employees,School - Private,,Operational,"400 W 51st St.
Kansas City, MISSOURI 64112
(39.035177, -94.594202)"
3144,Baptiste Educational Center,Baptiste Educational Center,5401 E 103 Rd St,,Kansas City,MISSOURI,64137,Open,Fee Exempt,Fee Exempt,,Operational,"5401 E 103 Rd St
Kansas City, MISSOURI 64137
(38.938624, -94.526234)"
101208,Treat America @ Cafe 1055,Treat America @ Cafe 1055,1055 Broadway St,,Kansas City,MISSOURI,64105,Open,Restaurant/Deli 0-5 Employees,Restaurant/Deli,,Operational,"1055 Broadway St
Kansas City, MISSOURI 64105
(39.101476, -94.588354)"
15570,Minor Park Golf Course,Minor Park Golf Course,11105  Holmes Rd,,Kansas City,MISSOURI,64131,Open,Fee Exempt,Fee Exempt,,Operational,"11105 Holmes Rd
Kansas City, MISSOURI 64131
(38.925626, -94.58338)"
100171,Wal-Mart Supercenter #2955/ Grocery,Wal-Mart Supercenter #2955/ Grocery,1701 W. 133rd St. ,,Kansas City,MISSOURI,64145,Open,Retail Grocery/Market 30001-40000 sq. ft.,Retail Grocery/Market,,Operational,"1701 W. 133rd St.
Kansas City, MISSOURI 64145
(38.886576, -94.605521)"
101399,The Roasterie Cafe,The Roasterie Cafe,6223 Brookside Blvd ,,Kansas City,MISSOURI,64113,Open,Restaurant/Deli 10-20 Employees,Restaurant/Deli,,Operational,"6223 Brookside Blvd
Kansas City, MISSOURI 64113
(39.01482, -94.591123)"
4687,K.C. City Zoo Safari Snacks,K.C. City Zoo Safari Snacks,6800  Zoo Drive,,Kansas City,MISSOURI,64132,Open,Fee Exempt,Fee Exempt,,Operational,"6800 Zoo Drive
Kansas City, MISSOURI 64132
(39.00682, -94.53141)"
1150,Benton Market & Gas,Benton Market & Gas,1800 Benton ,,Kansas City,MISSOURI,64127,Open,Retail Grocery/Market Under 3000 sq. ft.,Retail Grocery/Market,,Operational,"1800 Benton
Kansas City, MISSOURI 64127
(39.090399, -94.549612)"
13933,SYNERGY SERVICES INC,SYNERGY SERVICES INC,1441 N.E. ENGLEWOOD ROAD ,,KANSAS CITY,MISSOURI,64118,Open,Restaurant/Deli 0-5 Employees,Restaurant/Deli,,Operational,"1441 N.E. ENGLEWOOD ROAD
KANSAS CITY, MISSOURI 64118
(39.195521, -94.561359)"
1530,Hillcrest Community Center,Hillcrest Community Center,10401  Hillcrest Rd.,,Kansas City,MISSOURI,64134,Open,Fee Exempt,Fee Exempt,,Operational,"10401 Hillcrest Rd.
Kansas City, MISSOURI 64134
(38.935749, -94.522681)"
100183,Main Street Shell Deli,Main Street Shell Deli,3742 Main St.  ,,Kansas City,MISSOURI,64111,Open,Restaurant/Deli 0-5 Employees,Restaurant/Deli,,Operational,"3742 Main St.
Kansas City, MISSOURI 64111
(39.05854, -94.585989)"
1461,Potato Bar & Salad Bar,Potato Bar & Salad Bar,2450 Grand,,Kansas City,MISSOURI,64108,Open,Restaurant/Deli 0-5 Employees,Restaurant/Deli,,Operational,"2450 Grand
Kansas City, MISSOURI 64108
(39.082903, -94.581877)"
510616,Frosty Treats #29 510616,Frosty Treats #29 510616,620  E Linwood Blvd,,Kansas City,MISSOURI,64109,Open,Ice Cream Moblie Vendor,Ice Cream Moblie Vendor,,Operational,"620 E Linwood Blvd
Kansas City, MISSOURI 64109
(39.06889, -94.577547)"
100784,Brookside Market #144 (Deli),Brookside Market #144 (Deli),14 W 62nd Terrace ,,Kansas City,MISSOURI,64113,Open,Restaurant/Deli 21-40 Employees,Restaurant/Deli,,Operational,"14 W 62nd Terrace
Kansas City, MISSOURI 64113
(39.014858, -94.589253)"
101107,McDonald's,McDonald's,5353 NW 64th St,,Kansas City,MISSOURI,64151,Open,Restaurant/Deli 61-70 Employees,Restaurant/Deli,,Operational,"5353 NW 64th St
Kansas City, MISSOURI 64151
(39.210516, -94.642265)"
1136,A. L. Renner School Cafeteria,A. L. Renner School Cafeteria,7401 NW Barry Rd,,Kansas City,MISSOURI,64153,Open,Fee Exempt,Fee Exempt,,Operational,"7401 NW Barry Rd
Kansas City, MISSOURI 64153
(39.246882, -94.665285)"
23691,Quik Trip  #204,Quik Trip  #204,6641 Truman Rd ,,Kanss City,MISSOURI,64126,Open,Restaurant/Deli 10-20 Employees,Restaurant/Deli,,Operational,"6641 Truman Rd
Kanss City, MISSOURI 64126
(39.093725, -94.503777)"
101538,Red Front Bar,Red Front Bar,310 Admiral Blvd,,Kansas City,MISSOURI,64106,Open,Restaurant/Deli 0-5 Employees,Restaurant/Deli,,Operational,"310 Admiral Blvd
Kansas City, MISSOURI 64106
(39.105331, -94.579265)"
17120,Crown Center Exhibit Hall Kitchen ,Crown Center Exhibit Hall Kitchen ,2323 McGee  ,,Kansas City,MISSOURI,64108,Open,Restaurant/Deli 10-20 Employees,Restaurant/Deli,,Operational,"2323 McGee
Kansas City, MISSOURI 64108
(39.085, -94.580481)"
1335,Chinn Elementary School,Chinn Elementary School,7100 N Chatham Rd,,Kansas City,MISSOURI,64151,Open,Fee Exempt,Fee Exempt,,Operational,"7100 N Chatham Rd
Kansas City, MISSOURI 64151
(39.223715, -94.643338)"
2542,Worlds of Fun Catering Kitchen,Worlds of Fun Catering Kitchen,4545 Worlds of Fun Ave,,Kansas City,MISSOURI,64161,Open,Restaurant/Deli 10-20 Employees,Restaurant/Deli,http://www.worldsoffun.com,Operational,"4545 Worlds of Fun Ave
Kansas City, MISSOURI 64161
(39.174532, -94.492423)"
4218,Country Club Christian Church,Country Club Christian Church,6101  Ward Parkway,,Kansas City,MISSOURI,64113,Open,Restaurant/Deli 0-5 Employees,Restaurant/Deli,,Operational,"6101 Ward Parkway
Kansas City, MISSOURI 64113
(39.017041, -94.601789)"
101506,Hilton President - Banquet Halls,Hilton President - Banquet Halls,1329 Baltimore Ave,,Kansas City,MISSOURI,64105,Open,Restaurant/Deli 91-100 Employees,Restaurant/Deli,,Operational,"1329 Baltimore Ave
Kansas City, MISSOURI 64105
(39.097468, -94.584424)"
4931,Ameristar Horizons Buffet/Chinatown,Ameristar Horizons Buffet/Chinatown,3200 N Ameristar Dr. ,,Kansas City,MISSOURI,64161,Open,Restaurant/Deli 6-9 Employees,Restaurant/Deli,,Operational,"3200 N Ameristar Dr.
Kansas City, MISSOURI 64161
(39.150958, -94.477213)"
2513,Quik Trip #176 (Deli),Quik Trip #176 (Deli),1301  Westport,,Kansas City,MISSOURI,64111,Open,Restaurant/Deli 10-20 Employees,Restaurant/Deli,,Operational,"1301 Westport
Kansas City, MISSOURI 64111
(39.049966, -94.601736)"
101900,Cost Plus World Market,Cost Plus World Market,535  Westport Road,,Kansas City,MISSOURI,64111,Open,Retail Grocery/Market 3001-30000 sq. ft.,Retail Grocery/Market,,Operational,"535 Westport Road
Kansas City, MISSOURI 64111
(39.052129, -94.592951)"
29050,TONY'S LIQUORS,TONY'S LIQUORS,3900 E 31ST ST ,,KANSAS CITY,MISSOURI,64128,Open,Retail Grocery/Market Under 3000 sq. ft.,Retail Grocery/Market,,Operational,"3900 E 31ST ST
KANSAS CITY, MISSOURI 64128
(39.069357, -94.537424)"
100685,Super Target-Pizza Hut  ,Super Target-Pizza Hut  ,1201 W. 136th St,,Kansas City,MISSOURI,64145,Open,Restaurant/Deli 10-20 Employees,Restaurant/Deli,,Operational,"1201 W. 136th St
Kansas City, MISSOURI 64145
(38.881513, -94.605217)"
22581,Embassy Suites Hotel - KCI,Embassy Suites Hotel - KCI,7640 NW. Tiffany Springs Pkwy. ,,Kansas City,MISSOURI,64153,Open,Restaurant/Deli 21-40 Employees,Restaurant/Deli,,Operational,"7640 NW. Tiffany Springs Pkwy.
Kansas City, MISSOURI 64153
(39.274314, -94.666731)"
14330,Treat America @ UMB Courtyard Deli,Treat America @ UMB Courtyard Deli,1010 Grand Ave,,Kansas City,MISSOURI,64106,Open,Restaurant/Deli 6-9 Employees,Restaurant/Deli,,Operational,"1010 Grand Ave
Kansas City, MISSOURI 64106
(39.10171, -94.580793)"
100597,Suburban Lawn and Garden,Suburban Lawn and Garden,4 W. 135th St ,,Kansas City,MISSOURI,64145,Open,Restaurant/Deli 0-5 Employees,Restaurant/Deli,,Operational,"4 W. 135th St
Kansas City, MISSOURI 64145
(38.883066, -94.59816)"
100534,Subway,Subway,4115  Blue Ridge Cut-Off,,Kansas City,MISSOURI,64133,Open,Restaurant/Deli 0-5 Employees,Restaurant/Deli,,Operational,"4115 Blue Ridge Cut-Off
Kansas City, MISSOURI 64133
(39.048186, -94.475656)"
4029,El Pueblito,El Pueblito,810 Southwest Blvd.,,Kansas City,MISSOURI,64108,Open,Restaurant/Deli 6-9 Employees,Restaurant/Deli,,Operational,"810 Southwest Blvd.
Kansas City, MISSOURI 64108
(39.08452, -94.594147)"
101792,Knuckleheads,Knuckleheads,2715  Rochester St.,,Kansas City,MISSOURI,64120,Open,Restaurant/Deli 6-9 Employees,Restaurant/Deli,,Operational,"2715 Rochester St.
Kansas City, MISSOURI 64120
(39.120646, -94.548532)"
4978,Ameristar Lucky 7 Bar ,Ameristar Lucky 7 Bar ,3200 N Ameristar Dr. ,,Kansas City,MISSOURI,64161,Open,Bar/Tavern 10-20 Employees,Bar/Tavern,,Operational,"3200 N Ameristar Dr.
Kansas City, MISSOURI 64161
(39.150958, -94.477213)"
31444,Courtyard By Marriott,Courtyard By Marriott,500 E  105th St,,Kansas City,MISSOURI,64131,Open,Restaurant/Deli 10-20 Employees,Restaurant/Deli,,Operational,"500 E 105th St
Kansas City, MISSOURI 64131
(38.939121, -94.587421)"
1140,Prairie Point Elementary School,Prairie Point Elementary School,8101 NW Belvidere Pkwy,,Kansas City,MISSOURI,64152,Open,Fee Exempt,Fee Exempt,,Operational,"8101 NW Belvidere Pkwy
Kansas City, MISSOURI 64152
(39.232525, -94.672508)"
100648,Starbucks / Hen House,Starbucks / Hen House,6238 N Chatham Rd ,,Kansas City,MISSOURI,64151,Open,Restaurant/Deli 0-5 Employees,Restaurant/Deli,,Operational,"6238 N Chatham Rd
Kansas City, MISSOURI 64151
(39.209233, -94.643211)"
101346,Teocali Mexican Restaurant & Cantina,Teocali Mexican Restaurant & Cantina,2512 Holmes ,,Kansas City,MISSOURI,64108,Open,Restaurant/Deli 10-20 Employees,Restaurant/Deli,,Operational,"2512 Holmes
Kansas City, MISSOURI 64108
(39.080976, -94.576004)"
3107,B.B.'s Lawnside BBQ,B.B.'s Lawnside BBQ,1205 E 85th St,,Kansas City,MISSOURI,64131,Open,Restaurant/Deli 10-20 Employees,Restaurant/Deli,,Operational,"1205 E 85th St
Kansas City, MISSOURI 64131
(38.973392, -94.574903)"
2224,NORTHWOOD SCHOOL CAFETERIA,NORTHWOOD SCHOOL CAFETERIA,4400 STERLING ,,KANSAS CITY,MISSOURI,64133,Open,Fee Exempt,Fee Exempt,,Operational,"4400 STERLING
KANSAS CITY, MISSOURI 64133
(39.042274, -94.447855)"
100986,Grinders Pizza Restaurant,Grinders Pizza Restaurant,417  E. 18th St,,Kansas City,MISSOURI,64108,Open,Restaurant/Deli 21-40 Employees,Restaurant/Deli,,Operational,"417 E. 18th St
Kansas City, MISSOURI 64108
(39.09161, -94.578082)"
19412,Oceans Of Fun Calypso Cafe,Oceans Of Fun Calypso Cafe,8200 NE PARVIN RD ,,KANSAS CITY,MISSOURI,64161,Open,Restaurant/Deli 6-9 Employees,Restaurant/Deli,http://www.worldsoffun.com,Operational,"8200 NE PARVIN RD
KANSAS CITY, MISSOURI 64161
(39.168338, -94.482474)"
100270,Ameristar Great Plains Cattle Company,Ameristar Great Plains Cattle Company,3200  N Ameristar Dr. ,,Kansas City,MISSOURI,64161,Open,Restaurant/Deli 21-40 Employees,Restaurant/Deli,,Operational,"3200 N Ameristar Dr.
Kansas City, MISSOURI 64161
(39.150958, -94.477213)"
101993,Our Lady of Angels School,Our Lady of Angels School,4232  Mercier,,Kansas City,MISSOURI,64111,Open,Restaurant/Deli 0-5 Employees,Restaurant/Deli,,Operational,"4232 Mercier
Kansas City, MISSOURI 64111
(39.051417, -94.602024)"
101092,CVS/Pharmacy #05697,CVS/Pharmacy #05697,3902 Main Street  ,,KC,MISSOURI,64111,Open,Retail Grocery/Market 3001-30000 sq. ft.,Retail Grocery/Market,,Operational,"3902 Main Street
KC, MISSOURI 64111
(39.056122, -94.586133)"
3040,Walgreen's #4210,Walgreen's #4210,1100 E. 63RD ST. ,,KANSAS CITY,MISSOURI,64110,Open,Retail Grocery/Market 3001-30000 sq. ft.,Retail Grocery/Market,,Operational,"1100 E. 63RD ST.
KANSAS CITY, MISSOURI 64110
(39.013221, -94.573947)"
1937,Alamo Restaurant & Lounge,Alamo Restaurant & Lounge,5010 NE Parvin Rd,,Kansas City,MISSOURI,64117,Open,Restaurant/Deli 10-20 Employees,Restaurant/Deli,,Operational,"5010 NE Parvin Rd
Kansas City, MISSOURI 64117
(39.167038, -94.519866)"
1215,Church's Chicken,Church's Chicken,9325  Blue Ridge Blvd.,,Kansas City,MISSOURI,64138,Open,Restaurant/Deli 10-20 Employees,Restaurant/Deli,,Operational,"9325 Blue Ridge Blvd.
Kansas City, MISSOURI 64138
(38.955437, -94.5065)"
100484,Worlds of Fun Employee Cafeteria,Worlds of Fun Employee Cafeteria,4545  Worlds of Fun Dr ,,Kansas City,MISSOURI,64161,Open,Restaurant/Deli 10-20 Employees,Restaurant/Deli,,Operational,"4545 Worlds of Fun Dr
Kansas City, MISSOURI 64161
(39.174532, -94.492423)"
3079,Tasso's Greek Restaurant,Tasso's Greek Restaurant,8411 Wornall Road,,Kansas City,MISSOURI,64114,Open,Restaurant/Deli 10-20 Employees,Restaurant/Deli,,Operational,"8411 Wornall Road
Kansas City, MISSOURI 64114
(38.976016, -94.595008)"
13101,Bella Napoli (deli),Bella Napoli (deli),6229  Brookside Blvd,,Kansas City,MISSOURI,64113,Open,Restaurant/Deli 6-9 Employees,Restaurant/Deli,,Operational,"6229 Brookside Blvd
Kansas City, MISSOURI 64113
(39.01461, -94.59122)"
3014,Winnetonka Senior High School,Winnetonka Senior High School,5815 NE 48th St.,,Kansas City,MISSOURI,64119,Open,Fee Exempt,Fee Exempt,,Operational,"5815 NE 48th St.
Kansas City, MISSOURI 64119
(39.18065, -94.50959)"
9010,DYS Northwest Regional Youth Center,DYS Northwest Regional Youth Center,4901 NE Barry Rd.,,Kansas City,MISSOURI,64156,Open,Restaurant/Deli 0-5 Employees,Restaurant/Deli,,Operational,"4901 NE Barry Rd.
Kansas City, MISSOURI 64156
(39.245511, -94.521991)"
4969,Ameristar Blackjack Bar ,Ameristar Blackjack Bar ,3200  N Ameristar Dr. ,,Kansas City,MISSOURI,64161,Open,Bar/Tavern 10-20 Employees,Bar/Tavern,,Operational,"3200 N Ameristar Dr.
Kansas City, MISSOURI 64161
(39.150958, -94.477213)"
2687,River Club,River Club,611 W 8th St,,Kansas City,MISSOURI,64105,Open,Restaurant/Deli 10-20 Employees,Restaurant/Deli,,Operational,"611 W 8th St
Kansas City, MISSOURI 64105
(39.104815, -94.59117)"
16420,The Capital Grille,The Capital Grille,4740 Jefferson,,Kansas City,MISSOURI,64112,Open,Restaurant/Deli 71-80 Employees,Restaurant/Deli,,Operational,"4740 Jefferson
Kansas City, MISSOURI 64112
(39.041699, -94.594715)"
100615,Temptations,Temptations,1517 Grand ,,Kansas City,MISSOURI,64108,Open,Bar/Tavern 0-5 Employees,Bar/Tavern,,Operational,"1517 Grand
Kansas City, MISSOURI 64108
(39.095238, -94.581146)"
2994,Tomfooleries Restaurant & Bar,Tomfooleries Restaurant & Bar,612 W 47th St.,,Kansas City,MISSOURI,64112,Open,Restaurant/Deli 21-40 Employees,Restaurant/Deli,http://www.tomfooleries.com,,"612 W 47th St.
Kansas City, MISSOURI 64112
(39.042425, -94.59424)"
14053,Isle of Capri- Java Bay Trading Co,Isle of Capri- Java Bay Trading Co,1800 East Front Street (2nd Floor),,Kansas City,MISSOURI,64120,Open,Restaurant/Deli 10-20 Employees,Restaurant/Deli,,Operational,"1800 East Front Street (2nd Floor)
Kansas City, MISSOURI 64120
(39.120302, -94.562031)"
18672,The Palace (VIP Room),The Palace (VIP Room),500 Nichols Rd.,,Kansas City,MISSOURI,64112,Open,Restaurant/Deli 41-60 Employees,Restaurant/Deli,http://www.cinemark.com,Operational,"500 Nichols Rd.
Kansas City, MISSOURI 64112
(39.041319, -94.593854)"
100178,Cornerstone Cafe,Cornerstone Cafe,615 E 13th St,,Kansas City,MISSOURI,64106,Open,Fee Exempt,Fee Exempt,,Operational,"615 E 13th St
Kansas City, MISSOURI 64106
(39.098377, -94.575677)"
100629,Subway ,Subway ,327 E 11th St,,Kansas City,MISSOURI,64106,Open,Restaurant/Deli 6-9 Employees,Restaurant/Deli,,Operational,"327 E 11th St
Kansas City, MISSOURI 64106
(39.10098, -94.578913)"
2799,The Beast,The Beast,1401 W 13th St,,Kansas City,MISSOURI,64102,Open,Restaurant/Deli 0-5 Employees,Restaurant/Deli,,Operational,"1401 W 13th St
Kansas City, MISSOURI 64102
(39.099693, -94.601824)"
1832,Minsky's Pizza,Minsky's Pizza,5105 Main,,Kansas City,MISSOURI,64112,Open,Restaurant/Deli 41-60 Employees,Restaurant/Deli,,Operational,"5105 Main
Kansas City, MISSOURI 64112
(39.034701, -94.587325)"
31510,Ruskin High School Outdoor Concession,Ruskin High School Outdoor Concession,7000  E 111TH ST,,Kansas City,MISSOURI,64134,Open,Fee Exempt,Fee Exempt,,Operational,"7000 E 111TH ST
Kansas City, MISSOURI 64134
(38.92251, -94.508143)"
101640,Kansas City Hospice,Kansas City Hospice,12000 Wornall Rd,,Kansas City,MISSOURI,64145,Open,Restaurant/Deli 0-5 Employees,Restaurant/Deli,,Operational,"12000 Wornall Rd
Kansas City, MISSOURI 64145
(38.909058, -94.593845)"
510916,Frosty Treats #21 510916,Frosty Treats #21 510916,620  E Linwood Blvd,,Kansas City,MISSOURI,64109,Open,Ice Cream Moblie Vendor,Ice Cream Moblie Vendor,,Operational,"620 E Linwood Blvd
Kansas City, MISSOURI 64109
(39.06889, -94.577547)"
2971,St Pius X High School,St Pius X High School,1500 NE 42nd Terr,,Kansas City,MISSOURI,64116,Open,School - Private 0-5 Employees,School - Private,,Operational,"1500 NE 42nd Terr
Kansas City, MISSOURI 64116
(39.17197, -94.561764)"
2550,Worlds of Fun Ice Cream Shop,Worlds of Fun Ice Cream Shop,4545 WORLDS OF FUN AVE ,,KANSAS CITY,MISSOURI,64161,Open,Restaurant/Deli 0-5 Employees,Restaurant/Deli,http://www.worldsoffun,Operational,"4545 WORLDS OF FUN AVE
KANSAS CITY, MISSOURI 64161
(39.174532, -94.492423)"
101475,Pizza Shoppe Of Platte Woods LLC,Pizza Shoppe Of Platte Woods LLC,7687 NW Prairie View Rd,,Kansas City,MISSOURI,64151,Open,Restaurant/Deli 21-40 Employees,Restaurant/Deli,http://www.pizzashoppe.com,Operational,"7687 NW Prairie View Rd
Kansas City, MISSOURI 64151
(39.234156, -94.65875)"
22131,EINSTEIN BROS. BAGELS #3079,EINSTEIN BROS. BAGELS #3079,10215 STATE LINE RD. ,,KANSAS CITY,MISSOURI,64114,Open,Restaurant/Deli 6-9 Employees,Restaurant/Deli,,Operational,"10215 STATE LINE RD.
KANSAS CITY, MISSOURI 64114
(38.94297, -94.608072)"
1711,The Brick,The Brick,1727 McGee ,,Kansas City,MISSOURI,64108,Open,Restaurant/Deli 10-20 Employees,Restaurant/Deli,,Operational,"1727 McGee
Kansas City, MISSOURI 64108
(39.092277, -94.580118)"
26171,7-ELEVEN #29066 (DELI),7-ELEVEN #29066 (DELI),8901 WORNALL ,,KANSAS CITY,MISSOURI,64114,Open,Restaurant/Deli 6-9 Employees,Restaurant/Deli,,Operational,"8901 WORNALL
KANSAS CITY, MISSOURI 64114
(38.966634, -94.595439)"
101627,Subway #38210,Subway #38210,1701 W 133rd St.,,Kansas City,MISSOURI,64145,Open,Restaurant/Deli 6-9 Employees,Restaurant/Deli,,Operational,"1701 W 133rd St.
Kansas City, MISSOURI 64145
(38.886576, -94.605521)"
31362,Subway,Subway,1120 W. 103RD. ST. ,,KANSAS CITY,MISSOURI,64114,Open,Restaurant/Deli 6-9 Employees,Restaurant/Deli,,Operational,"1120 W. 103RD. ST.
KANSAS CITY, MISSOURI 64114
(38.941986, -94.606198)"
101763,Tridel Food Mart,Tridel Food Mart,11050 Holmes Rd ,,Kansas City,MISSOURI,64131,Open,Retail Grocery/Market Under 3000 sq. ft.,Retail Grocery/Market,,Operational,"11050 Holmes Rd
Kansas City, MISSOURI 64131
(38.926118, -94.583325)"
2906,HAPPY FOOD CENTER,HAPPY FOOD CENTER,4019 E 31ST ST ,,KANSAS CITY,MISSOURI,64128,Open,Retail Grocery/Market 3001-30000 sq. ft.,Retail Grocery/Market,,Operational,"4019 E 31ST ST
KANSAS CITY, MISSOURI 64128
(39.069319, -94.535577)"
101817,Sharks Fish and Chicken,Sharks Fish and Chicken,3029 Prospect Ave ,,Kansas City,MISSOURI,64128,Open,Restaurant/Deli 0-5 Employees,Restaurant/Deli,,Operational,"3029 Prospect Ave
Kansas City, MISSOURI 64128
(39.071139, -94.552779)"
1692,Childrens Mercy Hospital Kitchen,Childrens Mercy Hospital Kitchen,2401  Gillham Rd,,Kansas City,MISSOURI,64108,Open,Restaurant/Deli 41-60 Employees,Restaurant/Deli,,Operational,"2401 Gillham Rd
Kansas City, MISSOURI 64108
(39.08275, -94.578611)"
11298,Taco Bell #4136,Taco Bell #4136,6350 NW Barry Rd,,Kansas City,MISSOURI,64154,Open,Restaurant/Deli 21-40 Employees,Restaurant/Deli,,Operational,"6350 NW Barry Rd
Kansas City, MISSOURI 64154
(39.247012, -94.653927)"
100221,Starbuck's Coffee,Starbuck's Coffee,8600 Ward Parkway ,,Kansas City,MISSOURI,64114,Open,Restaurant/Deli 10-20 Employees,Restaurant/Deli,,Operational,"8600 Ward Parkway
Kansas City, MISSOURI 64114
(38.971601, -94.60543)"
101064,CVS PHARMACY,CVS PHARMACY,7907 State Line Rd ,,Kansas City,MISSOURI,64114,Open,Retail Grocery/Market Under 3000 sq. ft.,Retail Grocery/Market,,Operational,"7907 State Line Rd
Kansas City, MISSOURI 64114
(38.985112, -94.608151)"
16643,Salvation Army -The Linwood Club,Salvation Army -The Linwood Club,101   W. Linwood,,Kansas City,MISSOURI,64111,Open,Restaurant/Deli 0-5 Employees,Restaurant/Deli,,Operational,"101 W. Linwood
Kansas City, MISSOURI 64111
(39.067938, -94.587032)"
101687,Piropos Restaurant,Piropos Restaurant,4141 N Mulberry Dr,,Kansas City,MISSOURI,64116,Open,Restaurant/Deli 41-60 Employees,Restaurant/Deli,http://www.piroposkc.com,Operational,"4141 N Mulberry Dr
Kansas City, MISSOURI 64116
(39.170319, -94.599048)"
1511,Fast Stop #5 Deli,Fast Stop #5 Deli,8431 Hickman Mills Dr,,Kansas City,MISSOURI,64132,Open,Restaurant/Deli 6-9 Employees,Restaurant/Deli,,Operational,"8431 Hickman Mills Dr
Kansas City, MISSOURI 64132
(38.973785, -94.548923)"
102033,CVS Pharmacy # 8578,CVS Pharmacy # 8578,6300 Prospect,,Kansas City,MISSOURI,64132,Open,Retail Grocery/Market 3001-30000 sq. ft.,Retail Grocery/Market,,Operational,"6300 Prospect
Kansas City, MISSOURI 64132
(39.012039, -94.556196)"
3028,Ravenwood Elementary School,Ravenwood Elementary School,5020 NE 58th St.,,Kansas City,MISSOURI,64119,Open,Fee Exempt,Fee Exempt,,Operational,"5020 NE 58th St.
Kansas City, MISSOURI 64119
(39.198953, -94.519625)"
1922,Nathan F. Lamar Memorial VFW Post #5606,Nathan F. Lamar Memorial VFW Post #5606,5406 NE Oakridge Rd.,,Kansas City,MISSOURI,64119,Open,Restaurant/Deli 0-5 Employees,Restaurant/Deli,,Operational,"5406 NE Oakridge Rd.
Kansas City, MISSOURI 64119
(39.192889, -94.513628)"
1147,Burke Elementary School,Burke Elementary School,11100  Bennington,,Kansas City,MISSOURI,64134,Open,Fee Exempt,Fee Exempt,,Operational,"11100 Bennington
Kansas City, MISSOURI 64134
(38.922837, -94.513939)"
17800,Residence Inn Kansas City Union Hill,Residence Inn Kansas City Union Hill,2975 Main,,Kansas City,MISSOURI,64108,Open,Restaurant/Deli 10-20 Employees,Restaurant/Deli,,Operational,"2975 Main
Kansas City, MISSOURI 64108
(39.073392, -94.585241)"
2254,Gracemor Elementary School,Gracemor Elementary School,5125 N. Sycamore,,Kansas City,MISSOURI,64119,Open,Fee Exempt,Fee Exempt,,Operational,"5125 N. Sycamore
Kansas City, MISSOURI 64119
(39.189419, -94.486084)"
100052,In-A-Tub,In-A-Tub,8174 NW Prairie View Rd,,Kansas City,MISSOURI,64151,Open,Restaurant/Deli 6-9 Employees,Restaurant/Deli,,Operational,"8174 NW Prairie View Rd
Kansas City, MISSOURI 64151
(39.24308, -94.658807)"
1639,O'Hara High School Food Service,O'Hara High School Food Service,9001 JAMES A REED RD ,,KANSAS CITY,MISSOURI,64138,Open,School - Private 0-5 Employees,School - Private,,Operational,"9001 JAMES A REED RD
KANSAS CITY, MISSOURI 64138
(38.961071, -94.493614)"
29930,McCormick & Schmick's,McCormick & Schmick's,448 W 47th St.,,Kansas City,MISSOURI,64112,Open,Restaurant/Deli 81-90 Employees,Restaurant/Deli,http://www.mccormickandschmicks.com,Operational,"448 W 47th St.
Kansas City, MISSOURI 64112
(39.042426, -94.593035)"
101165,Salvation Army,Salvation Army,1351 E 10th St,,Kansas City,MISSOURI,64106,Open,Restaurant/Deli 0-5 Employees,Restaurant/Deli,,Operational,"1351 E 10th St
Kansas City, MISSOURI 64106
(39.101764, -94.565636)"
100825,Hy-Vee (Food Court/Kitchen),Hy-Vee (Food Court/Kitchen),207 N.E. Englewood Road ,,Kansas City,MISSOURI,64118,Open,Restaurant/Deli 41-60 Employees,Restaurant/Deli,,Operational,"207 N.E. Englewood Road
Kansas City, MISSOURI 64118
(39.195994, -94.57985)"
1393,SIDE POCKETS NORTH,SIDE POCKETS NORTH,600 N.W. ENGLEWOOD RD. ,,KANSAS CITY,MISSOURI,64118,Open,Restaurant/Deli 21-40 Employees,Restaurant/Deli,,Operational,"600 N.W. ENGLEWOOD RD.
KANSAS CITY, MISSOURI 64118
(39.195724, -94.588116)"
1925,HICKMAN MILLS HIGH SCHOOL,HICKMAN MILLS HIGH SCHOOL,9010 OLD SANTA FE RD ,,KANSAS CITY,MISSOURI,64138,Open,School - Public 0-5 Employees,School - Public; School - Public,,Operational,"9010 OLD SANTA FE RD
KANSAS CITY, MISSOURI 64138
(38.959554, -94.507431)"
2428,CITY UNION MISSION FAMILY CENTER ,CITY UNION MISSION FAMILY CENTER ,1310 WABASH  ,,KANSAS CITY,MISSOURI,64127,Open,Restaurant/Deli 0-5 Employees,Restaurant/Deli,,Operational,"1310 WABASH
KANSAS CITY, MISSOURI 64127
(39.09706, -94.552625)"
100740,Harry's Country Club,Harry's Country Club,112 E Missouri Ave,,Kansas City,MISSOURI,64106,Open,Restaurant/Deli 21-40 Employees,Restaurant/Deli,,Operational,"112 E Missouri Ave
Kansas City, MISSOURI 64106
(39.10774, -94.580568)"
100219,Target Store (T1455- Bakery),Target Store (T1455- Bakery),9220  NE Barry Rd.,,Kansas City,MISSOURI,64157,Open,Retail Bakery Under 3000 sq. ft.,Retail Bakery,,Operational,"9220 NE Barry Rd.
Kansas City, MISSOURI 64157
(39.244879, -94.463669)"
2135,Eastgate Middle School Cafeteria,Eastgate Middle School Cafeteria,4700 Parvin Rd.,,KANSAS CITY,MISSOURI,64117,Open,Fee Exempt,Fee Exempt,,Operational,"4700 Parvin Rd.
KANSAS CITY, MISSOURI 64117
(39.166208, -94.525551)"
4306,O'Dowd's Little Dublin,O'Dowd's Little Dublin,4742 Pennsylvania,,Kansas City,MISSOURI,64112,Open,Restaurant/Deli 41-60 Employees,Restaurant/Deli,http://www.kchopps.com,Operational,"4742 Pennsylvania
Kansas City, MISSOURI 64112
(39.041085, -94.593599)"
2496,DAVE'S STAGECOACH INN,DAVE'S STAGECOACH INN,316 WESTPORT RD ,,KANSAS CITY ,MISSOURI,64111,Open,Bar/Tavern 0-5 Employees,Bar/Tavern,,Operational,"316 WESTPORT RD
KANSAS CITY, MISSOURI 64111
(39.053582, -94.589943)"
1826,Andre's Confiserie Suisse,Andre's Confiserie Suisse,5018 Main,,Kansas City,MISSOURI,64112,Open,Retail Bakery 3001-30000 sq. ft.,Retail Bakery,http://www.andreschocolates.com,Operational,"5018 Main
Kansas City, MISSOURI 64112
(39.036158, -94.587271)"
100488,A&M Raymore Inc.,A&M Raymore Inc.,1907 Jackson Ave.  ,,Kansas City,MISSOURI,64127,Open,Retail Grocery/Market Under 3000 sq. ft.,Retail Grocery/Market,,Operational,"1907 Jackson Ave.
Kansas City, MISSOURI 64127
(39.088389, -94.533497)"
2330,Epicurean,Epicurean,7502  Troost,,Kansas City,MISSOURI,64131,Open,Restaurant/Deli 0-5 Employees,Restaurant/Deli,,Operational,"7502 Troost
Kansas City, MISSOURI 64131
(38.991517, -94.57566)"
4141,Askew Inn,Askew Inn,3600 Independence Ave,,Kansas City,MISSOURI,64124,Open,Bar/Tavern 0-5 Employees,Bar/Tavern,,Operational,"3600 Independence Ave
Kansas City, MISSOURI 64124
(39.105894, -94.538887)"
4654,Line Creek Community Center,Line Creek Community Center,5940 NW Waukomis Dr,,Kansas City,MISSOURI,64151,Open,Fee Exempt,Fee Exempt,,Operational,"5940 NW Waukomis Dr
Kansas City, MISSOURI 64151
(39.202461, -94.608445)"
100774,Maple Valley State School,Maple Valley State School,2575 NE Barry Rd ,,Kansas City,MISSOURI,64155,Open,Fee Exempt,Fee Exempt,,Operational,"2575 NE Barry Rd
Kansas City, MISSOURI 64155
(39.249516, -94.533784)"
2489,Line Creek Elementary School,Line Creek Elementary School,5801 NW Waukomis Dr,,Kansas City,MISSOURI,64151,Open,Fee Exempt,Fee Exempt,,Operational,"5801 NW Waukomis Dr
Kansas City, MISSOURI 64151
(39.200282, -94.607973)"
2566,Worlds of Fun Chickies and Pete's,Worlds of Fun Chickies and Pete's,4545 Worlds of Fun Ave,,Kansas City,MISSOURI,64161,Open,Restaurant/Deli 10-20 Employees,Restaurant/Deli,http://www.worldsoffun,Operational,"4545 Worlds of Fun Ave
Kansas City, MISSOURI 64161
(39.174532, -94.492423)"
17991,Main Street Shell Grocery (3742 Main St.),Main Street Shell Grocery (3742 Main St.),3742 MAIN ST ,,KANSAS CITY,MISSOURI,64111,Open,Retail Grocery/Market Under 3000 sq. ft.,Retail Grocery/Market,,Operational,"3742 MAIN ST
KANSAS CITY, MISSOURI 64111
(39.05854, -94.585989)"
22202,Gary's BP,Gary's BP,13015  State Line,,Kansas City,MISSOURI,64145,Open,Retail Grocery/Market Under 3000 sq. ft.,Retail Grocery/Market,,Operational,"13015 State Line
Kansas City, MISSOURI 64145
(38.891289, -94.60798)"
102181,Mr. Le's Sushi,Mr. Le's Sushi,5024 NE Parvin Rd.,,Kansas City,MISSOURI,64117,Open,Restaurant/Deli 0-5 Employees,Restaurant/Deli,,Operational,"5024 NE Parvin Rd.
Kansas City, MISSOURI 64117
(39.167028, -94.519586)"
100647,Lamars Donuts,Lamars Donuts,9926 Holmes ,,Kansas City,MISSOURI,64131,Open,Retail Bakery 3001-30000 sq. ft.,Retail Bakery,,Operational,"9926 Holmes
Kansas City, MISSOURI 64131
(38.947253, -94.582408)"
1976,Westin Crown Center - Main Kitchen,Westin Crown Center - Main Kitchen,1 Pershing Rd ,,Kansas City,MISSOURI,64108,Open,Restaurant/Deli 6-9 Employees,Restaurant/Deli,,Operational,"1 Pershing Rd
Kansas City, MISSOURI 64108
(39.083995, -94.583523)"
27080,Salvation Army,Salvation Army,3013 E 9th St,,Kansas City,MISSOURI,64124,Open,Restaurant/Deli 0-5 Employees,Restaurant/Deli,,Operational,"3013 E 9th St
Kansas City, MISSOURI 64124
(39.102321, -94.546111)"
1299,Newhouse,Newhouse,660 Brooklyn Ave,,Kansas City,MISSOURI,64124,Open,Restaurant/Deli 0-5 Employees,Restaurant/Deli,,Operational,"660 Brooklyn Ave
Kansas City, MISSOURI 64124
(39.10486, -94.555766)"
3097,Walsh's Corner Cocktails,Walsh's Corner Cocktails,304 W. 85TH ST. ,,KANSAS CITY,MISSOURI,64114,Open,Restaurant/Deli 6-9 Employees,Restaurant/Deli,,Operational,"304 W. 85TH ST.
KANSAS CITY, MISSOURI 64114
(38.974184, -94.593895)"
102030,CVS Pharmacy,CVS Pharmacy,4750 Lees Summit Rd,,Kansas City,MISSOURI,64136,Open,Restaurant/Deli 10-20 Employees,Restaurant/Deli,,Operational,"4750 Lees Summit Rd
Kansas City, MISSOURI 64136
(39.032987, -94.388062)"
100607,Panera Bread Bakery,Panera Bread Bakery,4710 Pennsylvania,,Kansas City,MISSOURI,64112,Open,Restaurant/Deli 21-40 Employees,Restaurant/Deli,,Operational,"4710 Pennsylvania
Kansas City, MISSOURI 64112
(39.042027, -94.593497)"
2618,Princess Garden Restaurant,Princess Garden Restaurant,8906 Wornall Rd.,,Kansas City,MISSOURI,64114,Open,Restaurant/Deli 6-9 Employees,Restaurant/Deli,,Operational,"8906 Wornall Rd.
Kansas City, MISSOURI 64114
(38.966687, -94.595437)"
1323,Blue Hills Country Club,Blue Hills Country Club,777 W Burning Tree Drive,,Kansas City,MISSOURI,64145,Open,Restaurant/Deli 41-60 Employees,Restaurant/Deli,,Operational,"777 W Burning Tree Drive
Kansas City, MISSOURI 64145
(38.899328, -94.603115)"
19920,Tasty Thai,Tasty Thai,7104 NW Prairie View Rd,,Kansas City,MISSOURI,64151,Open,Restaurant/Deli 6-9 Employees,Restaurant/Deli,,Operational,"7104 NW Prairie View Rd
Kansas City, MISSOURI 64151
(39.224437, -94.65149)"
101580,Babycakes,Babycakes,108 E Missouri Ave,,Kansas City,MISSOURI,64106,Open,Restaurant/Deli 0-5 Employees,Restaurant/Deli,,Operational,"108 E Missouri Ave
Kansas City, MISSOURI 64106
(39.107688, -94.580836)"
15110,Fast Stop #5 Market,Fast Stop #5 Market,8431  Hickman Mills Dr,,Kansas City,MISSOURI,64132,Open,Retail Grocery/Market Under 3000 sq. ft.,Retail Grocery/Market,,Operational,"8431 Hickman Mills Dr
Kansas City, MISSOURI 64132
(38.973785, -94.548923)"
19562,Sodexo @ State Street Bank - Cafeteria,Sodexo @ State Street Bank - Cafeteria,801 Pennsylvania Ave,,Kansas City,MISSOURI,64105,Open,Restaurant/Deli 6-9 Employees,Restaurant/Deli,,Operational,"801 Pennsylvania Ave
Kansas City, MISSOURI 64105
(39.104157, -94.590967)"
101972,Ugly Joe's,Ugly Joe's,1227 W 103rd St,,Kansas City,MISSOURI,64114,Open,Restaurant/Deli 10-20 Employees,Restaurant/Deli,,Operational,"1227 W 103rd St
Kansas City, MISSOURI 64114
(38.942008, -94.606773)"
101339,Subway Restaurant at Walmart Store #234,Subway Restaurant at Walmart Store #234,8301 N Church Rd,,Kansas City,MISSOURI,64158,Open,Restaurant/Deli 6-9 Employees,Restaurant/Deli,,Operational,"8301 N Church Rd
Kansas City, MISSOURI 64158
(39.243357, -94.461821)"
2318,Amoco,Amoco,6401  Troost,,Kansas City,MISSOURI,64131,Open,Retail Grocery/Market Under 3000 sq. ft.,Retail Grocery/Market,,Operational,"6401 Troost
Kansas City, MISSOURI 64131
(39.011052, -94.574668)"
100563,Hy-Vee Store (market),Hy-Vee Store (market),207  N.E. Englewood Road,,Kansas City,MISSOURI,64118,Open,Retail Grocery/Market 60001-80000 sq. ft.,Retail Grocery/Market,,Operational,"207 N.E. Englewood Road
Kansas City, MISSOURI 64118
(39.195994, -94.57985)"
2600,TACO BELL #3266,TACO BELL #3266,8215  Wornall Road,,Kansas City,MISSOURI,64114,Open,Restaurant/Deli 21-40 Employees,Restaurant/Deli,,Operational,"8215 Wornall Road
Kansas City, MISSOURI 64114
(38.979112, -94.594848)"
101967,Buddies Lounge,Buddies Lounge,3715 Main,,Kansas City,MISSOURI,64111,Open,Restaurant/Deli 6-9 Employees,Restaurant/Deli,,Operational,"3715 Main
Kansas City, MISSOURI 64111
(39.059734, -94.585918)"
101342,Diamond Shamrock,Diamond Shamrock,8245 N. Oak Trafficway ,,Kansas City,MISSOURI,64118,Open,Retail Grocery/Market Under 3000 sq. ft.,Retail Grocery/Market,,Operational,"8245 N. Oak Trafficway
Kansas City, MISSOURI 64118
(39.244257, -94.57594)"
15572,Lipari Sunfresh Deli,Lipari Sunfresh Deli,11212  Holmes Rd,,Kansas City,MISSOURI,64131,Open,Restaurant/Deli 6-9 Employees,Restaurant/Deli,,Operational,"11212 Holmes Rd
Kansas City, MISSOURI 64131
(38.923945, -94.583509)"
101523,Hy-Vee Gas Station #2 (deli),Hy-Vee Gas Station #2 (deli),207  N.E. Englewood Road,,Kansas City,MISSOURI,64118,Open,Restaurant/Deli 6-9 Employees,Restaurant/Deli,,Operational,"207 N.E. Englewood Road
Kansas City, MISSOURI 64118
(39.195994, -94.57985)"
3026,PAVILION (SPORTS COMPLEX),PAVILION (SPORTS COMPLEX),8640  E. 57TH ST.,,KANSAS CITY,MISSOURI,64133,Open,Restaurant/Deli 0-5 Employees,Restaurant/Deli,,Operational,"8640 E. 57TH ST.
KANSAS CITY, MISSOURI 64133
(39.020159, -94.484397)"
100680,Northland Christian Education System,Northland Christian Education System,4214  NW Cookingham Road,,Kansas City,MISSOURI,64164,Open,School - Private 21-40 Employees,School - Private,http://www.northland.com,Operational,"4214 NW Cookingham Road
Kansas City, MISSOURI 64164
(39.311005, -94.629485)"
3163,"Jess & Jim's Steak House, Inc.","Jess & Jim's Steak House, Inc.",517  E 135TH ST,,Kansas City,MISSOURI,64145,Open,Restaurant/Deli 21-40 Employees,Restaurant/Deli,,Operational,"517 E 135TH ST
Kansas City, MISSOURI 64145
(38.882501, -94.589153)"
104999,Longfellow Elementary,Longfellow Elementary,2830 Holmes,,Kansas City,MISSOURI,64109,Open,Fee Exempt,Fee Exempt,,Operational,"2830 Holmes
Kansas City, MISSOURI 64109
(39.074922, -94.576334)"
100283,Ameristar Pastry Kitchen,Ameristar Pastry Kitchen,3200  N Ameristar Dr. ,,Kansas City,MISSOURI,64161,Open,Retail Bakery Under 3000 sq. ft.,Retail Bakery,,Operational,"3200 N Ameristar Dr.
Kansas City, MISSOURI 64161
(39.150958, -94.477213)"
101616,Beer Kitchen,Beer Kitchen,435 Westport Rd. ,,Kansas City,MISSOURI,64111,Open,Restaurant/Deli 21-40 Employees,Restaurant/Deli,,Operational,"435 Westport Rd.
Kansas City, MISSOURI 64111
(39.053135, -94.59088)"
21220,AMC Barrywoods 24 Theatres-Concession C,AMC Barrywoods 24 Theatres-Concession C,8101 NW Roanridge Rd,,Kansas City,MISSOURI,64151,Open,Restaurant/Deli 41-60 Employees,Restaurant/Deli,,Operational,"8101 NW Roanridge Rd
Kansas City, MISSOURI 64151
(39.243215, -94.657408)"
101631,Eggtc,Eggtc,5107 Main ,,Kansas City,MISSOURI,64112,Open,Restaurant/Deli 21-40 Employees,Restaurant/Deli,,Operational,"5107 Main
Kansas City, MISSOURI 64112
(39.034562, -94.587332)"
101083,Dollar General Store # 7042,Dollar General Store # 7042,11118 Blue Ridge Blvd ,,Kansas City,MISSOURI,64134,Open,Retail Grocery/Market 3001-30000 sq. ft.,Retail Grocery/Market,,Operational,"11118 Blue Ridge Blvd
Kansas City, MISSOURI 64134
(38.920652, -94.509894)"
2614,Price Chopper/ Grocery,Price Chopper/ Grocery,8430 WORNALL ROAD ,,KANSAS CITY,MISSOURI,64114,Open,Retail Grocery/Market 40001-60000 sq. ft.,Retail Grocery/Market,,Operational,"8430 WORNALL ROAD
KANSAS CITY, MISSOURI 64114
(38.975115, -94.595052)"
11292,Panera Bread,Panera Bread,6145 NW Barry Rd,,Kansas City,MISSOURI,64154,Open,Restaurant/Deli 21-40 Employees,Restaurant/Deli,,Operational,"6145 NW Barry Rd
Kansas City, MISSOURI 64154
(39.246781, -94.64963)"
16210,TACO EXPRESS,TACO EXPRESS,6520  INDEPENDENCE AVE,,KANSAS CITY,MISSOURI,64125,Open,Restaurant/Deli 6-9 Employees,Restaurant/Deli,,Operational,"6520 INDEPENDENCE AVE
KANSAS CITY, MISSOURI 64125
(39.104676, -94.505349)"
101782,Aldi Food Store #32,Aldi Food Store #32,8251 N. Oxford Ave,,Kansas City,MISSOURI,64158,Open,Retail Grocery/Market 3001-30000 sq. ft.,Retail Grocery/Market,,Operational,"8251 N. Oxford Ave
Kansas City, MISSOURI 64158
(39.243595, -94.465985)"
2255,EASTWOOD HILLS SCHOOL CAFETERIA,EASTWOOD HILLS SCHOOL CAFETERIA,5290 SYCAMORE ,,KANSAS CITY,MISSOURI,64129,Open,Fee Exempt,Fee Exempt,http://www.raytownqualityschools.org,Operational,"5290 SYCAMORE
KANSAS CITY, MISSOURI 64129
(39.028256, -94.491907)"
3035,7-Eleven #17258 Retail,7-Eleven #17258 Retail,319 E  63rd St,,Kansas City,MISSOURI,64113,Open,Retail Grocery/Market Under 3000 sq. ft.,Retail Grocery/Market,,Operational,"319 E 63rd St
Kansas City, MISSOURI 64113
(39.013665, -94.584069)"
2947,"Jazz, A Louisiana Kitchen - Papa Vic's The Jigger","Jazz, A Louisiana Kitchen - Papa Vic's The Jigger",1823 W 39TH ST ,,Kansas City,MISSOURI,64111,Open,Restaurant/Deli 41-60 Employees,Restaurant/Deli,,Operational,"1823 W 39TH ST
Kansas City, MISSOURI 64111
(39.057284, -94.607149)"
100483,Ameristar Sports Brew Pub,Ameristar Sports Brew Pub,3200 N Ameristar,,Kansas City,MISSOURI,64161,Open,Restaurant/Deli 21-40 Employees,Restaurant/Deli,,Operational,"3200 N Ameristar
Kansas City, MISSOURI 64161
(39.150958, -94.477213)"
101292,"Hy-Vee Grocery Store, Convenience","Hy-Vee Grocery Store, Convenience",14170 E Highway 40 ,,Kansas City,MISSOURI,64136,Open,Retail Grocery/Market Under 3000 sq. ft.,Retail Grocery/Market,,Operational,"14170 E Highway 40
Kansas City, MISSOURI 64136
(39.035611, -94.414121)"
11242,WALGREENS,WALGREENS,401 NE BARRY RD. ,,KANSAS CITY,MISSOURI,64155,Open,Retail Grocery/Market 3001-30000 sq. ft.,Retail Grocery/Market,,Operational,"401 NE BARRY RD.
KANSAS CITY, MISSOURI 64155
(39.246293, -94.574982)"
19175,Quik Trip #221 (Market),Quik Trip #221 (Market),9340 N Oak Tfwy,,Kansas City,MISSOURI,64155,Open,Retail Grocery/Market 3001-30000 sq. ft.,Retail Grocery/Market,,Operational,"9340 N Oak Tfwy
Kansas City, MISSOURI 64155
(39.263606, -94.575804)"
100683,Super Target-Food Avenue,Super Target-Food Avenue,1201 W. 136th St,,Kansas City,MISSOURI,64145,Open,Restaurant/Deli 0-5 Employees,Restaurant/Deli,,Operational,"1201 W. 136th St
Kansas City, MISSOURI 64145
(38.881513, -94.605217)"
2816,YJ's Snack Bar,YJ's Snack Bar,128 W 18th St ,,KANSAS CITY,MISSOURI,64108,Open,Restaurant/Deli 6-9 Employees,Restaurant/Deli,,Operational,"128 W 18th St
KANSAS CITY, MISSOURI 64108
(39.091888, -94.585693)"
2931,Missie B's,Missie B's,805  W. 39th St,,Kansas City,MISSOURI,64111,Open,Bar/Tavern 0-5 Employees,Bar/Tavern,,Operational,"805 W. 39th St
Kansas City, MISSOURI 64111
(39.056931, -94.595879)"
1319,Winstead's,Winstead's,101 Emmanuel Cleaver II Blvd.,,Kansas City,MISSOURI,64112,Open,Restaurant/Deli 41-60 Employees,Restaurant/Deli,,Operational,"101 Emmanuel Cleaver II Blvd.
Kansas City, MISSOURI 64112
(39.042063, -94.585511)"
19891,Microtel Inn & Suites,Microtel Inn & Suites,11831 NW Plaza Circle,,Kansas City,MISSOURI,64153,Open,Restaurant/Deli 0-5 Employees,Restaurant/Deli,,Operational,"11831 NW Plaza Circle
Kansas City, MISSOURI 64153
(39.309017, -94.682991)"
100865,Embassy Suites - Banquet Kitchen,Embassy Suites - Banquet Kitchen,220 W. 43rd Street ,,Kansas City,MISSOURI,64111,Open,Restaurant/Deli 10-20 Employees,Restaurant/Deli,,Operational,"220 W. 43rd Street
Kansas City, MISSOURI 64111
(39.049372, -94.588348)"
2543,Worlds of Fun Coke Refresh Station,Worlds of Fun Coke Refresh Station,4545 WORLDS OF FUN AVE ,,KANSAS CITY,MISSOURI,64161,Open,Restaurant/Deli 0-5 Employees,Restaurant/Deli,,Operational,"4545 WORLDS OF FUN AVE
KANSAS CITY, MISSOURI 64161
(39.174532, -94.492423)"
2559,Worlds of Fun Chicken Shack,Worlds of Fun Chicken Shack,4545 Worlds of Fun Ave,,Kansas City,MISSOURI,64161,Open,Restaurant/Deli 6-9 Employees,Restaurant/Deli,http://www.worldsoffun.com,Operational,"4545 Worlds of Fun Ave
Kansas City, MISSOURI 64161
(39.174532, -94.492423)"
1962,Buzzard Beach,Buzzard Beach,4110 Pennsylvania,,Kansas City,MISSOURI,64111,Open,Bar/Tavern 10-20 Employees,Bar/Tavern,,Operational,"4110 Pennsylvania
Kansas City, MISSOURI 64111
(39.052385, -94.591088)"
101541,BP Westport,BP Westport,4004 Broadway ,,Kansas City,MISSOURI,64111,Open,Retail Grocery/Market Under 3000 sq. ft.,Retail Grocery/Market,,Operational,"4004 Broadway
Kansas City, MISSOURI 64111
(39.054872, -94.590873)"
100968,Dollar General #8971,Dollar General #8971,6244 N Chatham Ave,,Kansas City,MISSOURI,64151,Open,Retail Grocery/Market 3001-30000 sq. ft.,Retail Grocery/Market,,Operational,"6244 N Chatham Ave
Kansas City, MISSOURI 64151
(39.209205, -94.643215)"
100083,Honey Baked Ham Co. (Deli),Honey Baked Ham Co. (Deli),6005 NW Barry Rd,,Kansas City,MISSOURI,64154,Open,Restaurant/Deli 6-9 Employees,Restaurant/Deli,,Operational,"6005 NW Barry Rd
Kansas City, MISSOURI 64154
(39.246766, -94.648862)"
1291,Gojo Japanese Steakhouse,Gojo Japanese Steakhouse,4163 BROADWAY,,KANSAS CITY,MISSOURI,64111,Open,Restaurant/Deli 10-20 Employees,Restaurant/Deli,,Operational,"4163 BROADWAY
KANSAS CITY, MISSOURI 64111
(39.051315, -94.588995)"
2046,Johnny's Donuts,Johnny's Donuts,4424 Prospect,,Kansas City,MISSOURI,64130,Open,Restaurant/Deli 0-5 Employees,Restaurant/Deli,,Operational,"4424 Prospect
Kansas City, MISSOURI 64130
(39.045612, -94.554109)"
12220,Price Chopper # 17 Deli,Price Chopper # 17 Deli,9550  Blue Ridge Blvd,,Kansas City,MISSOURI,64134,Open,Restaurant/Deli 41-60 Employees,Restaurant/Deli,,Operational,"9550 Blue Ridge Blvd
Kansas City, MISSOURI 64134
(38.951065, -94.508019)"
4584,Bazooka's Showgirls,Bazooka's Showgirls,1717 Main ,,Kansas City,MISSOURI,64108,Open,Bar/Tavern 0-5 Employees,Bar/Tavern,,Operational,"1717 Main
Kansas City, MISSOURI 64108
(39.092575, -94.583546)"
2551,Worlds of Fun Mix it Up,Worlds of Fun Mix it Up,4545 WORLDS OF FUN AVE ,,KANSAS CITY,MISSOURI,64161,Open,Restaurant/Deli 0-5 Employees,Restaurant/Deli,http://www.worldsoffun.com,Operational,"4545 WORLDS OF FUN AVE
KANSAS CITY, MISSOURI 64161
(39.174532, -94.492423)"
506415,Frosty Treats #36 506415,Frosty Treats #36 506415,620  E Linwood Ave,,Kansas City,MISSOURI,64109,Open,Ice Cream Moblie Vendor,Ice Cream Moblie Vendor,,Operational,"620 E Linwood Ave
Kansas City, MISSOURI 64109
(39.06889, -94.577547)"
1130,Hodge Park Golf Club House,Hodge Park Golf Club House,6800 NE Barry Rd.,,Kansas City,MISSOURI,64156,Open,Restaurant/Deli 0-5 Employees,Restaurant/Deli,,Operational,"6800 NE Barry Rd.
Kansas City, MISSOURI 64156
(39.250638, -94.507087)"
4856,Williams Sonoma,Williams Sonoma,4764 BROADWAY ,,KANSAS CITY,MISSOURI,64112,Open,Restaurant/Deli 21-40 Employees,Restaurant/Deli,,Operational,"4764 BROADWAY
KANSAS CITY, MISSOURI 64112
(39.040843, -94.591672)"
30240,Aixois,Aixois,301 E  55th St,,Kansas City,MISSOURI,64113,Open,Restaurant/Deli 10-20 Employees,Restaurant/Deli,,Operational,"301 E 55th St
Kansas City, MISSOURI 64113
(39.027529, -94.583579)"
26140,Price Chopper Deli,Price Chopper Deli,8430 WORNALL ROAD ,,KANSAS CITY,MISSOURI,64114,Open,Restaurant/Deli 6-9 Employees,Restaurant/Deli,,Operational,"8430 WORNALL ROAD
KANSAS CITY, MISSOURI 64114
(38.975115, -94.595052)"
100754,Municipal Auditorium - Aramark - Stand #232,Municipal Auditorium - Aramark - Stand #232,301 W. 13th. St. ,Municipal Auditorium,Kansas City,MISSOURI,64105,Open,Restaurant/Deli 0-5 Employees,Restaurant/Deli,,Operational,"301 W. 13th. St.
Kansas City, MISSOURI 64105
(39.0988, -94.58697)"
507115,Frosty Treats #25 507115,Frosty Treats #25 507115,620  E Linwood Blvd,,Kansas City,MISSOURI,64109,Open,Ice Cream Moblie Vendor,Ice Cream Moblie Vendor,,Operational,"620 E Linwood Blvd
Kansas City, MISSOURI 64109
(39.06889, -94.577547)"
21682,La Posada Restaurant,La Posada Restaurant,722 Southwest Blvd.,,Kansas City,MISSOURI,64108,Open,Restaurant/Deli 0-5 Employees,Restaurant/Deli,,Operational,"722 Southwest Blvd.
Kansas City, MISSOURI 64108
(39.085012, -94.593332)"
3057,PRICE CHOPPER - DELI,PRICE CHOPPER - DELI,8700 EAST 63RD ST. ,,KANSAS CITY,MISSOURI,64133,Open,Restaurant/Deli 10-20 Employees,Restaurant/Deli,,Operational,"8700 EAST 63RD ST.
KANSAS CITY, MISSOURI 64133
(39.009631, -94.482949)"
100282,McDonalds,McDonalds,6830 NW 83rd Ter,,Kansas City,MISSOURI,64152,Open,Restaurant/Deli 61-70 Employees,Restaurant/Deli,,Operational,"6830 NW 83rd Ter
Kansas City, MISSOURI 64152
(39.245442, -94.660343)"
101173,Kansas City Soccer Dome,Kansas City Soccer Dome,5909 Equitable Road,,Kansas City,MISSOURI,64120,Open,Bar/Tavern 0-5 Employees,Bar/Tavern,,Operational,"5909 Equitable Road
Kansas City, MISSOURI 64120
(39.13718, -94.512158)"
1881,NORFLEET SCHOOL CAFETERIA,NORFLEET SCHOOL CAFETERIA,6140 NORFLEET ,,KANSAS CITY,MISSOURI,64133,Open,Fee Exempt,Fee Exempt,,Operational,"6140 NORFLEET
KANSAS CITY, MISSOURI 64133
(39.008459, -94.430842)"
102031,CVS Pharmacy,CVS Pharmacy,2435 Independence Ave,,Kansas CIty,MISSOURI,64124,Open,Retail Grocery/Market 3001-30000 sq. ft.,Retail Grocery/Market,,Operational,"2435 Independence Ave
Kansas CIty, MISSOURI 64124
(39.106327, -94.551615)"
2367,Teresa's Drive In,Teresa's Drive In,6450 Truman Rd ,,Kansas City,MISSOURI,64126,Open,Restaurant/Deli 6-9 Employees,Restaurant/Deli,,Operational,"6450 Truman Rd
Kansas City, MISSOURI 64126
(39.093776, -94.505888)"
2790,SHADY LADY LOUNGE,SHADY LADY LOUNGE,2800 E 12TH ST ,,Kansas City,MISSOURI,64127,Open,Restaurant/Deli 10-20 Employees,Restaurant/Deli,,Operational,"2800 E 12TH ST
Kansas City, MISSOURI 64127
(39.098762, -94.548861)"
101774,Starbucks Coffee Company,Starbucks Coffee Company,4101 Main Street ,,Kansas City,MISSOURI,64111,Open,Restaurant/Deli 10-20 Employees,Restaurant/Deli,,Operational,"4101 Main Street
Kansas City, MISSOURI 64111
(39.051442, -94.586403)"
18670,The Palace (West Concession),The Palace (West Concession),500 Nichols Rd.,,Kansas City,MISSOURI,64112,Open,Restaurant/Deli 41-60 Employees,Restaurant/Deli,http://www.cinemark.com,Operational,"500 Nichols Rd.
Kansas City, MISSOURI 64112
(39.041319, -94.593854)"
4163,Tivoli at Manor Square,Tivoli at Manor Square,4050 Pennsylvania,Suite #200,Kansas City,MISSOURI,64111,Open,Restaurant/Deli 10-20 Employees,Restaurant/Deli,,Operational,"4050 Pennsylvania
Kansas City, MISSOURI 64111
(39.054355, -94.592656)"
100674,McDonald's,McDonald's,8326 Wornall Rd ,,Kansas City,MISSOURI,64114,Open,Restaurant/Deli 21-40 Employees,Restaurant/Deli,,Operational,"8326 Wornall Rd
Kansas City, MISSOURI 64114
(38.976494, -94.594982)"
30660,Quik Trip #193 (Deli),Quik Trip #193 (Deli),601 NW 68TH ST. ,,KANSAS CITY,MISSOURI,64118,Open,Restaurant/Deli 10-20 Employees,Restaurant/Deli,,Operational,"601 NW 68TH ST.
KANSAS CITY, MISSOURI 64118
(39.217397, -94.588489)"
101268,Friends Sushi & Bento Place,Friends Sushi & Bento Place,1808 W. 39th Street ,,KC,MISSOURI,64111,Open,Restaurant/Deli 0-5 Employees,Restaurant/Deli,,Operational,"1808 W. 39th Street
KC, MISSOURI 64111
(39.057344, -94.606644)"
2666,Caddyshack Pub,Caddyshack Pub,700 E 3rd St,,Kansas City,MISSOURI,64106,Open,Restaurant/Deli 6-9 Employees,Restaurant/Deli,,Operational,"700 E 3rd St
Kansas City, MISSOURI 64106
(39.111333, -94.576082)"
13171,Foo's Fabulous Frozen Custard,Foo's Fabulous Frozen Custard,6235  Brookside Plaza,,Kansas City,MISSOURI,64113,Open,Restaurant/Deli 6-9 Employees,Restaurant/Deli,,Operational,"6235 Brookside Plaza
Kansas City, MISSOURI 64113
(39.014539, -94.590281)"
101598,Family Dollar Store,Family Dollar Store,1201 E Meyer Blvd ,,Kansas City,MISSOURI,64131,Open,Retail Grocery/Market 3001-30000 sq. ft.,Retail Grocery/Market,,Operational,"1201 E Meyer Blvd
Kansas City, MISSOURI 64131
(39.011432, -94.573641)"
17224,Minsky's Pizza,Minsky's Pizza,427 Main St,,Kansas City,MISSOURI,64105,Open,Restaurant/Deli 21-40 Employees,Restaurant/Deli,,Operational,"427 Main St
Kansas City, MISSOURI 64105
(39.109351, -94.583122)"
4998,Ameristar Horizons Buffet/Farmers Market,Ameristar Horizons Buffet/Farmers Market,3200 N Ameristar Dr,,Kansas City,MISSOURI,64161,Open,Restaurant/Deli 6-9 Employees,Restaurant/Deli,,Operational,"3200 N Ameristar Dr
Kansas City, MISSOURI 64161
(39.150958, -94.477213)"
1303,ARTHUR BRYANT'S BARBEQUE,ARTHUR BRYANT'S BARBEQUE,1727 BROOKLYN ,,KANSAS CITY,MISSOURI,64127,Open,Restaurant/Deli 10-20 Employees,Restaurant/Deli,,Operational,"1727 BROOKLYN
KANSAS CITY, MISSOURI 64127
(39.091491, -94.556405)"
4983,Ameristar Deli Lux,Ameristar Deli Lux,3200 N Ameristar Dr,,Kansas City,MISSOURI,64161,Open,Restaurant/Deli 6-9 Employees,Restaurant/Deli,,Operational,"3200 N Ameristar Dr
Kansas City, MISSOURI 64161
(39.150958, -94.477213)"
102029,CVS Pharmacy,CVS Pharmacy,330 NE Barry Rd.,,Kansas City,MISSOURI,64155,Open,Retail Grocery/Market Under 3000 sq. ft.,Retail Grocery/Market,,Operational,"330 NE Barry Rd.
Kansas City, MISSOURI 64155
(39.246406, -94.57657)"
4271,K.C. City Zoo Rafiki Restaurant,K.C. City Zoo Rafiki Restaurant,6800  Zoo Drive,,KANSAS CITY,MISSOURI,64132,Open,Fee Exempt,Fee Exempt,,Operational,"6800 Zoo Drive
KANSAS CITY, MISSOURI 64132
(39.00682, -94.53141)"
101255,UMKC Food Service,UMKC Food Service,5000 Holmes ,,Kansas City,MISSOURI,64112,Open,Restaurant/Deli 10-20 Employees,Restaurant/Deli,,Operational,"5000 Holmes
Kansas City, MISSOURI 64112
(39.035197, -94.577983)"
2504,KELLY'S WESTPORT INN,KELLY'S WESTPORT INN,500 WESTPORT RD ,,KANSAS CITY,MISSOURI,64111,Open,Bar/Tavern 21-40 Employees,Bar/Tavern,,Operational,"500 WESTPORT RD
KANSAS CITY, MISSOURI 64111
(39.052779, -94.591622)"
1459,Einstein Bros Bagels #3048,Einstein Bros Bagels #3048,2450 Grand,121,Kansas City,MISSOURI,64108,Open,Restaurant/Deli 10-20 Employees,Restaurant/Deli,,Operational,"2450 Grand
Kansas City, MISSOURI 64108
(39.082903, -94.581877)"
4611,Outback Steakhouse,Outback Steakhouse,7006 NW Barry Rd,,Kansas City,MISSOURI,64153,Open,Restaurant/Deli 81-90 Employees,Restaurant/Deli,,Operational,"7006 NW Barry Rd
Kansas City, MISSOURI 64153
(39.246997, -94.66182)"
27661,KC Marriott Downtown - Lobby Bar,KC Marriott Downtown - Lobby Bar,200  W 12th St,,Kansas City,MISSOURI,64105,Open,Bar/Tavern 0-5 Employees,Bar/Tavern,,Operational,"200 W 12th St
Kansas City, MISSOURI 64105
(39.10003, -94.585827)"
100517,Research Medical Center,Research Medical Center,2316  E Meyer Blvd.,,Kansas City,MISSOURI,64132,Open,Restaurant/Deli 41-60 Employees,Restaurant/Deli,,Operational,"2316 E Meyer Blvd.
Kansas City, MISSOURI 64132
(39.007169, -94.558731)"
101029,Dollar General,Dollar General,4804 Noland Road ,,Kansas City,MISSOURI,64133,Open,Retail Grocery/Market 3001-30000 sq. ft.,Retail Grocery/Market,,Operational,"4804 Noland Road
Kansas City, MISSOURI 64133
(39.033133, -94.415735)"
25810,QUIK TRIP # 190/Deli,QUIK TRIP # 190/Deli,344 W. 72ND ST. ,,KANSAS CITY,MISSOURI,64114,Open,Restaurant/Deli 10-20 Employees,Restaurant/Deli,,Operational,"344 W. 72ND ST.
KANSAS CITY, MISSOURI 64114
(38.99774, -94.59314)"
100431,Best Western Country Inn- North,Best Western Country Inn- North,2633 NE 43rd St.,,Kansas City,MISSOURI,64117,Open,Restaurant/Deli 0-5 Employees,Restaurant/Deli,,Operational,"2633 NE 43rd St.
Kansas City, MISSOURI 64117
(39.171483, -94.547725)"
4884,Kansas City 18 Cinemas @ Ameristar,Kansas City 18 Cinemas @ Ameristar,3200  N Ameristar Dr. ,,Kansas City,MISSOURI,64161,Open,Restaurant/Deli 41-60 Employees,Restaurant/Deli,,Operational,"3200 N Ameristar Dr.
Kansas City, MISSOURI 64161
(39.150958, -94.477213)"
528616,Pie Hole 528616,Pie Hole 528616,5819 Holmes ,,Kansas City,MISSOURI,64110,Open,Truck/Tent Sales,Truck/Tent Sales,,Operational,"5819 Holmes
Kansas City, MISSOURI 64110
(39.021114, -94.578799)"
100269,Ameristar Falcon Diner and Bakery,Ameristar Falcon Diner and Bakery,3200  N Ameristar Dr.,,Kansas City,MISSOURI,64161,Open,Restaurant/Deli 6-9 Employees,Restaurant/Deli,,Operational,"3200 N Ameristar Dr.
Kansas City, MISSOURI 64161
(39.150958, -94.477213)"
101389,Houlihan's Restaurant & Bar,Houlihan's Restaurant & Bar,8660 N Boardwalk Ave,,Kansas City,MISSOURI,64154,Open,Restaurant/Deli 41-60 Employees,Restaurant/Deli,http://Houlihans.com,Operational,"8660 N Boardwalk Ave
Kansas City, MISSOURI 64154
(39.252551, -94.650531)"
100785,Brookside Market #144 (Bakery),Brookside Market #144 (Bakery),14 W 62nd Terrace ,,Kansas City,MISSOURI,64113,Open,Restaurant/Deli 6-9 Employees,Restaurant/Deli,,Operational,"14 W 62nd Terrace
Kansas City, MISSOURI 64113
(39.014858, -94.589253)"
101349,The Mixx,The Mixx,4855 Main Street ,,Kansas City,MISSOURI,64112,Open,Restaurant/Deli 21-40 Employees,Restaurant/Deli,http://info@mixxingitup.com,Operational,"4855 Main Street
Kansas City, MISSOURI 64112
(39.038726, -94.587145)"
13861,FAST STOP #7,FAST STOP #7,7100 EASTWOOD TFWY. ,,KANSAS CITY,MISSOURI,64129,Open,Restaurant/Deli 6-9 Employees,Restaurant/Deli,,Operational,"7100 EASTWOOD TFWY.
KANSAS CITY, MISSOURI 64129
(39.031138, -94.502565)"
100186,Shoal Creek Lounge and Grill,Shoal Creek Lounge and Grill,8905 Shoal Creek Pkwy  ,,Kansas City,MISSOURI,64157,Open,Fee Exempt,Fee Exempt,,Operational,"8905 Shoal Creek Pkwy
Kansas City, MISSOURI 64157
(39.256051, -94.487252)"
101657,Family Dollar Store #7141,Family Dollar Store #7141,3901 Indiana Ave,,Kansas City,MISSOURI,64130,Open,Retail Grocery/Market 3001-30000 sq. ft.,Retail Grocery/Market,,Operational,"3901 Indiana Ave
Kansas City, MISSOURI 64130
(39.054582, -94.5444)"
101745,Jason's Deli,Jason's Deli,1100 Main St,101,Kansas City,MISSOURI,64105,Open,Restaurant/Deli 21-40 Employees,Restaurant/Deli,,Operational,"1100 Main St
Kansas City, MISSOURI 64105
(39.100817, -94.583116)"
103901,Gomers Phillips 66,Gomers Phillips 66,9908 Holmes ,,Kansas City,MISSOURI,64131,Open,Retail Grocery/Market Under 3000 sq. ft.,Retail Grocery/Market,,Operational,"9908 Holmes
Kansas City, MISSOURI 64131
(38.948055, -94.582366)"
100348,New Mark Sun Fresh #156 (Bakery),New Mark Sun Fresh #156 (Bakery),10225  N. Oak Trafficway,,Kansas City,MISSOURI,64155,Open,Retail Bakery Under 3000 sq. ft.,Retail Bakery,,Operational,"10225 N. Oak Trafficway
Kansas City, MISSOURI 64155
(39.279269, -94.5755)"
101264,Chinatown Food Market,Chinatown Food Market,202 Grand Blvd,,Kansas City,MISSOURI,64106,Open,Retail Grocery/Market 3001-30000 sq. ft.,Retail Grocery/Market,,Operational,"202 Grand Blvd
Kansas City, MISSOURI 64106
(39.110821, -94.581124)"
100453,Sonic Drive In,Sonic Drive In,500 E. Red Bridge,,Kansas City,MISSOURI,64131,Open,Restaurant/Deli 10-20 Employees,Restaurant/Deli,,Operational,"500 E. Red Bridge
Kansas City, MISSOURI 64131
(38.926048, -94.586202)"
101949,Subway,Subway,9776 NE Ash Ave,,Kansas City,MISSOURI,64157,Open,Restaurant/Deli 10-20 Employees,Restaurant/Deli,,Operational,"9776 NE Ash Ave
Kansas City, MISSOURI 64157
(39.268355, -94.451487)"
19831,Times Square Concession,Times Square Concession,30 W. Pershing Rd,Suite 400,Kansas City,MISSOURI,64108,Open,Restaurant/Deli 10-20 Employees,Restaurant/Deli,http://jbaber@unionstation.org,Operational,"30 W. Pershing Rd
Kansas City, MISSOURI 64108
(39.084068, -94.584514)"
100525,"Research Psychiatric Center, HCA","Research Psychiatric Center, HCA",2323 E 63rd St.,,Kansas City,MISSOURI,64130,Open,Restaurant/Deli 6-9 Employees,Restaurant/Deli,,Operational,"2323 E 63rd St.
Kansas City, MISSOURI 64130
(39.012651, -94.559879)"
18380,Johnson Elementary,Johnson Elementary,10900  Marsh,,Kansas City,MISSOURI,64134,Open,School - Public 0-5 Employees,School - Public; School - Public,,Operational,"10900 Marsh
Kansas City, MISSOURI 64134
(38.925767, -94.494043)"
1690,Huong Que Market,Huong Que Market,424 Locust Ln,,Kansas City,MISSOURI,64106,Open,Retail Grocery/Market Under 3000 sq. ft.,Retail Grocery/Market,,Operational,"424 Locust Ln
Kansas City, MISSOURI 64106
(39.109994, -94.578281)"
21040,TWO RIVERS PSYCHIATRIC HOSPITAL,TWO RIVERS PSYCHIATRIC HOSPITAL,5121 RAYTOWN ROAD ,,KANSAS CITY,MISSOURI,64133,Open,Restaurant/Deli 6-9 Employees,Restaurant/Deli,http://www.joyce.kinsey@uhsinc.com,Operational,"5121 RAYTOWN ROAD
KANSAS CITY, MISSOURI 64133
(39.029925, -94.470396)"
2573,Worlds of Fun Peppermint Pattys,Worlds of Fun Peppermint Pattys,4545 WORLDS OF FUN AVE ,,KANSAS CITY,MISSOURI,64161,Open,Retail Grocery/Market Under 3000 sq. ft.,Retail Grocery/Market,http://www.worlsoffun.com,Operational,"4545 WORLDS OF FUN AVE
KANSAS CITY, MISSOURI 64161
(39.174532, -94.492423)"
3005,The Better Cheddar,The Better Cheddar,604 W 48th St.,,Kansas City,MISSOURI,64112,Open,Retail Grocery/Market Under 3000 sq. ft.,Retail Grocery/Market,http://www.thebettercheddar.com,Operational,"604 W 48th St.
Kansas City, MISSOURI 64112
(39.040534, -94.59389)"
19880,Highland's Community of Christ ,Highland's Community of Christ ,7615 N. Platte Purchase Dr. ,,Kansas City,MISSOURI,64118,Open,Restaurant/Deli 0-5 Employees,Restaurant/Deli,,Operational,"7615 N. Platte Purchase Dr.
Kansas City, MISSOURI 64118
(39.233739, -94.600891)"
100646,Pot Pie ,Pot Pie ,904 Westport Rd   ,,Kansas City,MISSOURI,64111,Open,Restaurant/Deli 6-9 Employees,Restaurant/Deli,,Operational,"904 Westport Rd
Kansas City, MISSOURI 64111
(39.050647, -94.596986)"
4228,Subway,Subway,1100 Main St,,Kansas City,MISSOURI,64105,Open,Restaurant/Deli 6-9 Employees,Restaurant/Deli,,Operational,"1100 Main St
Kansas City, MISSOURI 64105
(39.100817, -94.583116)"
2572,Worlds of Fun Vittle Griddle,Worlds of Fun Vittle Griddle,4545 WORLDS OF FUN AVE ,,KANSAS CITY,MISSOURI,64161,Open,Restaurant/Deli 10-20 Employees,Restaurant/Deli,http://www.worldsoffun.com,Operational,"4545 WORLDS OF FUN AVE
KANSAS CITY, MISSOURI 64161
(39.174532, -94.492423)"
2892,M&M Bakery,M&M Bakery,1721 E 31st St.,,Kansas City,MISSOURI,64109,Open,Restaurant/Deli 0-5 Employees,Restaurant/Deli,,Operational,"1721 E 31st St.
Kansas City, MISSOURI 64109
(39.070215, -94.562981)"
14030,DeLaSalle Charter High School,DeLaSalle Charter High School,3737  Troost Avenue,,KANSAS CITY,MISSOURI,64109,Open,School - Private 0-5 Employees,School - Private,,Operational,"3737 Troost Avenue
KANSAS CITY, MISSOURI 64109
(39.058527, -94.571991)"
13910,54th. Street Bar & Grill,54th. Street Bar & Grill,303  N.E. Englewood Road,,Kansas City,MISSOURI,64118,Open,Restaurant/Deli 41-60 Employees,Restaurant/Deli,,Operational,"303 N.E. Englewood Road
Kansas City, MISSOURI 64118
(39.195675, -94.577197)"
26980,The Peanut - Downtown,The Peanut - Downtown,418 W 9th St,,Kansas City,MISSOURI,64105,Open,Restaurant/Deli 6-9 Employees,Restaurant/Deli,,Operational,"418 W 9th St
Kansas City, MISSOURI 64105
(39.103785, -94.589114)"
24433,Treat America @ Commerce Executive Dining,Treat America @ Commerce Executive Dining,1000 Walnut St,,Kansas City,MISSOURI,64105,Open,Restaurant/Deli 0-5 Employees,Restaurant/Deli,,Operational,"1000 Walnut St
Kansas City, MISSOURI 64105
(39.1027, -94.581913)"
19890,Homewood Suites Hotel - KCI,Homewood Suites Hotel - KCI,7312 NW. Polo Dr. ,,Kansas City,MISSOURI,64153,Open,Restaurant/Deli 0-5 Employees,Restaurant/Deli,,Operational,"7312 NW. Polo Dr.
Kansas City, MISSOURI 64153
(39.274707, -94.664033)"
19121,Carlitos Mexican Food Inc.,Carlitos Mexican Food Inc.,8002 N. Oak Trfwy ,,Kansas City,MISSOURI,64118,Open,Restaurant/Deli 6-9 Employees,Restaurant/Deli,,Operational,"8002 N. Oak Trfwy
Kansas City, MISSOURI 64118
(39.239574, -94.575998)"
101355,Krispy Krunchy Chicken,Krispy Krunchy Chicken,4302 E  Truman Rd,,Kansas City,MISSOURI,64127,Open,Restaurant/Deli 0-5 Employees,Restaurant/Deli,,Operational,"4302 E Truman Rd
Kansas City, MISSOURI 64127
(39.093981, -94.531764)"
100110,KCI Expo Center,KCI Expo Center,11730 N Ambassador Dr,KCI Expo Center,Kansas City,MISSOURI,64153,Open,Restaurant/Deli 6-9 Employees,Restaurant/Deli,,Operational,"11730 N Ambassador Dr
Kansas City, MISSOURI 64153
(39.306954, -94.682127)"
101130,Planet Sub at South Market Shopping Center,Planet Sub at South Market Shopping Center,13161 State Line Rd,,Kansas City,MISSOURI,64145,Open,Restaurant/Deli 10-20 Employees,Restaurant/Deli,,Operational,"13161 State Line Rd
Kansas City, MISSOURI 64145
(38.889986, -94.607981)"
19410,Oceans Of Fun Jim Bob's Belly Up Bar,Oceans Of Fun Jim Bob's Belly Up Bar,8200 NE PARVIN RD ,,KANSAS CITY,MISSOURI,64161,Open,Bar/Tavern 0-5 Employees,Bar/Tavern,http://www.worldsoffun.com,Operational,"8200 NE PARVIN RD
KANSAS CITY, MISSOURI 64161
(39.168338, -94.482474)"
100249,Ameristar Depot #9,Ameristar Depot #9,3200  N Ameristar Dr.,,Kansas City,MISSOURI,64161,Open,Bar/Tavern 0-5 Employees,Bar/Tavern,,Operational,"3200 N Ameristar Dr.
Kansas City, MISSOURI 64161
(39.150958, -94.477213)"
101238,Feasts of Fancy,Feasts of Fancy,1427 W 9th St,103,Kansas City,MISSOURI,64101,Open,Restaurant/Deli 0-5 Employees,Restaurant/Deli,,Operational,"1427 W 9th St
Kansas City, MISSOURI 64101
(39.104254, -94.602067)"
100346,New Mark Sun Fresh #156 (Market),New Mark Sun Fresh #156 (Market),10225  N. Oak Trafficway,,Kansas City,MISSOURI,64155,Open,Retail Grocery/Market 60001-80000 sq. ft.,Retail Grocery/Market,,Operational,"10225 N. Oak Trafficway
Kansas City, MISSOURI 64155
(39.279269, -94.5755)"
101555,Church's Chicken,Church's Chicken,3900  Indiana St,,Kansas City,MISSOURI,64130,Open,Restaurant/Deli 10-20 Employees,Restaurant/Deli,,Operational,"3900 Indiana St
Kansas City, MISSOURI 64130
(39.054943, -94.544381)"
102025,CVS Pharmacy # 8553,CVS Pharmacy # 8553,10205 Stateline Road ,,Kansas City ,MISSOURI,64114,Open,Retail Grocery/Market Under 3000 sq. ft.,Retail Grocery/Market,,Operational,"10205 Stateline Road
Kansas City, MISSOURI 64114
(38.9436, -94.608072)"
1923,Stroud's Oakridge,Stroud's Oakridge,5410 NE Oakridge Rd.,,Kansas City,MISSOURI,64119,Open,Restaurant/Deli 41-60 Employees,Restaurant/Deli,,Operational,"5410 NE Oakridge Rd.
Kansas City, MISSOURI 64119
(39.193755, -94.512907)"
13994,Shoal Creek Elementary,Shoal Creek Elementary,9000 NE Flintlock Rd.,,Kansas City,MISSOURI,64157,Open,Fee Exempt,Fee Exempt,,Operational,"9000 NE Flintlock Rd.
Kansas City, MISSOURI 64157
(39.257378, -94.465232)"
100080,Ridgewood Donuts,Ridgewood Donuts,4309  Blue Ridge Blvd,,Kansas City ,MISSOURI,64133,Open,Retail Bakery Under 3000 sq. ft.,Retail Bakery,,Operational,"4309 Blue Ridge Blvd
Kansas City, MISSOURI 64133
(39.042985, -94.437879)"
19900,Executive Hills Phillips 66 (market),Executive Hills Phillips 66 (market),9700 N. Polo Dr. ,,Kansas City,MISSOURI,64153,Open,Retail Grocery/Market Under 3000 sq. ft.,Retail Grocery/Market,,Operational,"9700 N. Polo Dr.
Kansas City, MISSOURI 64153
(39.271446, -94.666026)"
4226,Oceans Of Fun Auntie Anne's,Oceans Of Fun Auntie Anne's,8200 NE PARVIN RD ,,KANSAS CITY,MISSOURI,64161,Open,Restaurant/Deli 6-9 Employees,Restaurant/Deli,http://www.worldsoffun.com,Operational,"8200 NE PARVIN RD
KANSAS CITY, MISSOURI 64161
(39.168338, -94.482474)"
100867,Rocky Mountain Chocolate Factory,Rocky Mountain Chocolate Factory,30  West Pershing,Ste. 130,Kansas City,MISSOURI,64108,Open,Retail Bakery Under 3000 sq. ft.,Retail Bakery,,Operational,"30 West Pershing
Kansas City, MISSOURI 64108
(39.084068, -94.584514)"
101508,Hy-Vee (deli),Hy-Vee (deli),14170 E Hwy 40 ,,Kansas City,MISSOURI,64136,Open,Restaurant/Deli 6-9 Employees,Restaurant/Deli,,Operational,"14170 E Hwy 40
Kansas City, MISSOURI 64136
(39.035611, -94.414121)"
24190,Conoco,Conoco,4621 NE Vivion Rd.,,Kansas City,MISSOURI,64119,Open,Retail Grocery/Market Under 3000 sq. ft.,Retail Grocery/Market,,Operational,"4621 NE Vivion Rd.
Kansas City, MISSOURI 64119
(39.18797, -94.525008)"
101607,Domo Restaurant,Domo Restaurant,6332 Brookside Plz.,,Kansas City,MISSOURI,64113,Open,Restaurant/Deli 6-9 Employees,Restaurant/Deli,,Operational,"6332 Brookside Plz.
Kansas City, MISSOURI 64113
(39.01331, -94.590682)"
4711,Big T's Bar-B-Q,Big T's Bar-B-Q,9409  Blue Ridge Blvd,,Kansas City,MISSOURI,64138,Open,Restaurant/Deli 6-9 Employees,Restaurant/Deli,,Operational,"9409 Blue Ridge Blvd
Kansas City, MISSOURI 64138
(38.95415, -94.507721)"
100850,Habashi House,Habashi House,309 - 311 Main St,,Kansas City,MISSOURI,64105,Open,Restaurant/Deli 6-9 Employees,Restaurant/Deli,,Operational,"309 - 311 Main St
Kansas City, MISSOURI 64105
(39.109384, -94.583135)"
4086,Johnny C's Deli & Pasta,Johnny C's Deli & Pasta,7012 Universal,,Kansas City,MISSOURI,64120,Open,Restaurant/Deli 6-9 Employees,Restaurant/Deli,,Operational,"7012 Universal
Kansas City, MISSOURI 64120
(39.135369, -94.504621)"
101473,Aldi,Aldi,7511  Wornall,,Kansas City,MISSOURI,64114,Open,Retail Grocery/Market 3001-30000 sq. ft.,Retail Grocery/Market,,Operational,"7511 Wornall
Kansas City, MISSOURI 64114
(38.992216, -94.594301)"
11500,Benton Liquor & Market Deli,Benton Liquor & Market Deli,1800 Benton ,,Kansas City,MISSOURI,64127,Open,Restaurant/Deli 0-5 Employees,Restaurant/Deli,,Operational,"1800 Benton
Kansas City, MISSOURI 64127
(39.090399, -94.549612)"
101424,Bartle Hall - KC Convention Center,Bartle Hall - KC Convention Center,201 W 14th St,,Kansas City,MISSOURI,64105,Open,Fee Exempt,Fee Exempt,http://kcconvention.com,Operational,"201 W 14th St
Kansas City, MISSOURI 64105
(39.097359, -94.586408)"
101431,Panera Bread,Panera Bread,2405 Grand Suite 100 ,,Kansas City,MISSOURI,64108,Open,Restaurant/Deli 21-40 Employees,Restaurant/Deli,,Operational,"2405 Grand Suite 100
Kansas City, MISSOURI 64108
(39.083316, -94.581678)"
100952,Mildred's in The Crossroads,Mildred's in The Crossroads,1821 Wyandotte ,,Kansas City,MISSOURI,64108,Open,Restaurant/Deli 0-5 Employees,Restaurant/Deli,,Operational,"1821 Wyandotte
Kansas City, MISSOURI 64108
(39.091715, -94.585975)"
16652,COSTCO WHOLESALE #375 (Deli),COSTCO WHOLESALE #375 (Deli),241 E. LINWOOD ,,KANSAS CITY,MISSOURI,64111,Open,Restaurant/Deli 10-20 Employees,Restaurant/Deli,,Operational,"241 E. LINWOOD
KANSAS CITY, MISSOURI 64111
(39.068333, -94.58197)"
100600,Bartle Hall - Aramark - Stand 371,Bartle Hall - Aramark - Stand 371,301 W. 13th. St. ,,Kansas City,MISSOURI,64105,Open,Restaurant/Deli 6-9 Employees,Restaurant/Deli,,Operational,"301 W. 13th. St.
Kansas City, MISSOURI 64105
(39.0988, -94.58697)"
2523,BLUE RIDGE MEMORIAL V.F.W. POST #9997,BLUE RIDGE MEMORIAL V.F.W. POST #9997,6801 WILSON ,,Kansas City,MISSOURI,64125,Open,Bar/Tavern 0-5 Employees,Bar/Tavern,,Operational,"6801 WILSON
Kansas City, MISSOURI 64125
(39.108328, -94.502423)"
100858,Pizza 51 ,Pizza 51 ,5060 Oak Street ,,Kansas City,MISSOURI,64112,Open,Restaurant/Deli 21-40 Employees,Restaurant/Deli,http://www.info@pizza51.com,Operational,"5060 Oak Street
Kansas City, MISSOURI 64112
(39.034965, -94.582665)"
100254,Blue Hills Country Club Pool Snack Bar,Blue Hills Country Club Pool Snack Bar,777 W. Burning Tree Drive ,,Kansas City,MISSOURI,64145,Open,Restaurant/Deli 10-20 Employees,Restaurant/Deli,,Operational,"777 W. Burning Tree Drive
Kansas City, MISSOURI 64145
(38.899328, -94.603115)"
100857,Planet Sub Restaurant,Planet Sub Restaurant,115 W 75th Street ,,Kansas City,MISSOURI,64114,Open,Restaurant/Deli 10-20 Employees,Restaurant/Deli,,Operational,"115 W 75th Street
Kansas City, MISSOURI 64114
(38.992206, -94.591294)"
14792,The Gardens at Barry Road,The Gardens at Barry Road,8300 NW Barry Rd,,Kansas City,MISSOURI,64153,Open,Restaurant/Deli 21-40 Employees,Restaurant/Deli,,Operational,"8300 NW Barry Rd
Kansas City, MISSOURI 64153
(39.246941, -94.677547)"
100885,"Platte Senior Services, Inc.(PSSI)","Platte Senior Services, Inc.(PSSI)",11724 NW Plaza Circle ,,Kansas City,MISSOURI,64153,Open,Restaurant/Deli 0-5 Employees,Restaurant/Deli,http://www.platteseniors.org,Operational,"11724 NW Plaza Circle
Kansas City, MISSOURI 64153
(39.305952, -94.684109)"
101762,Big T's Bar-B-Que,Big T's Bar-B-Que,6201   Blue Parkway,,Kansas City,MISSOURI,64129,Open,Restaurant/Deli 21-40 Employees,Restaurant/Deli,,Operational,"6201 Blue Parkway
Kansas City, MISSOURI 64129
(39.032713, -94.513556)"
101198,Cupini's Commissary,Cupini's Commissary,1813 Westport ,,Kansas City,MISSOURI,64111,Open,Restaurant/Deli 0-5 Employees,Restaurant/Deli,,Operational,"1813 Westport
Kansas City, MISSOURI 64111
(39.050211, -94.607132)"
21673,La Bodega,La Bodega,703  Southwest Blvd.,,Kansas City,MISSOURI,64108,Open,Restaurant/Deli 21-40 Employees,Restaurant/Deli,,Operational,"703 Southwest Blvd.
Kansas City, MISSOURI 64108
(39.085241, -94.592966)"
102015,Sunfresh Blue Parkway (Bakery),Sunfresh Blue Parkway (Bakery),4209 E 50th Terr,,Kansas City,MISSOURI,64130,Open,Retail Bakery 3001-30000 sq. ft.,Retail Bakery,,Operational,"4209 E 50th Terr
Kansas City, MISSOURI 64130
(39.033772, -94.535929)"
100469,Green River Chinese ,Green River Chinese ,2120 E 12th St ,,Kansas City,MISSOURI,64127,Open,Restaurant/Deli 0-5 Employees,Restaurant/Deli,,Operational,"2120 E 12th St
Kansas City, MISSOURI 64127
(39.099054, -94.556592)"
100531,Wingstop Restaurant,Wingstop Restaurant,4313  NE Chouteau Tfwy,,Kansas City,MISSOURI,64117,Open,Restaurant/Deli 10-20 Employees,Restaurant/Deli,,Operational,"4313 NE Chouteau Tfwy
Kansas City, MISSOURI 64117
(39.186493, -94.543509)"
21222,AMC Barrywoods 24 Theatres-Concession B (main),AMC Barrywoods 24 Theatres-Concession B (main),8101  NW Roanridge Rd,,Kansas City,MISSOURI,64151,Open,Restaurant/Deli 41-60 Employees,Restaurant/Deli,,Operational,"8101 NW Roanridge Rd
Kansas City, MISSOURI 64151
(39.243215, -94.657408)"
101336,Treat America @ Bonterra Catering,Treat America @ Bonterra Catering,320 N McGee St,,Kansas City,MISSOURI,64116,Open,Restaurant/Deli 21-40 Employees,Restaurant/Deli,,Operational,"320 N McGee St
Kansas City, MISSOURI 64116
(39.11903, -94.582507)"
1897,McDonald's,McDonald's,4002 N Oak Trfwy,,Kansas City,MISSOURI,64116,Open,Restaurant/Deli 41-60 Employees,Restaurant/Deli,,Operational,"4002 N Oak Trfwy
Kansas City, MISSOURI 64116
(39.167474, -94.576761)"
101579,Holiday Inn Express,Holiday Inn Express,8230 N. Church Rd.,,Kansas City,MISSOURI,64158,Open,Restaurant/Deli 0-5 Employees,Restaurant/Deli,,Operational,"8230 N. Church Rd.
Kansas City, MISSOURI 64158
(39.241108, -94.461199)"
100331,The Club at Plaza III,The Club at Plaza III,4749 Pennsylvania ,,Kansas City,MISSOURI,64112,Open,Restaurant/Deli 41-60 Employees,Restaurant/Deli,http://www.plazaiiikcsteakhouse.com,Operational,"4749 Pennsylvania
Kansas City, MISSOURI 64112
(39.040574, -94.593792)"
14074,Subway,Subway,6507 E Front St,,Kansas City,MISSOURI,64120,Open,Restaurant/Deli 6-9 Employees,Restaurant/Deli,,Operational,"6507 E Front St
Kansas City, MISSOURI 64120
(39.130176, -94.504883)"
100013,St. Louis Social Services Pantry,St. Louis Social Services Pantry,5930  Swope Parkway,,Kansas City ,MISSOURI,64130,Open,Fee Exempt,Fee Exempt,,Operational,"5930 Swope Parkway
Kansas City, MISSOURI 64130
(39.017459, -94.542037)"
2309,Bob's -N-Motion,Bob's -N-Motion,5709 Troost,,Kansas City,MISSOURI,64110,Open,Bar/Tavern 6-9 Employees,Bar/Tavern,,Operational,"5709 Troost
Kansas City, MISSOURI 64110
(39.023152, -94.574026)"
30921,McGonigles's Food Store (deli),McGonigles's Food Store (deli),1307 W. 79TH ST. ,,KANSAS CITY,MISSOURI,64114,Open,Restaurant/Deli 0-5 Employees,Restaurant/Deli,,Operational,"1307 W. 79TH ST.
KANSAS CITY, MISSOURI 64114
(38.985531, -94.605684)"
4005,Country View Market (deli),Country View Market (deli),5802 Swope Parkway,,Kansas City,MISSOURI,64130,Open,Restaurant/Deli 6-9 Employees,Restaurant/Deli,,Operational,"5802 Swope Parkway
Kansas City, MISSOURI 64130
(39.020785, -94.541789)"
101428,Subway Sandwiches,Subway Sandwiches,8551 N Boardwalk Ave,,Kansas City,MISSOURI,64154,Open,Restaurant/Deli 6-9 Employees,Restaurant/Deli,,Operational,"8551 N Boardwalk Ave
Kansas City, MISSOURI 64154
(39.25218, -94.65531)"
1372,Congress Middle School,Congress Middle School,8150 N Congress Ave,,Kansas City,MISSOURI,64152,Open,Fee Exempt,Fee Exempt,,Operational,"8150 N Congress Ave
Kansas City, MISSOURI 64152
(39.243057, -94.668332)"
4996,Ameristar Horizons Buffet/Dessert Bar,Ameristar Horizons Buffet/Dessert Bar,3200 N Ameristar Dr.,,KANSAS CITY,MISSOURI,64161,Open,Restaurant/Deli 6-9 Employees,Restaurant/Deli,,Operational,"3200 N Ameristar Dr.
KANSAS CITY, MISSOURI 64161
(39.150958, -94.477213)"
101184,Moti Mahal Cuisine of India,Moti Mahal Cuisine of India,4113 Pennsylvania Avenue ,,Kansas City,MISSOURI,64111,Open,Restaurant/Deli 6-9 Employees,Restaurant/Deli,,Operational,"4113 Pennsylvania Avenue
Kansas City, MISSOURI 64111
(39.052159, -94.590909)"
100482,Villa Ventura Retirement Comm./Ice cream,Villa Ventura Retirement Comm./Ice cream,12100 Wornall Rd ,,Kansas City,MISSOURI,64145,Open,Restaurant/Deli 0-5 Employees,Restaurant/Deli,,Operational,"12100 Wornall Rd
Kansas City, MISSOURI 64145
(38.90664, -94.594039)"
101856,Quik Trip #159 (deli),Quik Trip #159 (deli),10150 NE Cookingham Rd. ,,Kansas City,MISSOURI,64157,Open,Restaurant/Deli 10-20 Employees,Restaurant/Deli,,Operational,"10150 NE Cookingham Rd.
Kansas City, MISSOURI 64157
(39.267974, -94.452541)"
14180,7-Eleven #21057,7-Eleven #21057,3150 Gillham,,Kansas City,MISSOURI,64109,Open,Restaurant/Deli 6-9 Employees,Restaurant/Deli,,Operational,"3150 Gillham
Kansas City, MISSOURI 64109
(39.069022, -94.578986)"
4888,Hy-Vee Bakery,Hy-Vee Bakery,8301 N St Clair Ave,,Kansas City,MISSOURI,64151,Open,Retail Bakery Under 3000 sq. ft.,Retail Bakery,,Operational,"8301 N St Clair Ave
Kansas City, MISSOURI 64151
(39.245209, -94.646774)"
4974,Ameristar Poker Service Bar (Level 2),Ameristar Poker Service Bar (Level 2),3200 N Ameristar Dr.,,Kansas City,MISSOURI,64161,Open,Bar/Tavern 0-5 Employees,Bar/Tavern,,Operational,"3200 N Ameristar Dr.
Kansas City, MISSOURI 64161
(39.150958, -94.477213)"
4772,Fish City,Fish City,11513  Blue Ridge Blvd,,Kansas City ,MISSOURI,64134,Open,Restaurant/Deli 6-9 Employees,Restaurant/Deli,,Operational,"11513 Blue Ridge Blvd
Kansas City, MISSOURI 64134
(38.91442, -94.514847)"
101385,Lutheran High School of Kansas City,Lutheran High School of Kansas City,12411 Wornall,,Kansas City,MISSOURI,64145,Open,School - Private 0-5 Employees,School - Private,,Operational,"12411 Wornall
Kansas City, MISSOURI 64145
(38.905604, -94.594121)"
27990,The Edge of Hell,The Edge of Hell,1304 W 12th St,,Kansas City,MISSOURI,64102,Open,Restaurant/Deli 0-5 Employees,Restaurant/Deli,,Operational,"1304 W 12th St
Kansas City, MISSOURI 64102
(39.100758, -94.600258)"
100691,Super Target-Deli,Super Target-Deli,1201 W. 136th St,,Kansas City,MISSOURI,64145,Open,Restaurant/Deli 0-5 Employees,Restaurant/Deli,,Operational,"1201 W. 136th St
Kansas City, MISSOURI 64145
(38.881513, -94.605217)"
4465,Westin Crown Center-Room Service,Westin Crown Center-Room Service,1 Pershing Rd. ,,Kansas City,MISSOURI,64108,Open,Restaurant/Deli 10-20 Employees,Restaurant/Deli,,Operational,"1 Pershing Rd.
Kansas City, MISSOURI 64108
(39.083995, -94.583523)"
101739,Pak Ling Express,Pak Ling Express,2450 Grand Blvd ,,Kansas City,MISSOURI,64108,Open,Restaurant/Deli 0-5 Employees,Restaurant/Deli,,Operational,"2450 Grand Blvd
Kansas City, MISSOURI 64108
(39.082903, -94.581877)"
S0045,Our Sassy Pantry,Our Sassy Pantry,201  Forest Avenue,,Independence,MISSOURI,64050,Open,Sampling Permit,Sampling Permit,,Operational,"201 Forest Avenue
Independence, MISSOURI 64050
(39.093654, -94.436407)"
25130,QUIK TRIP #176,QUIK TRIP #176,1301 WESTPORT RD ,,KANSAS CITY,MISSOURI,64111,Open,Retail Grocery/Market 3001-30000 sq. ft.,Retail Grocery/Market,,Operational,"1301 WESTPORT RD
KANSAS CITY, MISSOURI 64111
(39.049966, -94.601736)"
101287,Holiday Inn KCI,Holiday Inn KCI,11728  NW Ambassador,,Kansas City,MISSOURI,64153,Open,Restaurant/Deli 10-20 Employees,Restaurant/Deli,http://www.holidayinn.com,Operational,"11728 NW Ambassador
Kansas City, MISSOURI 64153
(39.306954, -94.682127)"
2968,TOOL SHED LOUNGE,TOOL SHED LOUNGE,14940 E 40 HWY ,,KANSAS CITY,MISSOURI,64136,Open,Bar/Tavern 0-5 Employees,Bar/Tavern,,Operational,"14940 E 40 HWY
KANSAS CITY, MISSOURI 64136
(39.035004, -94.401297)"
101749,Mid 27 Convenience Store,Mid 27 Convenience Store,901 E 27th St ,,Kansas City,MISSOURI,64108,Open,Retail Grocery/Market Under 3000 sq. ft.,Retail Grocery/Market,,Operational,"901 E 27th St
Kansas City, MISSOURI 64108
(39.077811, -94.573238)"
101432,Starbucks at 133rd and Stateline Rd.,Starbucks at 133rd and Stateline Rd.,13121  Stateline Road,,Kansas City,MISSOURI,64145,Open,Restaurant/Deli 10-20 Employees,Restaurant/Deli,,Operational,"13121 Stateline Road
Kansas City, MISSOURI 64145
(38.890639, -94.60798)"
13546,Festival Foods - Bakery,Festival Foods - Bakery,4357 NE Chouteau Tfwy,,Kansas City,MISSOURI,64117,Open,Restaurant/Deli 0-5 Employees,Restaurant/Deli,,Operational,"4357 NE Chouteau Tfwy
Kansas City, MISSOURI 64117
(39.186509, -94.543538)"
11307,Winstead's,Winstead's,6260 NW Barry Rd,,Kansas City,MISSOURI,64154,Open,Restaurant/Deli 21-40 Employees,Restaurant/Deli,,Operational,"6260 NW Barry Rd
Kansas City, MISSOURI 64154
(39.247017, -94.652777)"
100794,Los Alamos Market,Los Alamos Market,1667 Summit ,,Kansas City,MISSOURI,64108,Open,Retail Grocery/Market Under 3000 sq. ft.,Retail Grocery/Market,,Operational,"1667 Summit
Kansas City, MISSOURI 64108
(39.0932, -94.59336)"
100141,Webster House Antique & Restaurant,Webster House Antique & Restaurant,1644 Wyandotte ,,Kansas City,MISSOURI,64108,Open,Restaurant/Deli 21-40 Employees,Restaurant/Deli,,Operational,"1644 Wyandotte
Kansas City, MISSOURI 64108
(39.092999, -94.585917)"
101574,Nara Restaurant,Nara Restaurant,1617 Main Street ,,Kansas City,MISSOURI,64108,Open,Restaurant/Deli 21-40 Employees,Restaurant/Deli,,Operational,"1617 Main Street
Kansas City, MISSOURI 64108
(39.09387, -94.583486)"
101011,Kaldi's Coffee,Kaldi's Coffee,318 W 47th Street ,,Kansas City,MISSOURI,64112,Open,Restaurant/Deli 10-20 Employees,Restaurant/Deli,http://www.lattelandkc.com,Operational,"318 W 47th Street
Kansas City, MISSOURI 64112
(39.042347, -94.590922)"
26220,Colonial Presbyterian Church,Colonial Presbyterian Church,9500 WORNALL RD. ,,KANSAS CITY,MISSOURI,64114,Open,Restaurant/Deli 0-5 Employees,Restaurant/Deli,,Operational,"9500 WORNALL RD.
KANSAS CITY, MISSOURI 64114
(38.955434, -94.595962)"
2339,G's Jamaican Quisine,G's Jamaican Quisine,7940  Troost,,Kansas City,MISSOURI,64131,Open,Restaurant/Deli 0-5 Employees,Restaurant/Deli,,Operational,"7940 Troost
Kansas City, MISSOURI 64131
(38.982637, -94.576103)"
102051,Pour Boy Oil Company (deli),Pour Boy Oil Company (deli),4225 N Oak Trfwy,,Kansas City,MISSOURI,64116,Open,Restaurant/Deli 6-9 Employees,Restaurant/Deli,,Operational,"4225 N Oak Trfwy
Kansas City, MISSOURI 64116
(39.171155, -94.576747)"
101729,K.C. City Zoo Beastro Cafe,K.C. City Zoo Beastro Cafe,6800 Zoo Drive,,Kansas City,MISSOURI,64132,Open,Fee Exempt,Fee Exempt,,Operational,"6800 Zoo Drive
Kansas City, MISSOURI 64132
(39.00682, -94.53141)"
4084,PALESTINE SR. CITIZENS CENTER,PALESTINE SR. CITIZENS CENTER,3325 PROSPECT ,,KANSAS CITY,MISSOURI,64128,Open,Restaurant/Deli 6-9 Employees,Restaurant/Deli,,Operational,"3325 PROSPECT
KANSAS CITY, MISSOURI 64128
(39.065797, -94.55304)"
12150,Walgreens,Walgreens,9430  Blue Ridge Blvd,,Kansas City,MISSOURI,64138,Open,Retail Grocery/Market Under 3000 sq. ft.,Retail Grocery/Market,,Operational,"9430 Blue Ridge Blvd
Kansas City, MISSOURI 64138
(38.953157, -94.507932)"
101665,Avenue Bistro,Avenue Bistro,338 W 63rd St,,Kansas City,MISSOURI,64113,Open,Restaurant/Deli 21-40 Employees,Restaurant/Deli,,Operational,"338 W 63rd St
Kansas City, MISSOURI 64113
(39.014088, -94.59278)"
101758,El Patron Cocina and Bar,El Patron Cocina and Bar,2905 Southwest Blvd.,,Kansas City,MISSOURI,64108,Open,Restaurant/Deli 10-20 Employees,Restaurant/Deli,,Operational,"2905 Southwest Blvd.
Kansas City, MISSOURI 64108
(39.075349, -94.603253)"
102032,CVS/Pharmacy #8577,CVS/Pharmacy #8577,4400 NW Barry Rd,,Kansas City,MISSOURI,64154,Open,Restaurant/Deli 10-20 Employees,Restaurant/Deli,,Operational,"4400 NW Barry Rd
Kansas City, MISSOURI 64154
(39.246667, -94.631745)"
16650,COSTCO WHOLESALE #375 (Bakery),COSTCO WHOLESALE #375 (Bakery),241 E. LINWOOD BLVD.  ,,KANSAS CITY,MISSOURI,64111,Open,Retail Bakery 3001-30000 sq. ft.,Retail Bakery,,Operational,"241 E. LINWOOD BLVD.
KANSAS CITY, MISSOURI 64111
(39.068333, -94.58197)"
4757,K.C. City Zoo Beastro Kitchen,K.C. City Zoo Beastro Kitchen,6800  Zoo Drive,,KANSAS CITY,MISSOURI,64132,Open,Fee Exempt,Fee Exempt,,Operational,"6800 Zoo Drive
KANSAS CITY, MISSOURI 64132
(39.00682, -94.53141)"
12392,Wal-Mart Supercenter #2857 - Retail,Wal-Mart Supercenter #2857 - Retail,8551 N Boardwalk Ave,,Kansas City,MISSOURI,64154,Open,Retail Grocery/Market Under 3000 sq. ft.,Retail Grocery/Market,,Operational,"8551 N Boardwalk Ave
Kansas City, MISSOURI 64154
(39.25218, -94.65531)"
13340,Tremont Hen House - Deli,Tremont Hen House - Deli,6238 N Chatham Ave,,Kansas City,MISSOURI,64151,Open,Restaurant/Deli 10-20 Employees,Restaurant/Deli,,Operational,"6238 N Chatham Ave
Kansas City, MISSOURI 64151
(39.209233, -94.643211)"
101483,Treat America @ ADT,Treat America @ ADT,7805 NW 97th. Terr. ,,Kansas City,MISSOURI,64153,Open,Restaurant/Deli 0-5 Employees,Restaurant/Deli,,Operational,"7805 NW 97th. Terr.
Kansas City, MISSOURI 64153
(39.270232, -94.670643)"
4127,Subway - 13285,Subway - 13285,612  NW Englewood Rd.,,Kansas City,MISSOURI,64118,Open,Restaurant/Deli 6-9 Employees,Restaurant/Deli,,Operational,"612 NW Englewood Rd.
Kansas City, MISSOURI 64118
(39.195724, -94.588176)"
101387,Max's Restaurant,Max's Restaurant,8240  Wornall Rd.,,Kansas City,MISSOURI,64114,Open,Restaurant/Deli 0-5 Employees,Restaurant/Deli,,Operational,"8240 Wornall Rd.
Kansas City, MISSOURI 64114
(38.977565, -94.594923)"
100872,Blue Stem Restaurant,Blue Stem Restaurant,900 Westport Road ,,Kansas City,MISSOURI,64111,Open,Restaurant/Deli 21-40 Employees,Restaurant/Deli,,Operational,"900 Westport Road
Kansas City, MISSOURI 64111
(39.050725, -94.596836)"
100420,7-Eleven Store No. 18711 ,7-Eleven Store No. 18711 ,2636 Van Brunt Blvd.   ,,Kansas City,MISSOURI,64127,Open,Restaurant/Deli 6-9 Employees,Restaurant/Deli,,Operational,"2636 Van Brunt Blvd.
Kansas City, MISSOURI 64127
(39.076325, -94.520544)"
100797,KFC/Pizza Hut Express,KFC/Pizza Hut Express,1111  Main St,155,Kansas City,MISSOURI,64105,Open,Restaurant/Deli 0-5 Employees,Restaurant/Deli,,Operational,"1111 Main St
Kansas City, MISSOURI 64105
(39.100732, -94.583122)"
101108,Aldi #91 ,Aldi #91 ,6300 Independence Ave. ,,Kansas City,MISSOURI,64125,Open,Retail Grocery/Market 3001-30000 sq. ft.,Retail Grocery/Market,http://aldi.us,Operational,"6300 Independence Ave.
Kansas City, MISSOURI 64125
(39.104801, -94.508324)"
101328,Bo Ling Chinese Restaurant,Bo Ling Chinese Restaurant,8670 NW Prairie View Rd. ,,Kansas City,MISSOURI,64153,Open,Restaurant/Deli 21-40 Employees,Restaurant/Deli,http://www.bolings.com,Operational,"8670 NW Prairie View Rd.
Kansas City, MISSOURI 64153
(39.251396, -94.66225)"
100695,Bistro 303,Bistro 303,303 Westport Road ,,Kansas City,MISSOURI,64111,Open,Restaurant/Deli 10-20 Employees,Restaurant/Deli,,Operational,"303 Westport Road
Kansas City, MISSOURI 64111
(39.053871, -94.589338)"
19042,Price Chopper (Deli),Price Chopper (Deli),4820 N OAK ,,KANSAS CITY,MISSOURI,64118,Open,Restaurant/Deli 10-20 Employees,Restaurant/Deli,,Operational,"4820 N OAK
KANSAS CITY, MISSOURI 64118
(39.182432, -94.576717)"
100464,Chez Charlie,Chez Charlie,3809 Broadway ,,Kansas City,MISSOURI,64111,Open,Bar/Tavern 0-5 Employees,Bar/Tavern,,Operational,"3809 Broadway
Kansas City, MISSOURI 64111
(39.058036, -94.590689)"
28920,M&M Delicatessen,M&M Delicatessen,1721 E 31st St.,,Kansas City,MISSOURI,64109,Open,Restaurant/Deli 0-5 Employees,Restaurant/Deli,,Operational,"1721 E 31st St.
Kansas City, MISSOURI 64109
(39.070215, -94.562981)"
100826,Hy-Vee (Bakery),Hy-Vee (Bakery),207  N.E. Englewood Road,,Kansas City ,MISSOURI,64118,Open,Retail Bakery Under 3000 sq. ft.,Retail Bakery,http://www.Hy-Vee.com,Operational,"207 N.E. Englewood Road
Kansas City, MISSOURI 64118
(39.195994, -94.57985)"
100296,Wal-Mart Supercenter #2955-Deli,Wal-Mart Supercenter #2955-Deli,1701 W. 133rd St. ,,Kansas City,MISSOURI,64145,Open,Restaurant/Deli 10-20 Employees,Restaurant/Deli,,Operational,"1701 W. 133rd St.
Kansas City, MISSOURI 64145
(38.886576, -94.605521)"
1960,JOE'S PIZZA Buy The Slice,JOE'S PIZZA Buy The Slice,4058 PENNSYLVANIA ,,KANSAS CITY,MISSOURI,64111,Open,Restaurant/Deli 10-20 Employees,Restaurant/Deli,,Operational,"4058 PENNSYLVANIA
KANSAS CITY, MISSOURI 64111
(39.053121, -94.591667)"
4685,K.C. City Zoo Tree Tops Concessions,K.C. City Zoo Tree Tops Concessions,6800 Zoo Drive,,Kansas City,MISSOURI,64132,Open,Fee Exempt,Fee Exempt,,Operational,"6800 Zoo Drive
Kansas City, MISSOURI 64132
(39.00682, -94.53141)"
1682,WALGREENS #04212,WALGREENS #04212,2501 E. LINWOOD ,,KANSAS CITY,MISSOURI,64128,Open,Retail Grocery/Market 3001-30000 sq. ft.,Retail Grocery/Market,,Operational,"2501 E. LINWOOD
KANSAS CITY, MISSOURI 64128
(39.068066, -94.553522)"
22570,Drury Inn & Suites Kansas City Airport,Drury Inn & Suites Kansas City Airport,7900 NW Tiffany Springs Pkwy,,Kansas City,MISSOURI,64153,Open,Restaurant/Deli 6-9 Employees,Restaurant/Deli,http://www.druryhotels.com,Operational,"7900 NW Tiffany Springs Pkwy
Kansas City, MISSOURI 64153
(39.272501, -94.671793)"
100124,Twin City Tavern,Twin City Tavern,1815 WESTPORT RD ,,KANSAS CITY,MISSOURI,64111,Open,Restaurant/Deli 6-9 Employees,Restaurant/Deli,,Operational,"1815 WESTPORT RD
KANSAS CITY, MISSOURI 64111
(39.050202, -94.606684)"
1974,Westin Crown Center - Banquet Kitchen,Westin Crown Center - Banquet Kitchen,1 Pershing Rd ,,Kansas City,MISSOURI,64108,Open,Restaurant/Deli 41-60 Employees,Restaurant/Deli,,Operational,"1 Pershing Rd
Kansas City, MISSOURI 64108
(39.083995, -94.583523)"
101660,Sprint Center Main Kitchen,Sprint Center Main Kitchen,1407 Grand,,Kansas City,MISSOURI,64106,Open,Restaurant/Deli 21-40 Employees,Restaurant/Deli,,Operational,"1407 Grand
Kansas City, MISSOURI 64106
(39.096868, -94.581061)"
1252,Denny's Restaurant #7265,Denny's Restaurant #7265,1600  Broadway,,Kansas City,MISSOURI,64108,Open,Restaurant/Deli 10-20 Employees,Restaurant/Deli,,Operational,"1600 Broadway
Kansas City, MISSOURI 64108
(39.0951, -94.588649)"
18142,QUIK TRIP #184 (Retail),QUIK TRIP #184 (Retail),4327 MAIN ,,Kansas City,MISSOURI,64111,Open,Retail Grocery/Market 3001-30000 sq. ft.,Retail Grocery/Market,,Operational,"4327 MAIN
Kansas City, MISSOURI 64111
(39.048333, -94.586581)"
12390,Wal-Mart Supercenter #2857 - Deli,Wal-Mart Supercenter #2857 - Deli,8551 N Boardwalk Ave,,Kansas City,MISSOURI,64154,Open,Restaurant/Deli 6-9 Employees,Restaurant/Deli,,Operational,"8551 N Boardwalk Ave
Kansas City, MISSOURI 64154
(39.25218, -94.65531)"
11295,Honey Baked Ham Co.,Honey Baked Ham Co.,6005 NW Barry Rd,,Kansas City,MISSOURI,64154,Open,Retail Grocery/Market Under 3000 sq. ft.,Retail Grocery/Market,,Operational,"6005 NW Barry Rd
Kansas City, MISSOURI 64154
(39.246766, -94.648862)"
31230,Kansas City Elks Lodge No 26,Kansas City Elks Lodge No 26,515 E  99th St,,Kansas City,MISSOURI,64131,Open,Bar/Tavern 0-5 Employees,Bar/Tavern,,Operational,"515 E 99th St
Kansas City, MISSOURI 64131
(38.94839, -94.585275)"
30570,PRICE CHOPPER (GROCERY),PRICE CHOPPER (GROCERY),8700 E. 63RD ST. ,,KANSAS CITY,MISSOURI,64133,Open,Retail Grocery/Market 60001-80000 sq. ft.,Retail Grocery/Market,,Operational,"8700 E. 63RD ST.
KANSAS CITY, MISSOURI 64133
(39.009631, -94.482949)"
100684,Super Target-Bakery,Super Target-Bakery,1201 W. 136th St,,Kansas City,MISSOURI,64145,Open,Retail Bakery Under 3000 sq. ft.,Retail Bakery,,Operational,"1201 W. 136th St
Kansas City, MISSOURI 64145
(38.881513, -94.605217)"
100044,Target Store,Target Store,4375 NE Chouteau Tfwy,,Kansas City,MISSOURI,64117,Open,Retail Grocery/Market 60001-80000 sq. ft.,Retail Grocery/Market,,Operational,"4375 NE Chouteau Tfwy
Kansas City, MISSOURI 64117
(39.186516, -94.54355)"
100341,Panera Bread Store,Panera Bread Store,8580 N Church Rd ,,Kansas City,MISSOURI,64157,Open,Restaurant/Deli 21-40 Employees,Restaurant/Deli,,Operational,"8580 N Church Rd
Kansas City, MISSOURI 64157
(39.246009, -94.459741)"
100757,Culver's Frozen Custard & Butterburgers,Culver's Frozen Custard & Butterburgers,7953 State Line Rd ,,Kansas City,MISSOURI,64114,Open,Restaurant/Deli 41-60 Employees,Restaurant/Deli,,Operational,"7953 State Line Rd
Kansas City, MISSOURI 64114
(38.983625, -94.608243)"
11297,Subway,Subway,6242 NW Barry Rd,,Kansas City,MISSOURI,64154,Open,Restaurant/Deli 10-20 Employees,Restaurant/Deli,,Operational,"6242 NW Barry Rd
Kansas City, MISSOURI 64154
(39.247017, -94.652824)"
2229,Hampton Inn & Suites,Hampton Inn & Suites,4600 Summit,,Kansas City,MISSOURI,64112,Open,Restaurant/Deli 0-5 Employees,Restaurant/Deli,,Operational,"4600 Summit
Kansas City, MISSOURI 64112
(39.043978, -94.596138)"
19051,SAM'S CLUB #8207 (BAKERY),SAM'S CLUB #8207 (BAKERY),5110 N OAK ,,KANSAS CITY,MISSOURI,64118,Open,Retail Bakery 3001-30000 sq. ft.,Retail Bakery,,Operational,"5110 N OAK
KANSAS CITY, MISSOURI 64118
(39.18659, -94.576594)"
4385,Eden Alley,Eden Alley,707 W 47th St.,,Kansas City,MISSOURI,64112,Open,Restaurant/Deli 10-20 Employees,Restaurant/Deli,,Operational,"707 W 47th St.
Kansas City, MISSOURI 64112
(39.042312, -94.595221)"
100290,Kato,Kato,6340  NW Barry Rd,,Kansas City,MISSOURI,64154,Open,Restaurant/Deli 10-20 Employees,Restaurant/Deli,,Operational,"6340 NW Barry Rd
Kansas City, MISSOURI 64154
(39.247018, -94.653323)"
100550,Happy Dragon,Happy Dragon,1230 West 103rd St.,,Kansas City,MISSOURI,64114,Open,Restaurant/Deli 6-9 Employees,Restaurant/Deli,,Operational,"1230 West 103rd St.
Kansas City, MISSOURI 64114
(38.942025, -94.607237)"
27684,KC Marriott Downtown - Metropolitan KC,KC Marriott Downtown - Metropolitan KC,200 W 12th St,,Kansas City,MISSOURI,64105,Open,Restaurant/Deli 10-20 Employees,Restaurant/Deli,,Operational,"200 W 12th St
Kansas City, MISSOURI 64105
(39.10003, -94.585827)"
101463,Big Burger,Big Burger,4700 NE Vivion Rd ,,Kansas City,MISSOURI,64119,Open,Restaurant/Deli 10-20 Employees,Restaurant/Deli,,Operational,"4700 NE Vivion Rd
Kansas City, MISSOURI 64119
(39.18797, -94.524976)"
101559,Church's Chicken,Church's Chicken,11500 Blue Ridge Blvd.,,Kansas City,MISSOURI,64134,Open,Restaurant/Deli 10-20 Employees,Restaurant/Deli,,Operational,"11500 Blue Ridge Blvd.
Kansas City, MISSOURI 64134
(38.915166, -94.513834)"
1527,Davidson Elementary School Cafeteria,Davidson Elementary School Cafeteria,5100 N. Highland ,,Kansas City,MISSOURI,64118,Open,Fee Exempt,Fee Exempt,http://www.nkcsd.k12.mo.us,Operational,"5100 N. Highland
Kansas City, MISSOURI 64118
(39.186722, -94.558109)"
11335,Sonic Drive-In,Sonic Drive-In,7521 NW Barry Rd,,Kansas City,MISSOURI,64153,Open,Restaurant/Deli 21-40 Employees,Restaurant/Deli,,Operational,"7521 NW Barry Rd
Kansas City, MISSOURI 64153
(39.246899, -94.666437)"
100016,Indep. Blvd Christian Church,Indep. Blvd Christian Church,606 Gladstone Ave,,Kansas City,MISSOURI,64124,Open,Restaurant/Deli 0-5 Employees,Restaurant/Deli,,Operational,"606 Gladstone Ave
Kansas City, MISSOURI 64124
(39.105854, -94.545975)"
101020,Dollar General,Dollar General,7615 NW Prairie View Rd,,Kansas City,MISSOURI,64151,Open,Retail Grocery/Market Under 3000 sq. ft.,Retail Grocery/Market,,Operational,"7615 NW Prairie View Rd
Kansas City, MISSOURI 64151
(39.232696, -94.65834)"
101169,Bartle Hall Stand 301,Bartle Hall Stand 301,301 West 13th Street  ,Suite 102,Kansas City,MISSOURI,64105,Open,Restaurant/Deli 6-9 Employees,Restaurant/Deli,,Operational,"301 West 13th Street
Kansas City, MISSOURI 64105
(39.0988, -94.58697)"
101654,Courtyard by Marriott,Courtyard by Marriott,4600 JC Nichols Parkway ,,Kansas City,MISSOURI,64112,Open,Restaurant/Deli 0-5 Employees,Restaurant/Deli,,Operational,"4600 JC Nichols Parkway
Kansas City, MISSOURI 64112
(39.04356, -94.58831)"
27683,KC Marriott Downtown - Banquet A,KC Marriott Downtown - Banquet A,200 W 12th St,,Kansas City,MISSOURI,64105,Open,Restaurant/Deli 10-20 Employees,Restaurant/Deli,,Operational,"200 W 12th St
Kansas City, MISSOURI 64105
(39.10003, -94.585827)"
18671,The Palace (Main Concession),The Palace (Main Concession),500 Nichols Rd.,,Kansas City,MISSOURI,64112,Open,Restaurant/Deli 41-60 Employees,Restaurant/Deli,http://www.cinemark.com,Operational,"500 Nichols Rd.
Kansas City, MISSOURI 64112
(39.041319, -94.593854)"
S0019,Campbell Gardens,Campbell Gardens,20  E. 5th St.,,Kansas City ,MISSOURI,64106,Open,Sampling Permit,Sampling Permit,,Operational,"20 E. 5th St.
Kansas City, MISSOURI 64106
(39.108645, -94.581167)"
101187,Ixtapa,Ixtapa,7103 NW Barry Road,,Kansas City,MISSOURI,64153,Open,Restaurant/Deli 6-9 Employees,Restaurant/Deli,,Operational,"7103 NW Barry Road
Kansas City, MISSOURI 64153
(39.246841, -94.66161)"
101069,CVS / Pharmacy # 05635 ,CVS / Pharmacy # 05635 ,11124 Holmes Road  ,,Kansas City ,MISSOURI,64131,Open,Retail Grocery/Market 3001-30000 sq. ft.,Retail Grocery/Market,,Operational,"11124 Holmes Road
Kansas City, MISSOURI 64131
(38.925336, -94.583407)"
2530,QUIK TRIP #207,QUIK TRIP #207,8501 WINNER ROAD ,,KANSAS CITY,MISSOURI,64125,Open,Retail Grocery/Market 3001-30000 sq. ft.,Retail Grocery/Market,http://www.quiktrip.com,Operational,"8501 WINNER ROAD
KANSAS CITY, MISSOURI 64125
(39.107078, -94.482453)"
14410,Suzy's Deli,Suzy's Deli,1533 Grand ,,Kansas City,MISSOURI,64108,Open,Restaurant/Deli 0-5 Employees,Restaurant/Deli,,Operational,"1533 Grand
Kansas City, MISSOURI 64108
(39.094671, -94.581171)"
2353,Portia's Cafe,Portia's Cafe,3840  Truman Rd,,Kansas City,MISSOURI,64127,Open,Restaurant/Deli 6-9 Employees,Restaurant/Deli,,Operational,"3840 Truman Rd
Kansas City, MISSOURI 64127
(39.094133, -94.536035)"
104465,Afrique International Market,Afrique International Market,3703  Main St.,,Kansas City,MISSOURI,64111,Open,Retail Grocery/Market Under 3000 sq. ft.,Retail Grocery/Market,,Operational,"3703 Main St.
Kansas City, MISSOURI 64111
(39.060137, -94.585898)"
1402,Ingels Elementary School Cafeteria,Ingels Elementary School Cafeteria,11600  Food Ln,,Kansas City,MISSOURI,64134,Open,Fee Exempt,Fee Exempt,,Operational,"11600 Food Ln
Kansas City, MISSOURI 64134
(38.913634, -94.505398)"
4259,K.C. City Zoo Bluey's Store,K.C. City Zoo Bluey's Store,6800  Zoo Drive,,KANSAS CITY,MISSOURI,64132,Open,Fee Exempt,Fee Exempt,,Operational,"6800 Zoo Drive
KANSAS CITY, MISSOURI 64132
(39.00682, -94.53141)"
14500,Z-Teca Fresh Mexican Grill,Z-Teca Fresh Mexican Grill,2450  Grand,Suite 146,Kansas City,MISSOURI,64108,Open,Restaurant/Deli 10-20 Employees,Restaurant/Deli,,Operational,"2450 Grand
Kansas City, MISSOURI 64108
(39.082903, -94.581877)"
100752,Municipal Auditorium - Aramark - Stand #110,Municipal Auditorium - Aramark - Stand #110,301 W. 13th. St. ,Municipal Auditorium,Kansas City,MISSOURI,64105,Open,Restaurant/Deli 0-5 Employees,Restaurant/Deli,,Operational,"301 W. 13th. St.
Kansas City, MISSOURI 64105
(39.0988, -94.58697)"
101058,Dollar General #3310,Dollar General #3310,7525 Wornall ,,Kansas City,MISSOURI,64114,Open,Retail Grocery/Market Under 3000 sq. ft.,Retail Grocery/Market,,Operational,"7525 Wornall
Kansas City, MISSOURI 64114
(38.990959, -94.594332)"
2142,Guerrero Market (Grocery),Guerrero Market (Grocery),4440 St. John Ave,,Kansas City,MISSOURI,64123,Open,Retail Grocery/Market Under 3000 sq. ft.,Retail Grocery/Market,,Operational,"4440 St. John Ave
Kansas City, MISSOURI 64123
(39.11279, -94.528949)"
100830,Barnes & Noble   ,Barnes & Noble   ,8625 NW Prairie View Rd ,N223,Kansas City,MISSOURI,64153,Open,Restaurant/Deli 10-20 Employees,Restaurant/Deli,,Operational,"8625 NW Prairie View Rd
Kansas City, MISSOURI 64153
(39.250968, -94.661838)"
19991,Ruby Tuesday #2251,Ruby Tuesday #2251,9770 NW Prairie View Rd,,Kansas City,MISSOURI,64153,Open,Restaurant/Deli 41-60 Employees,Restaurant/Deli,http://www.rubytuesday.com,Operational,"9770 NW Prairie View Rd
Kansas City, MISSOURI 64153
(39.272214, -94.670614)"
101539,Sheng Restaurant ,Sheng Restaurant ,3260 Broadway ,,Kansas City,MISSOURI,64111,Open,Restaurant/Deli 0-5 Employees,Restaurant/Deli,,Operational,"3260 Broadway
Kansas City, MISSOURI 64111
(39.067781, -94.590132)"
2099,Holy Cross Cafeteria,Holy Cross Cafeteria,121 N Quincy,,Kansas City,MISSOURI,64123,Open,School - Private 0-5 Employees,School - Private,,Operational,"121 N Quincy
Kansas City, MISSOURI 64123
(39.11294, -94.522165)"
22571,Courtyard By Marriott - KCI,Courtyard By Marriott - KCI,7901 NW Tiffany Springs Pkwy.,,Kansas City,MISSOURI,64153,Open,Restaurant/Deli 0-5 Employees,Restaurant/Deli,,Operational,"7901 NW Tiffany Springs Pkwy.
Kansas City, MISSOURI 64153
(39.272332, -94.672101)"
13623,Wal-Mart (bakery),Wal-Mart (bakery),8301 N. Church Rd.,,Kansas City,MISSOURI,64158,Open,Retail Bakery Under 3000 sq. ft.,Retail Bakery,,Operational,"8301 N. Church Rd.
Kansas City, MISSOURI 64158
(39.243357, -94.461821)"
101398,King of Kings Lutheran Church ,King of Kings Lutheran Church ,1701 NE 96th Street ,,Kansas City,MISSOURI,64155,Open,Restaurant/Deli 0-5 Employees,Restaurant/Deli,,Operational,"1701 NE 96th Street
Kansas City, MISSOURI 64155
(39.267462, -94.558771)"
101482,Isle of Capri-Pulse,Isle of Capri-Pulse,1800  E. Front St.,,Kansas City,MISSOURI,64120,Open,Bar/Tavern 6-9 Employees,Bar/Tavern,,Operational,"1800 E. Front St.
Kansas City, MISSOURI 64120
(39.120302, -94.562031)"
15630,Saddle and Sirloin Club of Kansas City,Saddle and Sirloin Club of Kansas City,14401 Holmes Rd.,,Kansas City,MISSOURI,64145,Open,Restaurant/Deli 0-5 Employees,Restaurant/Deli,,Operational,"14401 Holmes Rd.
Kansas City, MISSOURI 64145
(38.86577, -94.585369)"
2393,"H & S Food Service, Inc","H & S Food Service, Inc",2428 Vine  ,,Kansas City,MISSOURI,64108,Open,Restaurant/Deli 10-20 Employees,Restaurant/Deli,,Operational,"2428 Vine
Kansas City, MISSOURI 64108
(39.082559, -94.563765)"
15210,Richey's Club,Richey's Club,11527  Hickman Mills Dr,,Kansas City,MISSOURI,64134,Open,Bar/Tavern 6-9 Employees,Bar/Tavern,,Operational,"11527 Hickman Mills Dr
Kansas City, MISSOURI 64134
(38.915804, -94.523715)"
100538,Cupinis,Cupinis,1809 Westport ,,Kansas City,MISSOURI,64111,Open,Restaurant/Deli 10-20 Employees,Restaurant/Deli,,Operational,"1809 Westport
Kansas City, MISSOURI 64111
(39.050208, -94.606942)"
4973,Ameristar Circle King Bar ,Ameristar Circle King Bar ,3200  N Ameristar Dr.,,Kansas City,MISSOURI,64161,Open,Bar/Tavern 0-5 Employees,Bar/Tavern,,Operational,"3200 N Ameristar Dr.
Kansas City, MISSOURI 64161
(39.150958, -94.477213)"
101194,Huda Food,Huda Food,3239 Independence Ave,,Kansas City,MISSOURI,64124,Open,Retail Grocery/Market Under 3000 sq. ft.,Retail Grocery/Market,,Operational,"3239 Independence Ave
Kansas City, MISSOURI 64124
(39.106004, -94.542254)"
100486,Troost Market Deli,Troost Market Deli,8001 Troost ,,Kansas City,MISSOURI,64131,Open,Restaurant/Deli 6-9 Employees,Restaurant/Deli,,Operational,"8001 Troost
Kansas City, MISSOURI 64131
(38.982971, -94.576083)"
100889,McDonald's #3923,McDonald's #3923,6996 Eastwood Trafficway ,,Kansas City,MISSOURI,64129,Open,Restaurant/Deli 21-40 Employees,Restaurant/Deli,,Operational,"6996 Eastwood Trafficway
Kansas City, MISSOURI 64129
(39.031012, -94.503398)"
30632,Lakeview Middle School,Lakeview Middle School,6720 NW 64th St,,Kansas City,MISSOURI,64151,Open,School - Public 6-9 Employees,School - Public,,Operational,"6720 NW 64th St
Kansas City, MISSOURI 64151
(39.210623, -94.659305)"
1640,Harry S. Truman School Cafeteria,Harry S. Truman School Cafeteria,9601  James A. Reed Rd,,Kansas City,MISSOURI,64134,Open,Fee Exempt,Fee Exempt,,Operational,"9601 James A. Reed Rd
Kansas City, MISSOURI 64134
(38.949552, -94.494125)"
17331,Mildred's on Main,Mildred's on Main,920 Main St,209,Kansas City,MISSOURI,64105,Open,Restaurant/Deli 0-5 Employees,Restaurant/Deli,,Operational,"920 Main St
Kansas City, MISSOURI 64105
(39.102812, -94.583021)"
31110,"Teetering Rocks Executive Links, INC.","Teetering Rocks Executive Links, INC.",12040 E 86 th St,,Kansas City,MISSOURI,64138,Open,Restaurant/Deli 0-5 Employees,Restaurant/Deli,,Operational,"12040 E 86 th St
Kansas City, MISSOURI 64138
(38.964944, -94.438503)"
1689,TRUMAN MEDICAL CENTER EAST,TRUMAN MEDICAL CENTER EAST,7900 LEE'S SUMMIT RD ,,KANSAS CITY ,MISSOURI,64139,Open,Restaurant/Deli 41-60 Employees,Restaurant/Deli,,Operational,"7900 LEE'S SUMMIT RD
KANSAS CITY, MISSOURI 64139
(38.973566, -94.39046)"
1394,West Englewood School,West Englewood School,1506  NW Englewood Rd,,Kansas City,MISSOURI,64118,Open,Fee Exempt,Fee Exempt,,Operational,"1506 NW Englewood Rd
Kansas City, MISSOURI 64118
(39.195824, -94.598323)"
1823,The Peanut,The Peanut,5000 Main,,Kansas City,MISSOURI,64112,Open,Restaurant/Deli 6-9 Employees,Restaurant/Deli,http://www.peanutkc.com,Operational,"5000 Main
Kansas City, MISSOURI 64112
(39.036445, -94.587261)"
101661,Taj Palace,Taj Palace,1706 W. 39th Street ,,Kansas City,MISSOURI,64111,Open,Restaurant/Deli 6-9 Employees,Restaurant/Deli,,Operational,"1706 W. 39th Street
Kansas City, MISSOURI 64111
(39.057272, -94.60533)"
101595,CVS/Pharmacy #5693,CVS/Pharmacy #5693,8421 NW Prairie View Rd. ,,Kansas City,MISSOURI,64153,Open,Retail Grocery/Market 3001-30000 sq. ft.,Retail Grocery/Market,,Operational,"8421 NW Prairie View Rd.
Kansas City, MISSOURI 64153
(39.247242, -94.661134)"
1364,Blue Valley Market,Blue Valley Market,4300 Cleveland,,Kansas City,MISSOURI,64130,Open,Retail Grocery/Market Under 3000 sq. ft.,Retail Grocery/Market,,Operational,"4300 Cleveland
Kansas City, MISSOURI 64130
(39.047493, -94.540165)"
2319,McDonald's,McDonald's,6406  Troost,,Kansas City,MISSOURI,64131,Open,Restaurant/Deli 41-60 Employees,Restaurant/Deli,,Operational,"6406 Troost
Kansas City, MISSOURI 64131
(39.010815, -94.57468)"
2690,Restart Food Service,Restart Food Service,918 E 9th St,,Kansas City,MISSOURI,64106,Open,Restaurant/Deli 10-20 Employees,Restaurant/Deli,,Operational,"918 E 9th St
Kansas City, MISSOURI 64106
(39.103145, -94.571237)"
101823,Broadway Shell Market,Broadway Shell Market,3786 Broadway ,,Kansas City,MISSOURI,64111,Open,Retail Grocery/Market Under 3000 sq. ft.,Retail Grocery/Market,,Operational,"3786 Broadway
Kansas City, MISSOURI 64111
(39.05819, -94.59068)"
101824,Broadway Shell Deli,Broadway Shell Deli,3786 Broadway ,,Kansas City,MISSOURI,64111,Open,Restaurant/Deli 0-5 Employees,Restaurant/Deli,,Operational,"3786 Broadway
Kansas City, MISSOURI 64111
(39.05819, -94.59068)"
1997,World's Liquor,World's Liquor,8108 NW Prairie View Rd,,Kansas City,MISSOURI,64152,Open,Retail Grocery/Market Under 3000 sq. ft.,Retail Grocery/Market,,Operational,"8108 NW Prairie View Rd
Kansas City, MISSOURI 64152
(39.241625, -94.658818)"
101868,Green Acres (deli),Green Acres (deli),4175 N Mulberry Dr,,Kansas City,MISSOURI,64116,Open,Restaurant/Deli 10-20 Employees,Restaurant/Deli,,Operational,"4175 N Mulberry Dr
Kansas City, MISSOURI 64116
(39.170047, -94.59927)"
101803,Cristo Rey Kansas City,Cristo Rey Kansas City,211 W Linwood Blvd,,Kansas City,MISSOURI,64111,Open,School - Private 0-5 Employees,School - Private,,Operational,"211 W Linwood Blvd
Kansas City, MISSOURI 64111
(39.067698, -94.588181)"
100514,Subway,Subway,8793 Blue Ridge Blvd. ,,Kansas City,MISSOURI,64138,Open,Restaurant/Deli 0-5 Employees,Restaurant/Deli,,Operational,"8793 Blue Ridge Blvd.
Kansas City, MISSOURI 64138
(38.964424, -94.499141)"
100668,Cafe Nerman,Cafe Nerman,4415 Warwick Blvd ,,Kansas City,MISSOURI,64111,Open,Restaurant/Deli 10-20 Employees,Restaurant/Deli,,Operational,"4415 Warwick Blvd
Kansas City, MISSOURI 64111
(39.045678, -94.583833)"
4818,Westport Coffeehouse,Westport Coffeehouse,4010  Pennsylvania,,Kansas City,MISSOURI,64111,Open,Restaurant/Deli 6-9 Employees,Restaurant/Deli,,Operational,"4010 Pennsylvania
Kansas City, MISSOURI 64111
(39.054759, -94.592945)"
510416,Frosty Treats #28 510416,Frosty Treats #28 510416,620  E Linwood Blvd,,Kansas City,MISSOURI,64109,Open,Mobile Unit/Pushcart,Mobile Unit/Pushcart,,Operational,"620 E Linwood Blvd
Kansas City, MISSOURI 64109
(39.06889, -94.577547)"
101200,Abarrotes Mexico,Abarrotes Mexico,806  SW Blvd,,Kansas City,MISSOURI,64108,Open,Restaurant/Deli 6-9 Employees,Restaurant/Deli,,Operational,"806 SW Blvd
Kansas City, MISSOURI 64108
(39.08458, -94.594044)"
19992,Chase Suites Hotel,Chase Suites Hotel,9900 NW. Prairie View Rd. ,,Kansas City,MISSOURI,64153,Open,Restaurant/Deli 0-5 Employees,Restaurant/Deli,,Operational,"9900 NW. Prairie View Rd.
Kansas City, MISSOURI 64153
(39.275986, -94.671749)"
101347,Bella Napoli (restaurant),Bella Napoli (restaurant),6227 Brookside ,,Kansas City,MISSOURI,64113,Open,Restaurant/Deli 6-9 Employees,Restaurant/Deli,,Operational,"6227 Brookside
Kansas City, MISSOURI 64113
(39.014685, -94.590199)"
101293,Chipotle Mexican Restaurant #736,Chipotle Mexican Restaurant #736,8700 N. Flintlock Rd.,,Kansas City,MISSOURI,64157,Open,Restaurant/Deli 21-40 Employees,Restaurant/Deli,,Operational,"8700 N. Flintlock Rd.
Kansas City, MISSOURI 64157
(39.247779, -94.465426)"
1857,Lon Lane's Inspired Occasions,Lon Lane's Inspired Occasions,6306  Morningside Dr,,Kansas City,MISSOURI,64113,Open,Restaurant/Deli 6-9 Employees,Restaurant/Deli,,Operational,"6306 Morningside Dr
Kansas City, MISSOURI 64113
(39.013431, -94.586114)"
4468,Brush Creek Community Center,Brush Creek Community Center,3801 Emmanel Cleaver II Blvd,,Kansas City,MISSOURI,64130,Open,Fee Exempt,Fee Exempt,http://www.kcmo/parks,Operational,"3801 Emmanel Cleaver II Blvd
Kansas City, MISSOURI 64130
(39.03862, -94.542186)"
101305,Worlds of Fun The Village,Worlds of Fun The Village,4540 Worlds of Fun Ave ,,Kansas City,MISSOURI,64161,Open,Retail Grocery/Market Under 3000 sq. ft.,Retail Grocery/Market,http://www.worldsoffun.com,Operational,"4540 Worlds of Fun Ave
Kansas City, MISSOURI 64161
(39.176083, -94.493725)"
1716,Sheraton Kansas City - Spectators,Sheraton Kansas City - Spectators,2345 McGee ,,Kansas City,MISSOURI,64108,Open,Bar/Tavern 10-20 Employees,Bar/Tavern,,Operational,"2345 McGee
Kansas City, MISSOURI 64108
(39.084743, -94.58049)"
101570,Planet Sub,Planet Sub,1111 Main St,,Kansas City,MISSOURI,64105,Open,Restaurant/Deli 6-9 Employees,Restaurant/Deli,,Operational,"1111 Main St
Kansas City, MISSOURI 64105
(39.100732, -94.583122)"
31512,Knights of Columbus,Knights of Columbus,5111 E 112th Terrace,,Kansas City,MISSOURI,64137,Open,Restaurant/Deli 0-5 Employees,Restaurant/Deli,,Operational,"5111 E 112th Terrace
Kansas City, MISSOURI 64137
(38.920953, -94.531087)"
101155,Subway Sandwich Restaurant,Subway Sandwich Restaurant,4924 NE 81st St.,,Kansas City,MISSOURI,64119,Open,Restaurant/Deli 0-5 Employees,Restaurant/Deli,,Operational,"4924 NE 81st St.
Kansas City, MISSOURI 64119
(39.240711, -94.522648)"
14472,Break Time Plus #3,Break Time Plus #3,2405  Grand,,Kansas City,MISSOURI,64108,Open,Retail Grocery/Market Under 3000 sq. ft.,Retail Grocery/Market,,Operational,"2405 Grand
Kansas City, MISSOURI 64108
(39.083316, -94.581678)"
101366,Saint Luke's Northland Hospital,Saint Luke's Northland Hospital,5830 NW Barry Rd,,Kansas City,MISSOURI,64154,Open,Restaurant/Deli 21-40 Employees,Restaurant/Deli,http://saintlukeshealthsystem.org,Operational,"5830 NW Barry Rd
Kansas City, MISSOURI 64154
(39.246883, -94.647898)"
2567,Worlds of Fun Pizzo Pizza,Worlds of Fun Pizzo Pizza,4545 WORLDS OF FUN AVE ,,KANSAS CITY,MISSOURI,64161,Open,Restaurant/Deli 0-5 Employees,Restaurant/Deli,,Operational,"4545 WORLDS OF FUN AVE
KANSAS CITY, MISSOURI 64161
(39.174532, -94.492423)"
2181,Ponak's Mexican Kitchen & Bar,Ponak's Mexican Kitchen & Bar,2856  Southwest Blvd.,,Kansas City,MISSOURI,64108,Open,Restaurant/Deli 41-60 Employees,Restaurant/Deli,,Operational,"2856 Southwest Blvd.
Kansas City, MISSOURI 64108
(39.075484, -94.60307)"
11840,Apple Market Deli,Apple Market Deli,4300 Blue Ridge Blvd ,,Kansas City,MISSOURI,64133,Open,Restaurant/Deli 0-5 Employees,Restaurant/Deli,,Operational,"4300 Blue Ridge Blvd
Kansas City, MISSOURI 64133
(39.04326, -94.438124)"
1583,Boulevard Bakery,Boulevard Bakery,2815 Independence Ave,,Kansas City,MISSOURI,64124,Open,Retail Bakery Under 3000 sq. ft.,Retail Bakery,,Operational,"2815 Independence Ave
Kansas City, MISSOURI 64124
(39.106191, -94.547654)"
100200,Freeway Market,Freeway Market,3811  E. 67th St,,Kansas City ,MISSOURI,64132,Open,Retail Grocery/Market 3001-30000 sq. ft.,Retail Grocery/Market,,Operational,"3811 E. 67th St
Kansas City, MISSOURI 64132
(39.004628, -94.541926)"
1360,Comfort Suites,Comfort Suites,8200 N. Church Rd.,,Kansas City,MISSOURI,64158,Open,Restaurant/Deli 10-20 Employees,Restaurant/Deli,,Operational,"8200 N. Church Rd.
Kansas City, MISSOURI 64158
(39.240743, -94.460993)"
101433,Kansas City North Community Center,Kansas City North Community Center,3930 NE Antioch,,Kansas City,MISSOURI,64117,Open,Fee Exempt,Fee Exempt,,Operational,"3930 NE Antioch
Kansas City, MISSOURI 64117
(39.165222, -94.548564)"
13912,Pizza Street,Pizza Street,307B NE Englewood Rd. ,,Kansas City,MISSOURI,64118,Open,Restaurant/Deli 10-20 Employees,Restaurant/Deli,http://pizzastreetinc.com,Operational,"307B NE Englewood Rd.
Kansas City, MISSOURI 64118
(39.19597, -94.579751)"
100228,Price Chopper (bakery),Price Chopper (bakery),6327 Brookside Plz ,,Kansas City ,MISSOURI,64113,Open,Retail Bakery Under 3000 sq. ft.,Retail Bakery,,Operational,"6327 Brookside Plz
Kansas City, MISSOURI 64113
(39.013299, -94.590682)"
2169,La Fonda El Taquito,La Fonda El Taquito,800 Southwest Blvd.,,Kansas City,MISSOURI,64108,Open,Restaurant/Deli 10-20 Employees,Restaurant/Deli,,Operational,"800 Southwest Blvd.
Kansas City, MISSOURI 64108
(39.084718, -94.593811)"
104012,Pizza Hut #4723,Pizza Hut #4723,1020 Broadway St,,Kansas City,MISSOURI,64105,Open,Restaurant/Deli 10-20 Employees,Restaurant/Deli,,Operational,"1020 Broadway St
Kansas City, MISSOURI 64105
(39.101251, -94.588368)"
105163,Chipotle Mexican Grill #1493,Chipotle Mexican Grill #1493,203 Englewood Road,,Kansas City,MISSOURI,64118,Open,Restaurant/Deli 21-40 Employees,Restaurant/Deli,,Operational,"203 Englewood Road
Kansas City, MISSOURI 64118
(39.196709, -94.581926)"
501616,Little Italy 501616,Little Italy 501616,1914 NE 2nd Street,,Kansas City,MISSOURI,64014,Open,Mobile Unit/Pushcart,Mobile Unit/Pushcart,,Operational,"1914 NE 2nd Street
Kansas City, MISSOURI 64014
(39.039789, -94.260619)"
105007,Phillips At Attucks,Phillips At Attucks,2400 Prospect Ave.,,Kansas City,MISSOURI,64127,Open,Fee Exempt,Fee Exempt,,Operational,"2400 Prospect Ave.
Kansas City, MISSOURI 64127
(39.08249, -94.552242)"
105575,Worlds of Fun Detonator,Worlds of Fun Detonator,4545 Worlds of Fun Ave,,Kansas City,MISSOURI,64161,Open,Restaurant/Deli 0-5 Employees,Restaurant/Deli,,Operational,"4545 Worlds of Fun Ave
Kansas City, MISSOURI 64161
(39.174532, -94.492423)"
105430,Gram & Dun,Gram & Dun,600 Ward Parkway,,Kansas City,MISSOURI,64112,Open,Restaurant/Deli 91-100 Employees,Restaurant/Deli,,Operational,"600 Ward Parkway
Kansas City, MISSOURI 64112
(39.040034, -94.594343)"
105510,Trader Joe's #720,Trader Joe's #720,8600 Ward Parkway,,Kansas City,MISSOURI,64114,Open,Retail Grocery/Market 3001-30000 sq. ft.,Retail Grocery/Market,,Operational,"8600 Ward Parkway
Kansas City, MISSOURI 64114
(38.971601, -94.60543)"
105585,"The Reef, Inc.","The Reef, Inc.",9600  Polo Drive,,Kansas City ,MISSOURI,64153,Open,Restaurant/Deli 10-20 Employees,Restaurant/Deli,,Operational,"9600 Polo Drive
Kansas City, MISSOURI 64153
(39.271136, -94.665586)"
505616,Royals Stadium DTF Funnel Cake 505616,Royals Stadium DTF Funnel Cake 505616,1 Royal Way,,Kansas City,MISSOURI,64129,Open,Mobile Unit/Pushcart,Mobile Unit/Pushcart,,Operational,"1 Royal Way
Kansas City, MISSOURI 64129
(39.054727, -94.486227)"
103957,Vee's Sweets & Treats,Vee's Sweets & Treats,8005 Paseo Blvd,,Kansas City,MISSOURI,64131,Open,Restaurant/Deli 0-5 Employees,Restaurant/Deli,,Operational,"8005 Paseo Blvd
Kansas City, MISSOURI 64131
(38.981983, -94.566937)"
103976,Cosentino's Downtown Market (bakery),Cosentino's Downtown Market (bakery),10 E 13th Street,,Kansas City,MISSOURI,64106,Open,Retail Bakery 30001-40000 sq. ft.,Retail Bakery,,Operational,"10 E 13th Street
Kansas City, MISSOURI 64106
(39.098602, -94.583147)"
103711,Arthur's Lounge,Arthur's Lounge,8158 NW Prairie View Rd,,Kansas City,MISSOURI,64151,Open,Bar/Tavern 0-5 Employees,Bar/Tavern,http://www.arthursloungekc.com,Operational,"8158 NW Prairie View Rd
Kansas City, MISSOURI 64151
(39.242467, -94.658803)"
103963,Pizza Hut #4724,Pizza Hut #4724,7657 NW Prairie View Rd,,Kansas City,MISSOURI,64151,Open,Restaurant/Deli 21-40 Employees,Restaurant/Deli,,Operational,"7657 NW Prairie View Rd
Kansas City, MISSOURI 64151
(39.233421, -94.658603)"
103763,7-Eleven Market,7-Eleven Market,10615  Blue Ridge Blvd,,Kansas City,MISSOURI,64134,Open,Retail Grocery/Market Under 3000 sq. ft.,Retail Grocery/Market,,Operational,"10615 Blue Ridge Blvd
Kansas City, MISSOURI 64134
(38.930786, -94.507764)"
105874,The Dubliner,The Dubliner,170 E 14th St,,Kansas City,MISSOURI,64106,Open,Restaurant/Deli 21-40 Employees,Restaurant/Deli,,Operational,"170 E 14th St
Kansas City, MISSOURI 64106
(39.097205, -94.581525)"
104172,Royals Aramark Diamond Club Pizza Stand,Royals Aramark Diamond Club Pizza Stand,1 Royal Way,,Kansas City,MISSOURI,64129,Open,Restaurant/Deli 6-9 Employees,Restaurant/Deli,http://lancie-george@aramark.com,Operational,"1 Royal Way
Kansas City, MISSOURI 64129
(39.054727, -94.486227)"
800083,Expressive Catering (Catering Permit),Expressive Catering (Catering Permit),1815 Grand,,Kansas City,MISSOURI,64108,Open,Catering Permit,Catering Permit,,Operational,"1815 Grand
Kansas City, MISSOURI 64108
(39.091107, -94.581356)"
518216,Aramark Convention Steam Table #1 518216,Aramark Convention Steam Table #1 518216,310 W 13th St,Suite 102,Kansas City,MISSOURI,64105,Open,Mobile Unit/Pushcart,Mobile Unit/Pushcart,,Operational,"310 W 13th St
Kansas City, MISSOURI 64105
(39.098796, -94.587776)"
104859,Chiefs Aramark Stand 113D,Chiefs Aramark Stand 113D,1 Arrowhead Dr,,Kansas City,MISSOURI,64129,Open,Restaurant/Deli 6-9 Employees,Restaurant/Deli,,Operational,"1 Arrowhead Dr
Kansas City, MISSOURI 64129
(39.051361, -94.49361)"
511516,Royals Stadium Aramark PG 225 511516,Royals Stadium Aramark PG 225 511516,1 Royal Way,,Kansas City,MISSOURI,64129,Open,Mobile Unit/Pushcart,Mobile Unit/Pushcart,,Operational,"1 Royal Way
Kansas City, MISSOURI 64129
(39.054727, -94.486227)"
603413,Grinders Bar Rusto,Grinders Bar Rusto,1828 Locust,,Kansas City,MISSOURI,64108,Open,Seasonal Permit,Seasonal Permit,,Operational,"1828 Locust
Kansas City, MISSOURI 64108
(39.091223, -94.577809)"
105387,Sheraton KC Hotel Gift Shop,Sheraton KC Hotel Gift Shop,2345 McGee,,Kansas City,MISSOURI,64108,Open,Retail Grocery/Market Under 3000 sq. ft.,Retail Grocery/Market,,Operational,"2345 McGee
Kansas City, MISSOURI 64108
(39.084743, -94.58049)"
800154,Cupinis Inc,Cupinis Inc,1809 Westport,,Kansas City,MISSOURI,64111,Open,Catering Permit,Catering Permit,,Operational,"1809 Westport
Kansas City, MISSOURI 64111
(39.050208, -94.606942)"
104814,Town News (market),Town News (market),1100 Walnut St,140,Kansas CIty,MISSOURI,64106,Open,Retail Grocery/Market Under 3000 sq. ft.,Retail Grocery/Market,,Operational,"1100 Walnut St
Kansas CIty, MISSOURI 64106
(39.101081, -94.581995)"
800089,Hy-Vee (Catering),Hy-Vee (Catering),207 N.E. Englewood Road,,Kansas City,MISSOURI,64118,Open,Catering Permit,Catering Permit,,Operational,"207 N.E. Englewood Road
Kansas City, MISSOURI 64118
(39.195994, -94.57985)"
800091,Aladdin Hotel (catering),Aladdin Hotel (catering),1215 Wyandotte St,,Kansas City,MISSOURI,64105,Open,Catering Permit,Catering Permit,,Operational,"1215 Wyandotte St
Kansas City, MISSOURI 64105
(39.099448, -94.585594)"
105864,Le's Soup,Le's Soup,331 Wabash Ave,,Kansas City,MISSOURI,64124,Open,Restaurant/Deli 0-5 Employees,Restaurant/Deli,,Operational,"331 Wabash Ave
Kansas City, MISSOURI 64124
(39.109586, -94.552487)"
105712,Subway #29044-234,Subway #29044-234,13615 Washington St,,Kansas City,MISSOURI,64145,Open,Restaurant/Deli 6-9 Employees,Restaurant/Deli,,Operational,"13615 Washington St
Kansas City, MISSOURI 64145
(38.882172, -94.601549)"
104633,UMKC Hospital Hill Cafe,UMKC Hospital Hill Cafe,2462  Charlotte,,Kansas City ,MISSOURI,64108,Open,Restaurant/Deli 0-5 Employees,Restaurant/Deli,,Operational,"2462 Charlotte
Kansas City, MISSOURI 64108
(39.082359, -94.574772)"
105368,IHOP,IHOP,4149 Sterling Ave,,Kansas City,MISSOURI,64133,Open,Restaurant/Deli 21-40 Employees,Restaurant/Deli,,Operational,"4149 Sterling Ave
Kansas City, MISSOURI 64133
(39.046597, -94.447599)"
105894,Cafe Gratitude,Cafe Gratitude,333 Southwest Blvd,,Kansas City,MISSOURI,64108,Open,Restaurant/Deli 21-40 Employees,Restaurant/Deli,,Operational,"333 Southwest Blvd
Kansas City, MISSOURI 64108
(39.087913, -94.588757)"
105872,Opera House Coffee and Food Emporium,Opera House Coffee and Food Emporium,500 Walnut St,,Kansas City,MISSOURI,64106,Open,Restaurant/Deli 10-20 Employees,Restaurant/Deli,,Operational,"500 Walnut St
Kansas City, MISSOURI 64106
(39.107804, -94.581392)"
800009,Fiorella's Private Dining Catering Permit,Fiorella's Private Dining Catering Permit,13645 Holmes,,Kansas City,MISSOURI,64145,Open,Catering Permit,Catering Permit,,Operational,"13645 Holmes
Kansas City, MISSOURI 64145
(38.878903, -94.586806)"
104404,Papa Murphy's,Papa Murphy's,6320 N Chatham,,Kansas City,MISSOURI,64151,Open,Restaurant/Deli 10-20 Employees,Restaurant/Deli,,Operational,"6320 N Chatham
Kansas City, MISSOURI 64151
(39.209672, -94.643)"
105901,Ambassador Hotel Reserve,Ambassador Hotel Reserve,1111 Grand Blvd,,Kansas City,MISSOURI,64106,Open,Restaurant/Deli 10-20 Employees,Restaurant/Deli,,Operational,"1111 Grand Blvd
Kansas City, MISSOURI 64106
(39.100612, -94.580869)"
105673,Mini Bar,Mini Bar,3810 Broadway,,Kansas City,MISSOURI,64111,Open,Bar/Tavern 6-9 Employees,Bar/Tavern,,Operational,"3810 Broadway
Kansas City, MISSOURI 64111
(39.057668, -94.59071)"
549615,Starlight Theatre Sunset Hill Bar 549615,Starlight Theatre Sunset Hill Bar 549615,4600 Starlight Rd,,Kansas City,MISSOURI,64132,Open,Mobile Unit/Pushcart,Mobile Unit/Pushcart,,Operational,"4600 Starlight Rd
Kansas City, MISSOURI 64132
(39.009406, -94.532417)"
501416,J&R's Hot Dogs 501416,J&R's Hot Dogs 501416,6206 NW Pine Ridge Circle,,Kansas City,MISSOURI,64152,Open,Mobile Unit/Pushcart,Mobile Unit/Pushcart,,Operational,"6206 NW Pine Ridge Circle
Kansas City, MISSOURI 64152
(39.207777, -94.678301)"
105129,Huda Bakery,Huda Bakery,3239 Independence Ave,,Kansas City,MISSOURI,64124,Open,Retail Bakery Under 3000 sq. ft.,Retail Bakery,,Operational,"3239 Independence Ave
Kansas City, MISSOURI 64124
(39.106004, -94.542254)"
105703,Subway,Subway,11901 Wornall Rd,,Kansas City,MISSOURI,64145,Open,Restaurant/Deli 6-9 Employees,Restaurant/Deli,,Operational,"11901 Wornall Rd
Kansas City, MISSOURI 64145
(38.913332, -94.593516)"
105504,Quinton's Waldo Bar & Grill,Quinton's Waldo Bar & Grill,7438 Wornall,,Kansas City,MISSOURI,64114,Open,Restaurant/Deli 10-20 Employees,Restaurant/Deli,,Operational,"7438 Wornall
Kansas City, MISSOURI 64114
(38.992769, -94.59428)"
104188,Royals Aramark C-221 (Hot Corner Grill/Papa John's Pizza/Royals Al,Royals Aramark C-221 (Hot Corner Grill/Papa John's Pizza/Royals Al,1 Royal Way,,Kansas City,MISSOURI,64129,Open,Restaurant/Deli 10-20 Employees,Restaurant/Deli,,Operational,"1 Royal Way
Kansas City, MISSOURI 64129
(39.054727, -94.486227)"
800011,Jason's Deli/Catering,Jason's Deli/Catering,9026 NW Skyview Ave,,Kansas City,MISSOURI,64154,Open,Catering Permit,Catering Permit,,Operational,"9026 NW Skyview Ave
Kansas City, MISSOURI 64154
(39.259197, -94.653754)"
517616,The Nutty Bavarian 517616,The Nutty Bavarian 517616,1 Royal Way,,Kansas City,MISSOURI,64129,Open,Mobile Unit/Pushcart,Mobile Unit/Pushcart,,Operational,"1 Royal Way
Kansas City, MISSOURI 64129
(39.054727, -94.486227)"
512216,Royals Stadium Aramark PG 221 512216,Royals Stadium Aramark PG 221 512216,1 Royal Way,,Kansas City,MISSOURI,64129,Open,Mobile Unit/Pushcart,Mobile Unit/Pushcart,,Operational,"1 Royal Way
Kansas City, MISSOURI 64129
(39.054727, -94.486227)"
800062,KC Marriott Downtown - Catering,KC Marriott Downtown - Catering,200 W 12th St,,Kansas City ,MISSOURI,64105,Open,Catering Permit,Catering Permit,,Operational,"200 W 12th St
Kansas City, MISSOURI 64105
(39.10003, -94.585827)"
104079,The Melting Pot,The Melting Pot,450 Ward Parkway,,Kansas City,MISSOURI,64112,Open,Restaurant/Deli 41-60 Employees,Restaurant/Deli,,Operational,"450 Ward Parkway
Kansas City, MISSOURI 64112
(39.040246, -94.593236)"
105557,Papa Murphy's Pizza,Papa Murphy's Pizza,4319  NE Chouteau TFWY,,Kansas City,MISSOURI,64117,Open,Restaurant/Deli 10-20 Employees,Restaurant/Deli,,Operational,"4319 NE Chouteau TFWY
Kansas City, MISSOURI 64117
(39.186495, -94.543513)"
105587,Wrap It Up,Wrap It Up,1100 Main St,104,Kansas City ,MISSOURI,64105,Open,Restaurant/Deli 0-5 Employees,Restaurant/Deli,,Operational,"1100 Main St
Kansas City, MISSOURI 64105
(39.100817, -94.583116)"
104000,City Union Mission,City Union Mission,1108 E 10th St,,Kansas City,MISSOURI,64106,Open,Restaurant/Deli 0-5 Employees,Restaurant/Deli,,Operational,"1108 E 10th St
Kansas City, MISSOURI 64106
(39.101911, -94.569598)"
105364,Town Topic Hamburgers,Town Topic Hamburgers,1900 Baltimore,,Kansas City,MISSOURI,64108,Open,Restaurant/Deli 0-5 Employees,Restaurant/Deli,,Operational,"1900 Baltimore
Kansas City, MISSOURI 64108
(39.0906, -94.584798)"
515715,Curly's Q 515715,Curly's Q 515715,5904 Crystal,,Kansas City,MISSOURI,64129,Open,Mobile Unit/Pushcart,Mobile Unit/Pushcart,,Operational,"5904 Crystal
Kansas City, MISSOURI 64129
(39.016774, -94.503053)"
104163,A & Z Market,A & Z Market,5353 E 39th Street,,Kansas City,MISSOURI,64128,Open,Retail Grocery/Market Under 3000 sq. ft.,Retail Grocery/Market,,Operational,"5353 E 39th Street
Kansas City, MISSOURI 64128
(39.054421, -94.521571)"
104013,Pizza Hut 4710,Pizza Hut 4710,3010 Van Brunt Blvd.,,Kansas City,MISSOURI,64128,Open,Restaurant/Deli 0-5 Employees,Restaurant/Deli,,Operational,"3010 Van Brunt Blvd.
Kansas City, MISSOURI 64128
(39.070331, -94.520814)"
800015,Ruby Tuesday (catering),Ruby Tuesday (catering),9770 NW Prairie View Rd,,Kansas City,MISSOURI,64153,Open,Catering Permit,Catering Permit,,Operational,"9770 NW Prairie View Rd
Kansas City, MISSOURI 64153
(39.272214, -94.670614)"
103997,CAFE TRIO,CAFE TRIO,4558 Main St.,,Kansas City,MISSOURI,64111,Open,Restaurant/Deli 41-60 Employees,Restaurant/Deli,,Operational,"4558 Main St.
Kansas City, MISSOURI 64111
(39.043786, -94.586831)"
103908,Steak-N-Shake,Steak-N-Shake,9500 NE Barry Rd.,,Kansas City,MISSOURI,64157,Open,Restaurant/Deli 41-60 Employees,Restaurant/Deli,,Operational,"9500 NE Barry Rd.
Kansas City, MISSOURI 64157
(39.244855, -94.462098)"
105206,Zach's Deli,Zach's Deli,1734 E. 63rd St.,,Kansas City,MISSOURI,64113,Open,Restaurant/Deli 0-5 Employees,Restaurant/Deli,,Operational,"1734 E. 63rd St.
Kansas City, MISSOURI 64113
(39.012885, -94.565226)"
104024,Spin Neopolitan Pizza,Spin Neopolitan Pizza,4950 Main Street,,Kansas City,MISSOURI,64112,Open,Restaurant/Deli 10-20 Employees,Restaurant/Deli,http://www.spinpizza.com,Operational,"4950 Main Street
Kansas City, MISSOURI 64112
(39.036884, -94.587242)"
104842,Chiefs Aramark Stand L340,Chiefs Aramark Stand L340,1 Arrowhead Drive,,Kansas City,MISSOURI,64129,Open,Restaurant/Deli 0-5 Employees,Restaurant/Deli,,Operational,"1 Arrowhead Drive
Kansas City, MISSOURI 64129
(39.051361, -94.49361)"
519216,The Cajun Cabin 519216,The Cajun Cabin 519216,10510 Grandview Rd.,,Kansas City,MISSOURI,64137,Open,Mobile Unit/Pushcart,Mobile Unit/Pushcart,,Operational,"10510 Grandview Rd.
Kansas City, MISSOURI 64137
(38.935312, -94.541221)"
509916,Frosty Treats #53 509916,Frosty Treats #53 509916,620  E Linwood,,Kansas City,MISSOURI,64109,Open,Ice Cream Moblie Vendor,Ice Cream Moblie Vendor,,Operational,"620 E Linwood
Kansas City, MISSOURI 64109
(39.06889, -94.577547)"
103754,Extra Virgin,Extra Virgin,1900 Main St.,,Kansas City,MISSOURI,64108,Open,Restaurant/Deli 21-40 Employees,Restaurant/Deli,,Operational,"1900 Main St.
Kansas City, MISSOURI 64108
(39.090153, -94.583658)"
800002,Cosentino's Downtown Market (catering),Cosentino's Downtown Market (catering),10 E 13th St,,Kansas City,MISSOURI,64106,Open,Catering Permit,Catering Permit,,Operational,"10 E 13th St
Kansas City, MISSOURI 64106
(39.098602, -94.583147)"
103670,Paseo BP,Paseo BP,4632 Paseo Blvd,,Kansas City,MISSOURI,64110,Open,Retail Grocery/Market Under 3000 sq. ft.,Retail Grocery/Market,,Operational,"4632 Paseo Blvd
Kansas City, MISSOURI 64110
(39.041971, -94.568407)"
104945,Expressive Catering,Expressive Catering,1815 Grand,,Kansas City,MISSOURI,64108,Open,Restaurant/Deli 0-5 Employees,Restaurant/Deli,,Operational,"1815 Grand
Kansas City, MISSOURI 64108
(39.091107, -94.581356)"
104468,Mr. Goodcents,Mr. Goodcents,117 NW Barry Road,,Kansas City,MISSOURI,64155,Open,Restaurant/Deli 6-9 Employees,Restaurant/Deli,,Operational,"117 NW Barry Road
Kansas City, MISSOURI 64155
(39.246325, -94.582683)"
104663,QuikTrip #218 (Deli),QuikTrip #218 (Deli),7133  NW Barry Rd,,Kansas City,MISSOURI,64152,Open,Restaurant/Deli 10-20 Employees,Restaurant/Deli,,Operational,"7133 NW Barry Rd
Kansas City, MISSOURI 64152
(39.246883, -94.663078)"
104298,Kellybrook Elementary,Kellybrook Elementary,10701 N Eastern Ave,,Kansas City,MISSOURI,64157,Open,School - Public 0-5 Employees,School - Public; School - Public,,Operational,"10701 N Eastern Ave
Kansas City, MISSOURI 64157
(39.287638, -94.492294)"
104431,Steam Bowl,Steam Bowl,5017 Independence Ave,,Kansas City,MISSOURI,64124,Open,Restaurant/Deli 0-5 Employees,Restaurant/Deli,,Operational,"5017 Independence Ave
Kansas City, MISSOURI 64124
(39.105321, -94.522517)"
104873,Chiefs Aramark Stand 103A,Chiefs Aramark Stand 103A,1 Arrowhead Dr,,Kansas City,MISSOURI,64129,Open,Restaurant/Deli 0-5 Employees,Restaurant/Deli,,Operational,"1 Arrowhead Dr
Kansas City, MISSOURI 64129
(39.051361, -94.49361)"
104456,Sinbad's Hookah Bar,Sinbad's Hookah Bar,3929 Broadway,,Kansas City,MISSOURI,64111,Open,Restaurant/Deli 0-5 Employees,Restaurant/Deli,,Operational,"3929 Broadway
Kansas City, MISSOURI 64111
(39.055552, -94.590835)"
105185,Smoke Box Cafe,Smoke Box Cafe,10020  N. Ambassador Drive,,Kansas City,MISSOURI,64153,Open,Restaurant/Deli 0-5 Employees,Restaurant/Deli,,Operational,"10020 N. Ambassador Drive
Kansas City, MISSOURI 64153
(39.276188, -94.66928)"
105055,Discount Smoke & Convenience,Discount Smoke & Convenience,11525 Blue Ridge Blvd.,2,Kansas City,MISSOURI,64134,Open,Retail Grocery/Market Under 3000 sq. ft.,Retail Grocery/Market,,Operational,"11525 Blue Ridge Blvd.
Kansas City, MISSOURI 64134
(38.91429, -94.515033)"
104812,7-Eleven #16106E (deli),7-Eleven #16106E (deli),1701 Independence Ave,,Kansas City,MISSOURI,64106,Open,Restaurant/Deli 6-9 Employees,Restaurant/Deli,,Operational,"1701 Independence Ave
Kansas City, MISSOURI 64106
(39.106654, -94.560716)"
104855,Chiefs Aramark Stand 118C,Chiefs Aramark Stand 118C,1 Arrowhead Dr,,Kansas City,MISSOURI,64129,Open,Restaurant/Deli 10-20 Employees,Restaurant/Deli,,Operational,"1 Arrowhead Dr
Kansas City, MISSOURI 64129
(39.051361, -94.49361)"
104874,Chiefs Aramark Stand 107D,Chiefs Aramark Stand 107D,1 Arrowhead Dr,,Kansas City,MISSOURI,64129,Open,Restaurant/Deli 10-20 Employees,Restaurant/Deli,,Operational,"1 Arrowhead Dr
Kansas City, MISSOURI 64129
(39.051361, -94.49361)"
103877,Long John Silvers/A&W,Long John Silvers/A&W,6860 NW 83rd Ter,,Kansas City,MISSOURI,64152,Open,Restaurant/Deli 6-9 Employees,Restaurant/Deli,,Operational,"6860 NW 83rd Ter
Kansas City, MISSOURI 64152
(39.245791, -94.660625)"
800044,Great Western Dining @ Avila University Catering Permit,Great Western Dining @ Avila University Catering Permit,11901 Wornall,,Kansas City,MISSOURI,64145,Open,Catering Permit,Catering Permit,,Operational,"11901 Wornall
Kansas City, MISSOURI 64145
(38.913332, -94.593516)"
105308,GB Chinese (Hen House),GB Chinese (Hen House),6238 N Chatham Rd,,Kansas City,MISSOURI,64151,Open,Restaurant/Deli 0-5 Employees,Restaurant/Deli,,Operational,"6238 N Chatham Rd
Kansas City, MISSOURI 64151
(39.209233, -94.643211)"
103864,The Roasterie Cafe,The Roasterie Cafe,1204 W 27th,,Kansas City,MISSOURI,64108,Open,Restaurant/Deli 0-5 Employees,Restaurant/Deli,,Operational,"1204 W 27th
Kansas City, MISSOURI 64108
(39.078722, -94.59822)"
105567,Corner Store,Corner Store,3605  NE Antioch Road,,Kansas City,MISSOURI,64117,Open,Retail Grocery/Market Under 3000 sq. ft.,Retail Grocery/Market,,Operational,"3605 NE Antioch Road
Kansas City, MISSOURI 64117
(39.159311, -94.546728)"
S0005,Yummylicious Cookie Company,Yummylicious Cookie Company,12221 S. Greenwood St,,Olathe,KANSAS,66062,Open,Sampling Permit,Sampling Permit,,Operational,"12221 S. Greenwood St
Olathe, KANSAS 66062
(38.907107, -94.751139)"
105064,Chiefs Jack Stack Barbecue Stand L339C,Chiefs Jack Stack Barbecue Stand L339C,1  Arrowhead Dr.,,Kansas City ,MISSOURI,64129,Open,Restaurant/Deli 0-5 Employees,Restaurant/Deli,,Operational,"1 Arrowhead Dr.
Kansas City, MISSOURI 64129
(39.051361, -94.49361)"
106055,Alamo Drafthouse Mainstreet (Concessions 2),Alamo Drafthouse Mainstreet (Concessions 2),1400 Main St,,Kansas City ,MISSOURI,64105,Open,Restaurant/Deli 21-40 Employees,Restaurant/Deli,,Operational,"1400 Main St
Kansas City, MISSOURI 64105
(39.09687, -94.583329)"
102316,Sprint Center Grand Grill (108),Sprint Center Grand Grill (108),1407 Grand,,Kansas City,MISSOURI,64106,Open,Restaurant/Deli 10-20 Employees,Restaurant/Deli,,Operational,"1407 Grand
Kansas City, MISSOURI 64106
(39.096868, -94.581061)"
507016,Frosty Treats #31 507016,Frosty Treats #31 507016,620 E Linwood,,Kansas City,MISSOURI,64109,Open,Ice Cream Moblie Vendor,Ice Cream Moblie Vendor,,Operational,"620 E Linwood
Kansas City, MISSOURI 64109
(39.06889, -94.577547)"
104997,Melcher Elementary,Melcher Elementary,3958 Chelsea,,Kansas City,MISSOURI,64130,Open,Fee Exempt,Fee Exempt,,Operational,"3958 Chelsea
Kansas City, MISSOURI 64130
(39.053424, -94.52725)"
103991,America's Best Value Inn & Suites,America's Best Value Inn & Suites,3240 Broadway,,Kansas City,MISSOURI,64111,Open,Restaurant/Deli 0-5 Employees,Restaurant/Deli,,Operational,"3240 Broadway
Kansas City, MISSOURI 64111
(39.068022, -94.590118)"
103857,Jason's Deli,Jason's Deli,9026 NW Skyview Ave,,Kansas City,MISSOURI,64154,Open,Restaurant/Deli 41-60 Employees,Restaurant/Deli,http://www.jasonsdeli.com,Operational,"9026 NW Skyview Ave
Kansas City, MISSOURI 64154
(39.259197, -94.653754)"
102222,Waterway Gas & Wash Company ,Waterway Gas & Wash Company ,8507  Stateline Road ,,Kansas City ,MISSOURI,64114,Open,Restaurant/Deli 10-20 Employees,Restaurant/Deli,,Operational,"8507 Stateline Road
Kansas City, MISSOURI 64114
(38.973903, -94.608158)"
105317,Hy-Vee Food Store #3 (Grocery),Hy-Vee Food Store #3 (Grocery),5330 NW 64th St,,Kansas City,MISSOURI,64151,Open,Retail Grocery/Market 60001-80000 sq. ft.,Retail Grocery/Market,http://www.hy-vee.com,Operational,"5330 NW 64th St
Kansas City, MISSOURI 64151
(39.210515, -94.641863)"
105956,Meals on Wheels/Catholic Charities of Kansas City-St. Joseph,Meals on Wheels/Catholic Charities of Kansas City-St. Joseph,5814  Euclid Avenue,,Kansas City,MISSOURI,64130,Open,Restaurant/Deli 6-9 Employees,Restaurant/Deli,,Operational,"5814 Euclid Avenue
Kansas City, MISSOURI 64130
(39.021098, -94.562502)"
103798,Courtyard Kansas City South (market),Courtyard Kansas City South (market),500 E 105th St,,Kansas City,MISSOURI,64131,Open,Retail Grocery/Market 3001-30000 sq. ft.,Retail Grocery/Market,,Operational,"500 E 105th St
Kansas City, MISSOURI 64131
(38.939121, -94.587421)"
104264,Freddy's Frozen Custard & Steakburgers,Freddy's Frozen Custard & Steakburgers,9800  NE Barry Rd.,,Kansas City,MISSOURI,64157,Open,Restaurant/Deli 41-60 Employees,Restaurant/Deli,,,"9800 NE Barry Rd.
Kansas City, MISSOURI 64157
(39.244788, -94.458828)"
103996,American Century 4400 - Elite Cuisine,American Century 4400 - Elite Cuisine,4400 Main St.,,Kansas City,MISSOURI,64111,Open,Restaurant/Deli 0-5 Employees,Restaurant/Deli,,Operational,"4400 Main St.
Kansas City, MISSOURI 64111
(39.047997, -94.586598)"
104192,Royals Aramark C-203 (Crown Classics),Royals Aramark C-203 (Crown Classics),1 Royal Way,,Kansas City,MISSOURI,64129,Open,Restaurant/Deli 6-9 Employees,Restaurant/Deli,http://lancie-george@aramark.com,Operational,"1 Royal Way
Kansas City, MISSOURI 64129
(39.054727, -94.486227)"
102350,Ernie Biggs Dueling Piano Bar,Ernie Biggs Dueling Piano Bar,4115  Mill Street,,Kasnas City,MISSOURI,64111,Open,Bar/Tavern 21-40 Employees,Bar/Tavern,,Operational,"4115 Mill Street
Kasnas City, MISSOURI 64111
(39.051745, -94.591822)"
105298,Elite Cuisine-Maple Woods,Elite Cuisine-Maple Woods,2601  NE Barry Rd.,,Kansas City,MISSOURI,64156,Open,Restaurant/Deli 0-5 Employees,Restaurant/Deli,,Operational,"2601 NE Barry Rd.
Kansas City, MISSOURI 64156
(39.247978, -94.549552)"
104796,Northeast High School,Northeast High School,415 Van Brunt Blvd,,Kansas City,MISSOURI,64124,Open,Fee Exempt,Fee Exempt,,Operational,"415 Van Brunt Blvd
Kansas City, MISSOURI 64124
(39.108814, -94.525894)"
106057,The Lunch Box,The Lunch Box,1701 W 9th St,,Kansas City ,MISSOURI,64101,Open,Restaurant/Deli 6-9 Employees,Restaurant/Deli,,Operational,"1701 W 9th St
Kansas City, MISSOURI 64101
(39.104407, -94.606209)"
505716,Royals Stadium DTF Lemonade 505716,Royals Stadium DTF Lemonade 505716,1 Royal Way,,Kansas City,MISSOURI,64129,Open,Mobile Unit/Pushcart,Mobile Unit/Pushcart,,Operational,"1 Royal Way
Kansas City, MISSOURI 64129
(39.054727, -94.486227)"
522716,Oceans of Fun - Coconut Cove Dippin Dots 522716,Oceans of Fun - Coconut Cove Dippin Dots 522716,4545 Worlds of Fun Ave,,Kansas City,MISSOURI,64161,Open,Mobile Unit/Pushcart,Mobile Unit/Pushcart,,Operational,"4545 Worlds of Fun Ave
Kansas City, MISSOURI 64161
(39.174532, -94.492423)"
104202,Royals Aramark C-427 (Papa John's Pizza),Royals Aramark C-427 (Papa John's Pizza),1 Royal Way,,Kansas City,MISSOURI,64129,Open,Restaurant/Deli 10-20 Employees,Restaurant/Deli,http://lancie-george@aramark.com,Operational,"1 Royal Way
Kansas City, MISSOURI 64129
(39.054727, -94.486227)"
104856,Chiefs Aramark Stand 118D,Chiefs Aramark Stand 118D,1 Arrowhead Dr,,Kansas City,MISSOURI,64129,Open,Restaurant/Deli 6-9 Employees,Restaurant/Deli,,Operational,"1 Arrowhead Dr
Kansas City, MISSOURI 64129
(39.051361, -94.49361)"
105863,Tawakal Halal Store,Tawakal Halal Store,3009 1/2 Independence Ave,,Kansas City,MISSOURI,64124,Open,Retail Grocery/Market Under 3000 sq. ft.,Retail Grocery/Market,,Operational,"3009 1/2 Independence Ave
Kansas City, MISSOURI 64124
(39.106084, -94.544966)"
102286,KCI 533 Warehouse,KCI 533 Warehouse,533 Mexico City Avenue,,Kansas City,MISSOURI,64153,Open,Restaurant/Deli 10-20 Employees,Restaurant/Deli,,Operational,"533 Mexico City Avenue
Kansas City, MISSOURI 64153
(39.304057, -94.718826)"
529516,Chiefs DTF Cart 529516,Chiefs DTF Cart 529516,1  Arrowhead Drive,,Kansas City,MISSOURI,64129,Open,Mobile Unit/Pushcart,Mobile Unit/Pushcart,,Operational,"1 Arrowhead Drive
Kansas City, MISSOURI 64129
(39.051361, -94.49361)"
104813,7-Eleven #16106E (market),7-Eleven #16106E (market),1701 Independence Ave,,Kansas City,MISSOURI,64106,Open,Retail Grocery/Market Under 3000 sq. ft.,Retail Grocery/Market,,Operational,"1701 Independence Ave
Kansas City, MISSOURI 64106
(39.106654, -94.560716)"
105017,Banadir Grocery (Market),Banadir Grocery (Market),4020 St. John,,Kansas City,MISSOURI,64123,Open,Retail Grocery/Market Under 3000 sq. ft.,Retail Grocery/Market,,Operational,"4020 St. John
Kansas City, MISSOURI 64123
(39.112944, -94.533189)"
105014,Shop-N-Go,Shop-N-Go,3124 E. 12th Street,,Kansas City,MISSOURI,64127,Open,Retail Grocery/Market Under 3000 sq. ft.,Retail Grocery/Market,,Operational,"3124 E. 12th Street
Kansas City, MISSOURI 64127
(39.098618, -94.544864)"
800205,Bonefish Grill (Catering),Bonefish Grill (Catering),6334 N. Lucerne Ave.,,Kansas City,MISSOURI,64151,Open,Catering Permit,Catering Permit,,Operational,"6334 N. Lucerne Ave.
Kansas City, MISSOURI 64151
(39.209128, -94.653096)"
103664,7-Eleven #13266C (retail),7-Eleven #13266C (retail),11107 Grandview Rd,,Kansas City,MISSOURI,64137,Open,Retail Grocery/Market Under 3000 sq. ft.,Retail Grocery/Market,http://dimperiar@yahoo.com,Operational,"11107 Grandview Rd
Kansas City, MISSOURI 64137
(38.925126, -94.531998)"
104006,Pizza Hut # 4727,Pizza Hut # 4727,5928 Wilson Rd.,,Kansas City,MISSOURI,64123,Open,Restaurant/Deli 21-40 Employees,Restaurant/Deli,,Operational,"5928 Wilson Rd.
Kansas City, MISSOURI 64123
(39.105868, -94.511848)"
104869,Chiefs Aramark Stand 121A,Chiefs Aramark Stand 121A,1 Arrowhead Dr,,Kansas City,MISSOURI,64129,Open,Restaurant/Deli 10-20 Employees,Restaurant/Deli,,Operational,"1 Arrowhead Dr
Kansas City, MISSOURI 64129
(39.051361, -94.49361)"
103975,Cosentino's Downtown Market (deli),Cosentino's Downtown Market (deli),10 E 13th St,,Kansas City,MISSOURI,64106,Open,Restaurant/Deli 41-60 Employees,Restaurant/Deli,,Operational,"10 E 13th St
Kansas City, MISSOURI 64106
(39.098602, -94.583147)"
103750,Midwest Fuels LLC,Midwest Fuels LLC,2101 E 39th St.,,Kansas City,MISSOURI,64109,Open,Retail Grocery/Market Under 3000 sq. ft.,Retail Grocery/Market,,Operational,"2101 E 39th St.
Kansas City, MISSOURI 64109
(39.055626, -94.559041)"
103804,CVS Pharmacy #8555,CVS Pharmacy #8555,4990 NE Vivion Rd.,,Kansas City ,MISSOURI,64119,Open,Retail Grocery/Market 3001-30000 sq. ft.,Retail Grocery/Market,,Operational,"4990 NE Vivion Rd.
Kansas City, MISSOURI 64119
(39.187983, -94.521812)"
105516,Oriental Express Chinese Restaurant,Oriental Express Chinese Restaurant,8406 Wornall Rd.,Suite E,Kansas City,MISSOURI,64114,Open,Restaurant/Deli 0-5 Employees,Restaurant/Deli,,Operational,"8406 Wornall Rd.
Kansas City, MISSOURI 64114
(38.975736, -94.595021)"
603813,Grinders North Gate Bar,Grinders North Gate Bar,1828 Locust,,Kansas City,MISSOURI,64108,Open,Seasonal Permit,Seasonal Permit,,Operational,"1828 Locust
Kansas City, MISSOURI 64108
(39.091223, -94.577809)"
105702,Fleming #26 Deli,Fleming #26 Deli,12325 Stateline Rd,,Kansas City,MISSOURI,64145,Open,Restaurant/Deli 6-9 Employees,Restaurant/Deli,,Operational,"12325 Stateline Rd
Kansas City, MISSOURI 64145
(38.905416, -94.608012)"
800073,Lon Lane's Inspired Occasions (Catering),Lon Lane's Inspired Occasions (Catering),6306  Morningside Dr,,Kansas City,MISSOURI,64113,Open,Catering Permit,Catering Permit,,Operational,"6306 Morningside Dr
Kansas City, MISSOURI 64113
(39.013431, -94.586114)"
508616,Frosty Treats #43 508616,Frosty Treats #43 508616,620 E LINWOOD BLVD,,KANSAS CITY,MISSOURI,64109,Open,Ice Cream Moblie Vendor,Ice Cream Moblie Vendor,,Operational,"620 E LINWOOD BLVD
KANSAS CITY, MISSOURI 64109
(39.06889, -94.577547)"
104825,Pilot Travel Center # 768,Pilot Travel Center # 768,1300 N. Corrington Avenue,,Kansas City,MISSOURI,64120,Open,Retail Grocery/Market 3001-30000 sq. ft.,Retail Grocery/Market,,Operational,"1300 N. Corrington Avenue
Kansas City, MISSOURI 64120
(39.131023, -94.496292)"
104974,John T Hartman Elementary School,John T Hartman Elementary School,8111 Oak St.,,Kansas City,MISSOURI,64114,Open,Fee Exempt,Fee Exempt,,Operational,"8111 Oak St.
Kansas City, MISSOURI 64114
(38.980954, -94.585499)"
104795,Garfield Elementary School,Garfield Elementary School,436  Prospect Ave,,Kansas CIty,MISSOURI,64124,Open,Fee Exempt,Fee Exempt,,Operational,"436 Prospect Ave
Kansas CIty, MISSOURI 64124
(39.109239, -94.550668)"
506116,Royals Stadium DTF  Funnel Cake 506116,Royals Stadium DTF  Funnel Cake 506116,1 Royal Way,,Kansas City,MISSOURI,64129,Open,Mobile Unit/Pushcart,Mobile Unit/Pushcart,,Operational,"1 Royal Way
Kansas City, MISSOURI 64129
(39.054727, -94.486227)"
105857,St. Luke's Hospital of Kansas City,St. Luke's Hospital of Kansas City,4401 Wornall,Level 1,Kansas City,MISSOURI,64111,Open,Restaurant/Deli 91-100 Employees,Restaurant/Deli,,Operational,"4401 Wornall
Kansas City, MISSOURI 64111
(39.04572, -94.590171)"
105234,Taqueria Los Altos De Jalisco,Taqueria Los Altos De Jalisco,3719 St. John Ave.,,Kansas City,MISSOURI,64123,Open,Restaurant/Deli 0-5 Employees,Restaurant/Deli,,Operational,"3719 St. John Ave.
Kansas City, MISSOURI 64123
(39.113049, -94.536268)"
105037,KFC/Taco Bell,KFC/Taco Bell,6607  Prospect,,Kansas City,MISSOURI,64132,Open,Restaurant/Deli 10-20 Employees,Restaurant/Deli,,Operational,"6607 Prospect
Kansas City, MISSOURI 64132
(39.006526, -94.556483)"
509816,Frosty Treats #23 509816,Frosty Treats #23 509816,620 E. Linwood Blvd.,,Kansas City,MISSOURI,64109,Open,Ice Cream Moblie Vendor,,,Operational,"620 E. Linwood Blvd.
Kansas City, MISSOURI 64109
(39.06889, -94.577547)"
103895,Snap & Go,Snap & Go,8201 Bannister,,Kansas City  ,MISSOURI,64134,Open,Retail Grocery/Market Under 3000 sq. ft.,Retail Grocery/Market,,Operational,"8201 Bannister
Kansas City, MISSOURI 64134
(38.951727, -94.49356)"
104618,54th Street Grill and Bar,54th Street Grill and Bar,7200 NW 86th Terrace,,Kansas City,MISSOURI,64153,Open,Restaurant/Deli 41-60 Employees,Restaurant/Deli,,Operational,"7200 NW 86th Terrace
Kansas City, MISSOURI 64153
(39.250812, -94.663085)"
105556,Cloud 9 Convenience 4305,Cloud 9 Convenience 4305,4305 NE Antioch Road,,Kansas City,MISSOURI,64117,Open,Retail Grocery/Market Under 3000 sq. ft.,Retail Grocery/Market,,Operational,"4305 NE Antioch Road
Kansas City, MISSOURI 64117
(39.172111, -94.549018)"
104891,Chiefs Aramark Stand U301A,Chiefs Aramark Stand U301A,1 Arrowhead Drive,,Kansas City,MISSOURI,64129,Open,Restaurant/Deli 10-20 Employees,Restaurant/Deli,,Operational,"1 Arrowhead Drive
Kansas City, MISSOURI 64129
(39.051361, -94.49361)"
104183,Royals Aramark C-120 (Hot Corner Grill),Royals Aramark C-120 (Hot Corner Grill),1 Royal Way,,Kansas City,MISSOURI,64129,Open,Restaurant/Deli 10-20 Employees,Restaurant/Deli,,Operational,"1 Royal Way
Kansas City, MISSOURI 64129
(39.054727, -94.486227)"
529416,Chiefs DTF Cart 529416,Chiefs DTF Cart 529416,1 Arrowhead Drive,,Kansas City,MISSOURI,64129,Open,Mobile Unit/Pushcart,Mobile Unit/Pushcart,,Operational,"1 Arrowhead Drive
Kansas City, MISSOURI 64129
(39.051361, -94.49361)"
102227,Bo Lings (River Market),Bo Lings (River Market),20  E 5th St,100,Kansas City,MISSOURI,64106,Open,Restaurant/Deli 21-40 Employees,Restaurant/Deli,,Operational,"20 E 5th St
Kansas City, MISSOURI 64106
(39.108645, -94.581167)"
105313,Hy-Vee Food Store #3 (Kitchen-Deli),Hy-Vee Food Store #3 (Kitchen-Deli),5330 NW 64th St,,Kansas City,MISSOURI,64151,Open,Restaurant/Deli 21-40 Employees,Restaurant/Deli,http://www.hy-vee.com,Operational,"5330 NW 64th St
Kansas City, MISSOURI 64151
(39.210515, -94.641863)"
105079,Aura,Aura,3832 Main,,Kansas City,MISSOURI,64111,Open,Bar/Tavern 21-40 Employees,Bar/Tavern,,Operational,"3832 Main
Kansas City, MISSOURI 64111
(39.057795, -94.586033)"
104444,Kemper Arena - Brancato's Catering #207,Kemper Arena - Brancato's Catering #207,1800 Genessee Street,,Kansas City,MISSOURI,64102,Open,Restaurant/Deli 6-9 Employees,Restaurant/Deli,,Operational,"1800 Genessee Street
Kansas City, MISSOURI 64102
(39.093352, -94.605201)"
102219,Ararat Temple Restaurant,Ararat Temple Restaurant,5100 Ararat Drive,,Kansas City,MISSOURI,64129,Open,Restaurant/Deli 10-20 Employees,Restaurant/Deli,http://www.araratshrine.com,Operational,"5100 Ararat Drive
Kansas City, MISSOURI 64129
(39.03285, -94.503489)"
800079,"Jazz, A Louisiana Kitchen - Papa Vic's The Jigger (Catering)","Jazz, A Louisiana Kitchen - Papa Vic's The Jigger (Catering)",1823 W 39th St.,,Kansas City,MISSOURI,64111,Open,Catering Permit,Catering Permit,,Operational,"1823 W 39th St.
Kansas City, MISSOURI 64111
(39.057284, -94.607149)"
104402,Pathfinder Elementary School,Pathfinder Elementary School,1951 NW 87th Ter,,Kansas City,MISSOURI,64154,Open,Fee Exempt,Fee Exempt,,Operational,"1951 NW 87th Ter
Kansas City, MISSOURI 64154
(39.253003, -94.603874)"
104492,Pop's Quik Shop,Pop's Quik Shop,3402 E 9th St,,Kansas City,MISSOURI,64124,Open,Retail Grocery/Market Under 3000 sq. ft.,Retail Grocery/Market,,Operational,"3402 E 9th St
Kansas City, MISSOURI 64124
(39.102157, -94.541772)"
103909,Pretzel Maker,Pretzel Maker,7261 NW 86th Street,,Kansas City,MISSOURI,64153,Open,Restaurant/Deli 0-5 Employees,Restaurant/Deli,,Operational,"7261 NW 86th Street
Kansas City, MISSOURI 64153
(39.250922, -94.667662)"
800040,Margarita's Catering,Margarita's Catering,2829 SW Blvd,,Kansas City,MISSOURI,64108,Open,Catering Permit,Catering Permit,,Operational,"2829 SW Blvd
Kansas City, MISSOURI 64108
(39.076543, -94.602085)"
104210,Charlie D's & Sons,Charlie D's & Sons,3123 Swope Parkway,,Kansas City,MISSOURI,64130,Open,Restaurant/Deli 0-5 Employees,Restaurant/Deli,,Operational,"3123 Swope Parkway
Kansas City, MISSOURI 64130
(39.038108, -94.547352)"
105122,Mama Tio's Downtown,Mama Tio's Downtown,1111 Main St,,Kansas City,MISSOURI,64106,Open,Restaurant/Deli 0-5 Employees,Restaurant/Deli,,Operational,"1111 Main St
Kansas City, MISSOURI 64106
(39.100853, -94.583113)"
514316,Sprint Center- Dippin Dots #2 514316,Sprint Center- Dippin Dots #2 514316,1407  Grand Blvd.,,Kansas City,MISSOURI,64106,Open,Mobile Unit/Pushcart,Mobile Unit/Pushcart,,Operational,"1407 Grand Blvd.
Kansas City, MISSOURI 64106
(39.096868, -94.581061)"
504616,Frosty Treats #37 504616,Frosty Treats #37 504616,620  E Linwood Blvd,,Kansas City,MISSOURI,64109,Open,Ice Cream Moblie Vendor,Ice Cream Moblie Vendor,,Operational,"620 E Linwood Blvd
Kansas City, MISSOURI 64109
(39.06889, -94.577547)"
104579,Sodexo @ Martin City K-8 School,Sodexo @ Martin City K-8 School,201 E 133rd,,Kansas City,MISSOURI,64145,Open,School - Private 0-5 Employees,School - Private,,Operational,"201 E 133rd
Kansas City, MISSOURI 64145
(38.886429, -94.592805)"
105073,Chiefs Aramark Stand U303A,Chiefs Aramark Stand U303A,1 Red Coat Ln,,Kansas City,MISSOURI,64129,Open,Restaurant/Deli 6-9 Employees,Restaurant/Deli,,Operational,"1 Red Coat Ln
Kansas City, MISSOURI 64129
(39.046976, -94.484283)"
104865,Chiefs Aramark Stand 125E,Chiefs Aramark Stand 125E,1 Arrowhead Drive,,Kansas City,MISSOURI,64129,Open,Restaurant/Deli 6-9 Employees,Restaurant/Deli,,Operational,"1 Arrowhead Drive
Kansas City, MISSOURI 64129
(39.051361, -94.49361)"
105432,Johnny Jo's Pizzeria,Johnny Jo's Pizzeria,1209  W 47th St,,Kansas City,MISSOURI,64112,Open,Restaurant/Deli 0-5 Employees,Restaurant/Deli,,Operational,"1209 W 47th St
Kansas City, MISSOURI 64112
(39.042616, -94.601229)"
102274,Sprint Center Vendor Commissary (220),Sprint Center Vendor Commissary (220),1407 Grand,,Kansas City,MISSOURI,64106,Open,Restaurant/Deli 0-5 Employees,Restaurant/Deli,,Operational,"1407 Grand
Kansas City, MISSOURI 64106
(39.096868, -94.581061)"
105403,Subway,Subway,312 E 51st,,Kansas City,MISSOURI,64112,Open,Restaurant/Deli 6-9 Employees,Restaurant/Deli,,Operational,"312 E 51st
Kansas City, MISSOURI 64112
(39.034754, -94.583638)"
104182,Royals Aramark C-135 (Hot Corner Grill),Royals Aramark C-135 (Hot Corner Grill),1 Royal Way,,Kansas City,MISSOURI,64129,Open,Restaurant/Deli 10-20 Employees,Restaurant/Deli,,Operational,"1 Royal Way
Kansas City, MISSOURI 64129
(39.054727, -94.486227)"
105370,The Westside Local,The Westside Local,1663 Summit,,Kansas City,MISSOURI,64108,Open,Restaurant/Deli 21-40 Employees,Restaurant/Deli,,Operational,"1663 Summit
Kansas City, MISSOURI 64108
(39.093259, -94.593358)"
800018,Lidia's Catering,Lidia's Catering,101 W. 22nd street,,Kansas City,MISSOURI,64108,Open,Catering Permit,Catering Permit,,Operational,"101 W. 22nd street
Kansas City, MISSOURI 64108
(39.087731, -94.585177)"
104278,Julia(N),Julia(N),6227 Brookside Plaza,,Kansas City,MISSOURI,64113,Open,Restaurant/Deli 21-40 Employees,Restaurant/Deli,,Operational,"6227 Brookside Plaza
Kansas City, MISSOURI 64113
(39.014685, -94.590199)"
104851,Chiefs Aramark Stand L310B,Chiefs Aramark Stand L310B,1 Arrowhead Drive,,Kansas City,MISSOURI,64129,Open,Restaurant/Deli 10-20 Employees,Restaurant/Deli,,Operational,"1 Arrowhead Drive
Kansas City, MISSOURI 64129
(39.051361, -94.49361)"
507916,Frosty Treats #50 507916,Frosty Treats #50 507916,620  E Linwood Blvd,,Kansas City,MISSOURI,64109,Open,Ice Cream Moblie Vendor,Ice Cream Moblie Vendor,,Operational,"620 E Linwood Blvd
Kansas City, MISSOURI 64109
(39.06889, -94.577547)"
105323,Legoland Discovery Center,Legoland Discovery Center,2475 Grand Blvd.,,Kansas City,MISSOURI,64108,Open,Restaurant/Deli 10-20 Employees,Restaurant/Deli,,Operational,"2475 Grand Blvd.
Kansas City, MISSOURI 64108
(39.083054, -94.581688)"
103682,Chips Chocolate Factory,Chips Chocolate Factory,2450  Grand ,Ave,Kansas City,MISSOURI,64108,Open,Retail Bakery Under 3000 sq. ft.,Retail Bakery,,Operational,"2450 Grand
Kansas City, MISSOURI 64108
(39.082903, -94.581877)"
517316,Chiefs Stadium Percup Cart#1 517316,Chiefs Stadium Percup Cart#1 517316,1 Arrowhead Dr.,,Kansas City,MISSOURI,64133,Open,Mobile Unit/Pushcart,Mobile Unit/Pushcart,,Operational,"1 Arrowhead Dr.
Kansas City, MISSOURI 64133
(39.051361, -94.49361)"
105230,Mama Tio's,Mama Tio's,8026 Paseo Blvd.,,Kansas City,MISSOURI,64131,Open,Restaurant/Deli 6-9 Employees,Restaurant/Deli,,Operational,"8026 Paseo Blvd.
Kansas City, MISSOURI 64131
(38.981651, -94.566947)"
103945,Family Dollar Store #5544,Family Dollar Store #5544,10445 Blue Ridge Blvd,,Kansas CIty,MISSOURI,64134,Open,Retail Grocery/Market 3001-30000 sq. ft.,Retail Grocery/Market,http://familydollar.com,Operational,"10445 Blue Ridge Blvd
Kansas CIty, MISSOURI 64134
(38.935019, -94.508282)"
103995,American Century 4500 - Elite Cuisine,American Century 4500 - Elite Cuisine,4500 Main St.,,Kansas City,MISSOURI,64111,Open,Restaurant/Deli 10-20 Employees,Restaurant/Deli,,Operational,"4500 Main St.
Kansas City, MISSOURI 64111
(39.045944, -94.586727)"
800153,Anne's Catering,Anne's Catering,303  Westport Rd,,Kansas City,MISSOURI,64111,Open,Catering Permit,Catering Permit,,Operational,"303 Westport Rd
Kansas City, MISSOURI 64111
(39.053871, -94.589338)"
103970,Royals Aramark V-111 (Vendor Room),Royals Aramark V-111 (Vendor Room),1  Royal Way,,Kansas City,MISSOURI,64129,Open,Restaurant/Deli 10-20 Employees,Restaurant/Deli,,Operational,"1 Royal Way
Kansas City, MISSOURI 64129
(39.054727, -94.486227)"
104852,Chiefs Aramark Stand L309B,Chiefs Aramark Stand L309B,1 Arrowhead Drive,,Kansas City,MISSOURI,64129,Open,Restaurant/Deli 10-20 Employees,Restaurant/Deli,,Operational,"1 Arrowhead Drive
Kansas City, MISSOURI 64129
(39.051361, -94.49361)"
104998,Faxon Elementary,Faxon Elementary,1320  E. 32nd Terrace,,Kansas City,MISSOURI,64109,Open,Fee Exempt,Fee Exempt,,Operational,"1320 E. 32nd Terrace
Kansas City, MISSOURI 64109
(39.067645, -94.568731)"
104244,Denny's,Denny's,3832 Blue Ridge Cutoff,,Kansas City,MISSOURI,64133,Open,Restaurant/Deli 41-60 Employees,Restaurant/Deli,,Operational,"3832 Blue Ridge Cutoff
Kansas City, MISSOURI 64133
(39.052638, -94.473945)"
800061,Jason's Deli (catering),Jason's Deli (catering),1100 Main St,101,Kansas City ,MISSOURI,64105,Open,Catering Permit,Catering Permit,,Operational,"1100 Main St
Kansas City, MISSOURI 64105
(39.100817, -94.583116)"
104185,Royals Aramark C-242 (Crown Classics),Royals Aramark C-242 (Crown Classics),1 Royal Way,,Kansas City,MISSOURI,64129,Open,Restaurant/Deli 10-20 Employees,Restaurant/Deli,,Operational,"1 Royal Way
Kansas City, MISSOURI 64129
(39.054727, -94.486227)"
103770,The Flying Saucer,The Flying Saucer,101 E 13th St,,Kansas City,MISSOURI,64105,Open,Restaurant/Deli 21-40 Employees,Restaurant/Deli,,Operational,"101 E 13th St
Kansas City, MISSOURI 64105
(39.195379, -94.681293)"
103716,Discount Smokes & Liquor,Discount Smokes & Liquor,4019 Independence Ave,,Kansas City,MISSOURI,64124,Open,Retail Grocery/Market Under 3000 sq. ft.,Retail Grocery/Market,,Operational,"4019 Independence Ave
Kansas City, MISSOURI 64124
(39.10574, -94.534363)"
800053,Festival Foods-Catering,Festival Foods-Catering,4357  NE Chouteau Trafficway,,Kansas City,MISSOURI,64117,Open,Catering Permit,Catering Permit,,Operational,"4357 NE Chouteau Trafficway
Kansas City, MISSOURI 64117
(39.186509, -94.543538)"
103651,Days Inn,Days Inn,11120 NW Ambassador Dr,,Kansas City,MISSOURI,64153,Open,Restaurant/Deli 0-5 Employees,Restaurant/Deli,,Operational,"11120 NW Ambassador Dr
Kansas City, MISSOURI 64153
(39.293449, -94.681692)"
105867,The Blue Line,The Blue Line,529 Walnut St,,Kansas City,MISSOURI,64106,Open,Restaurant/Deli 10-20 Employees,Restaurant/Deli,,Operational,"529 Walnut St
Kansas City, MISSOURI 64106
(39.107595, -94.581316)"
503016,Big D'z Dogz 503016,Big D'z Dogz 503016,301 Central,G,Lee's Summit,MISSOURI,64063,Open,Mobile Unit/Pushcart,Mobile Unit/Pushcart,,Operational,"301 Central
Lee's Summit, MISSOURI 64063
(38.919534, -94.383274)"
102197,Redemptorist Social Services Center,Redemptorist Social Services Center,207 W. Linwood,,Kansas City,MISSOURI,64111,Open,Fee Exempt,Fee Exempt,,Operational,"207 W. Linwood
Kansas City, MISSOURI 64111
(39.067705, -94.588148)"
105375,Parisi Cafe,Parisi Cafe,30 W Pershing,,Kansas City,MISSOURI,64108,Open,Restaurant/Deli 10-20 Employees,Restaurant/Deli,,Operational,"30 W Pershing
Kansas City, MISSOURI 64108
(39.084068, -94.584514)"
105356,Mud Pie Vegan Bakery & Coffeehouse,Mud Pie Vegan Bakery & Coffeehouse,1615 W. 39th St.,,Kansas City,MISSOURI,64111,Open,Restaurant/Deli 6-9 Employees,Restaurant/Deli,,Operational,"1615 W. 39th St.
Kansas City, MISSOURI 64111
(39.057246, -94.604584)"
104840,Chiefs Aramark Stand U345B,Chiefs Aramark Stand U345B,1 Arrowhead Drive,,Kansas City,MISSOURI,64129,Open,Restaurant/Deli 10-20 Employees,Restaurant/Deli,,Operational,"1 Arrowhead Drive
Kansas City, MISSOURI 64129
(39.051361, -94.49361)"
501115,Schwan's # 519111 501115,Schwan's # 519111 501115,3110 W. Hwy 40,,Blue Springs,MISSOURI,64015,Open,Truck/Tent Sales,Truck/Tent Sales,,Operational,"3110 W. Hwy 40
Blue Springs, MISSOURI 64015
(39.019727, -94.202619)"
105038,Southeast High School,Southeast High School,3500 E. Meyer Boulevard,,Kansas City,MISSOURI,64132,Open,Fee Exempt,Fee Exempt,,Operational,"3500 E. Meyer Boulevard
Kansas City, MISSOURI 64132
(39.007713, -94.545523)"
104267,Masabi,Masabi,9763 N. Cedar Ave.,,Kansas City,MISSOURI,64157,Open,Restaurant/Deli 0-5 Employees,Restaurant/Deli,,Operational,"9763 N. Cedar Ave.
Kansas City, MISSOURI 64157
(39.269452, -94.453808)"
104965,The Wet Rooster,The Wet Rooster,9103 East 39th,,Kansas City,MISSOURI,64133,Open,Bar/Tavern 0-5 Employees,Bar/Tavern,,Operational,"9103 East 39th
Kansas City, MISSOURI 64133
(39.052379, -94.47062)"
103933,Mr. Goodcents Subs & Pasta,Mr. Goodcents Subs & Pasta,10119 Stateline,,Kansas City,MISSOURI,64114,Open,Restaurant/Deli 10-20 Employees,Restaurant/Deli,,Operational,"10119 Stateline
Kansas City, MISSOURI 64114
(38.944177, -94.608071)"
102126,Panda Express,Panda Express,5905 NW Barry Rd,,Kansas City,MISSOURI,64154,Open,Restaurant/Deli 6-9 Employees,Restaurant/Deli,http://www.pandaexpress.com,Operational,"5905 NW Barry Rd
Kansas City, MISSOURI 64154
(39.246763, -94.648247)"
104193,Royals Aramark C-201 (Hot Corner Grill),Royals Aramark C-201 (Hot Corner Grill),1 Royal Way,,Kansas City,MISSOURI,64129,Open,Restaurant/Deli 10-20 Employees,Restaurant/Deli,http://lancie-george@aramark.com,Operational,"1 Royal Way
Kansas City, MISSOURI 64129
(39.054727, -94.486227)"
104607,Stone Canyon Pizza,Stone Canyon Pizza,8630 NW Prairie View Rd,,Kansas City,MISSOURI,64153,Open,Restaurant/Deli 41-60 Employees,Restaurant/Deli,,Operational,"8630 NW Prairie View Rd
Kansas City, MISSOURI 64153
(39.250771, -94.661807)"
800075,Sheraton Caterers,Sheraton Caterers,2345  McGee St,,Kansas City,MISSOURI,64108,Open,Catering Permit,Catering Permit,,Operational,"2345 McGee St
Kansas City, MISSOURI 64108
(39.084743, -94.58049)"
509515,Frosty Treats #24 509515,Frosty Treats #24 509515,620 E Linwood,,Kansas City ,MISSOURI,64109,Open,Ice Cream Moblie Vendor,Ice Cream Moblie Vendor,,Operational,"620 E Linwood
Kansas City, MISSOURI 64109
(39.06889, -94.577547)"
105959,Affare,Affare,1911 Main,,Kansas City,MISSOURI,64108,Open,Restaurant/Deli 10-20 Employees,Restaurant/Deli,http://www.affarekc.com,Operational,"1911 Main
Kansas City, MISSOURI 64108
(39.090162, -94.583658)"
103686,Family Dollar Store #7842,Family Dollar Store #7842,4401 E 50th Terr,,Kansas City,MISSOURI,64130,Open,Retail Grocery/Market 3001-30000 sq. ft.,Retail Grocery/Market,,Operational,"4401 E 50th Terr
Kansas City, MISSOURI 64130
(39.033685, -94.533548)"
104765,Taqueria El Corito,Taqueria El Corito,6225 Winner Road,,Kansas City,MISSOURI,64125,Open,Restaurant/Deli 0-5 Employees,Restaurant/Deli,,Operational,"6225 Winner Road
Kansas City, MISSOURI 64125
(39.10454, -94.508788)"
105654,Chipotle Mexican Grill #1620,Chipotle Mexican Grill #1620,4151 Sterling Ave,Ste B,Kansas City,MISSOURI,64133,Open,Restaurant/Deli 21-40 Employees,Restaurant/Deli,http://www.chipotle.com,Operational,"4151 Sterling Ave
Kansas City, MISSOURI 64133
(39.046525, -94.447601)"
F00019,Frye Farms (Marlin Frye),Frye Farms (Marlin Frye),20  E 5th St,,Kansas City,MISSOURI,64106,Open,Farmers Market Permit,Farmers Market Permit,,Operational,"20 E 5th St
Kansas City, MISSOURI 64106
(39.108645, -94.581167)"
104771,Millennium Super Stop #2 (retail),Millennium Super Stop #2 (retail),1601 W 12th St,,Kansas City,MISSOURI,64102,Open,Retail Grocery/Market 3001-30000 sq. ft.,Retail Grocery/Market,,Operational,"1601 W 12th St
Kansas City, MISSOURI 64102
(39.100049, -94.60389)"
104838,Chiefs Aramark Stand U301B,Chiefs Aramark Stand U301B,1 Arrowhead Drive,,Kansas City,MISSOURI,64129,Open,Restaurant/Deli 10-20 Employees,Restaurant/Deli,,Operational,"1 Arrowhead Drive
Kansas City, MISSOURI 64129
(39.051361, -94.49361)"
105359,Buffalo Wild Wings Grill & Bar,Buffalo Wild Wings Grill & Bar,8441 NW Prairie View Rd.,,Kansas City,MISSOURI,64153,Open,Restaurant/Deli 41-60 Employees,Restaurant/Deli,,Operational,"8441 NW Prairie View Rd.
Kansas City, MISSOURI 64153
(39.247852, -94.661043)"
102199,Hilton President - Starbucks Coffee,Hilton President - Starbucks Coffee,1329 Baltimore Ave,,Kansas City,MISSOURI,64105,Open,Restaurant/Deli 0-5 Employees,Restaurant/Deli,,Operational,"1329 Baltimore Ave
Kansas City, MISSOURI 64105
(39.097468, -94.584424)"
104177,Royals Aramark Crafts & Drafts,Royals Aramark Crafts & Drafts,1 Royal Way,,Kansas City,MISSOURI,64129,Open,Restaurant/Deli 10-20 Employees,Restaurant/Deli,http://lancie-george@aramark.com,Operational,"1 Royal Way
Kansas City, MISSOURI 64129
(39.054727, -94.486227)"
103899,Fiorella's Private Dining & Catering ,Fiorella's Private Dining & Catering ,13643 Holmes,,Kansas City,MISSOURI,64145,Open,Restaurant/Deli 10-20 Employees,Restaurant/Deli,,Operational,"13643 Holmes
Kansas City, MISSOURI 64145
(38.87912, -94.5868)"
511716,Taqueria Monarca 511716,Taqueria Monarca 511716,4817 E 7th St,,Kansas City,MISSOURI,64124,Open,Mobile Unit/Pushcart,Mobile Unit/Pushcart,,Operational,"4817 E 7th St
Kansas City, MISSOURI 64124
(39.103548, -94.52502)"
104657,Hissho Sushi @ Price Chopper #11,Hissho Sushi @ Price Chopper #11,4820 N. Oak Trafficway,,Kansas City,MISSOURI,64118,Open,Restaurant/Deli 0-5 Employees,Restaurant/Deli,,Operational,"4820 N. Oak Trafficway
Kansas City, MISSOURI 64118
(39.182432, -94.576717)"
105415,Royals Aramark C-311W (Triple Crown Pantry),Royals Aramark C-311W (Triple Crown Pantry),1 Royal Way,,Kansas City,MISSOURI,64129,Open,Restaurant/Deli 0-5 Employees,Restaurant/Deli,,Operational,"1 Royal Way
Kansas City, MISSOURI 64129
(39.054727, -94.486227)"
105315,Hy-Vee Food Store #3 (Chinese-Italian),Hy-Vee Food Store #3 (Chinese-Italian),5330 NW 64th St,,Kansas City,MISSOURI,64151,Open,Restaurant/Deli 21-40 Employees,Restaurant/Deli,http://www.hy-vee.com,Operational,"5330 NW 64th St
Kansas City, MISSOURI 64151
(39.210515, -94.641863)"
105416,Royals Aramark C-320 (Commissary),Royals Aramark C-320 (Commissary),1 Royal Way,,Kansas City,MISSOURI,64129,Open,Restaurant/Deli 6-9 Employees,Restaurant/Deli,,Operational,"1 Royal Way
Kansas City, MISSOURI 64129
(39.054727, -94.486227)"
800014,McCormick & Schmick's Catering,McCormick & Schmick's Catering,448 W 47th St.,,Kansas City,MISSOURI,64112,Open,Catering Permit,Catering Permit,,Operational,"448 W 47th St.
Kansas City, MISSOURI 64112
(39.042426, -94.593035)"
105597,Los Corrals Mexican Food Center,Los Corrals Mexican Food Center,408 W 9th St,,Kansas City ,MISSOURI,64105,Open,Restaurant/Deli 10-20 Employees,Restaurant/Deli,,Operational,"408 W 9th St
Kansas City, MISSOURI 64105
(39.103786, -94.589124)"
501916,KC BBQ Truck 501916,KC BBQ Truck 501916,9754 N Ash Ave,301,Kansas City,MISSOURI,64157,Open,Mobile Unit/Pushcart,Mobile Unit/Pushcart,,Operational,"9754 N Ash Ave
Kansas City, MISSOURI 64157
(39.270048, -94.450516)"
106052,Quay Coffee,Quay Coffee,412 Delaware St,B,Kansas City ,MISSOURI,64105,Open,Restaurant/Deli 0-5 Employees,Restaurant/Deli,,Operational,"412 Delaware St
Kansas City, MISSOURI 64105
(39.108464, -94.584223)"
800085,Grandma's Office Catering (catering),Grandma's Office Catering (catering),4001 NE Davidson Rd,,Kansas City,MISSOURI,64116,Open,Catering Permit,Catering Permit,http://grandmascatering.com,Operational,"4001 NE Davidson Rd
Kansas City, MISSOURI 64116
(39.167648, -94.562456)"
104836,Chiefs Aramark Stand U303B,Chiefs Aramark Stand U303B,1 Arrowhead Drive,,Kansas City,MISSOURI,64129,Open,Restaurant/Deli 10-20 Employees,Restaurant/Deli,,Operational,"1 Arrowhead Drive
Kansas City, MISSOURI 64129
(39.051361, -94.49361)"
104598,KC Improv + Fat Fish Blue,KC Improv + Fat Fish Blue,7260 NW 87th Street,,Kansas City,MISSOURI,64153,Open,Restaurant/Deli 21-40 Employees,Restaurant/Deli,,Operational,"7260 NW 87th Street
Kansas City, MISSOURI 64153
(39.25156, -94.663472)"
104003,Pizza Hut #4726,Pizza Hut #4726,4031 N Oak Trfwy,,Kansas City,MISSOURI,64116,Open,Restaurant/Deli 10-20 Employees,Restaurant/Deli,,Operational,"4031 N Oak Trfwy
Kansas City, MISSOURI 64116
(39.168094, -94.576764)"
104794,Lincoln College Prep,Lincoln College Prep,2111 Woodland,,Kansas City,MISSOURI,64108,Open,Fee Exempt,Fee Exempt,,Operational,"2111 Woodland
Kansas City, MISSOURI 64108
(39.086924, -94.561239)"
104265,Chiefs Aramark Stand U325A,Chiefs Aramark Stand U325A,1  Arrowhead Drive,,Kansas City,MISSOURI,64129,Open,Restaurant/Deli 10-20 Employees,Restaurant/Deli,,Operational,"1 Arrowhead Drive
Kansas City, MISSOURI 64129
(39.051361, -94.49361)"
103878,Kansas City Independent Auto Auction,Kansas City Independent Auto Auction,11101 N Congress,,Kansas City,MISSOURI,64153,Open,Restaurant/Deli 0-5 Employees,Restaurant/Deli,,Operational,"11101 N Congress
Kansas City, MISSOURI 64153
(39.295238, -94.667862)"
103984,St. Paul's Episcopal Day School,St. Paul's Episcopal Day School,4041  Main Street,,Kansas City,MISSOURI,64111,Open,School - Private 0-5 Employees,School - Private,,Operational,"4041 Main Street
Kansas City, MISSOURI 64111
(39.052994, -94.586315)"
104631,UMKC Jazzman's Cafe,UMKC Jazzman's Cafe,5100 Cherry St.,,Kansas City,MISSOURI,64110,Open,Restaurant/Deli 0-5 Employees,Restaurant/Deli,,Operational,"5100 Cherry St.
Kansas City, MISSOURI 64110
(39.034518, -94.580339)"
103744,Gordon Biersch Brewery Restaurant,Gordon Biersch Brewery Restaurant,100  E 14th St,,Kansas City,MISSOURI,64105,Open,Restaurant/Deli 41-60 Employees,Restaurant/Deli,,Operational,"100 E 14th St
Kansas City, MISSOURI 64105
(39.097214, -94.581878)"
105283,Rhythm & Booze,Rhythm & Booze,423 Southwest Blvd,,Kansas City,MISSOURI,64108,Open,Restaurant/Deli 10-20 Employees,Restaurant/Deli,,Operational,"423 Southwest Blvd
Kansas City, MISSOURI 64108
(39.087011, -94.59019)"
104102,Johnny's Tavern,Johnny's Tavern,1310 Grand Blvd,,Kansas City,MISSOURI,64106,Open,Restaurant/Deli 41-60 Employees,Restaurant/Deli,,Operational,"1310 Grand Blvd
Kansas City, MISSOURI 64106
(39.097844, -94.581011)"
517516,The Nutty Bavarian 517516,The Nutty Bavarian 517516,1 Royal Way,,Kasnas City,MISSOURI,64129,Open,Mobile Unit/Pushcart,Mobile Unit/Pushcart,,Operational,"1 Royal Way
Kasnas City, MISSOURI 64129
(39.054727, -94.486227)"
105232,P.R.'s Place,P.R.'s Place,1741 Washington,,Kansas City,MISSOURI,64108,Open,Bar/Tavern 0-5 Employees,Bar/Tavern,,Operational,"1741 Washington
Kansas City, MISSOURI 64108
(39.091541, -94.589956)"
102299,Papa John's Pizza # 2131,Papa John's Pizza # 2131,12315 Stateline Rd.,,Kansas City,MISSOURI,64145,Open,Restaurant/Deli 10-20 Employees,Restaurant/Deli,,Operational,"12315 Stateline Rd.
Kansas City, MISSOURI 64145
(38.905527, -94.608013)"
515616,Schwan's #519400 515616,Schwan's #519400 515616,3110 W HWY 40,,Blue Springs,MISSOURI,64015,Open,Truck/Tent Sales,Truck/Tent Sales,,Operational,"3110 W HWY 40
Blue Springs, MISSOURI 64015
(39.019727, -94.202619)"
105192,Candlewood Suites,Candlewood Suites,11110  N. Ambassador Dr.,,Kansas City,MISSOURI,64153,Open,Retail Grocery/Market Under 3000 sq. ft.,Retail Grocery/Market,,Operational,"11110 N. Ambassador Dr.
Kansas City, MISSOURI 64153
(39.293262, -94.681619)"
104417,Sodexo at Center High School,Sodexo at Center High School,8715 Holmes,,Kansas City,MISSOURI,64131,Open,School - Private 10-20 Employees,School - Private,,Operational,"8715 Holmes
Kansas City, MISSOURI 64131
(38.969791, -94.581351)"
105291,Anna's Oven,Anna's Oven,1809 W. 39th St.,,Kansas City,MISSOURI,64111,Open,Restaurant/Deli 0-5 Employees,Restaurant/Deli,,Operational,"1809 W. 39th St.
Kansas City, MISSOURI 64111
(39.057286, -94.606624)"
508816,Frosty Treats #3 508816,Frosty Treats #3 508816,620 E Linwood Blvd,,Kansas City,MISSOURI,64109,Open,Ice Cream Moblie Vendor,Ice Cream Moblie Vendor,,Operational,"620 E Linwood Blvd
Kansas City, MISSOURI 64109
(39.06889, -94.577547)"
104946,Lulu's Thai Noodle Shop & Satay Bar,Lulu's Thai Noodle Shop & Satay Bar,2030 Central,,Kansas City,MISSOURI,64108,Open,Restaurant/Deli 41-60 Employees,Restaurant/Deli,,Operational,"2030 Central
Kansas City, MISSOURI 64108
(39.08777, -94.587573)"
104901,Chiefs Aramark Stand 425,Chiefs Aramark Stand 425,1 Arrowhead Drive,,Kansas City,MISSOURI,64129,Open,Restaurant/Deli 0-5 Employees,Restaurant/Deli,,Operational,"1 Arrowhead Drive
Kansas City, MISSOURI 64129
(39.051361, -94.49361)"
104513,Chez Elle,Chez Elle,1713 Summit,,Kansas City,MISSOURI,64108,Open,Restaurant/Deli 6-9 Employees,Restaurant/Deli,,Operational,"1713 Summit
Kansas City, MISSOURI 64108
(39.092825, -94.59338)"
104046,Royals Aramark C-425 (Royal Taphouse),Royals Aramark C-425 (Royal Taphouse),1  Royal Way,,Kansas City,MISSOURI,64129,Open,Bar/Tavern 0-5 Employees,Bar/Tavern,,Operational,"1 Royal Way
Kansas City, MISSOURI 64129
(39.054727, -94.486227)"
103811,Nelson-Atkins Museum (Main Kitchen),Nelson-Atkins Museum (Main Kitchen),4525 Oak Street,,Kansas CIty,MISSOURI,64111,Open,Restaurant/Deli 10-20 Employees,Restaurant/Deli,,Operational,"4525 Oak Street
Kansas CIty, MISSOURI 64111
(39.04438, -94.582163)"
105106,Carollo's Gourmet Grocery,Carollo's Gourmet Grocery,9 E 3rd St,,Kansas City ,MISSOURI,64106,Open,Retail Grocery/Market Under 3000 sq. ft.,Retail Grocery/Market,,Operational,"9 E 3rd St
Kansas City, MISSOURI 64106
(39.109871, -94.583251)"
105595,Subway #49652,Subway #49652,4227 N Oak Trfwy,,Kansas City ,MISSOURI,64116,Open,Restaurant/Deli 0-5 Employees,Restaurant/Deli,,Operational,"4227 N Oak Trfwy
Kansas City, MISSOURI 64116
(39.171139, -94.576747)"
800096,Hy-vee - Prairie Village (Catering Permit),Hy-vee - Prairie Village (Catering Permit),7620 State Line Rd,,Prairie Villa,KANSAS,66208,Open,Catering Permit,Catering Permit,,Operational,"7620 State Line Rd
Prairie Villa, KANSAS 66208
(38.990913, -94.607968)"
102124,The Art of Pizza,The Art of Pizza,1801 Baltimore,,Kansas City,MISSOURI,64108,Open,Restaurant/Deli 0-5 Employees,Restaurant/Deli,,Operational,"1801 Baltimore
Kansas City, MISSOURI 64108
(39.091693, -94.584765)"
105187,Bar Louie,Bar Louie,8600  NW Prairie View Road,,Kansas City,MISSOURI,64153,Open,Restaurant/Deli 41-60 Employees,Restaurant/Deli,,Operational,"8600 NW Prairie View Road
Kansas City, MISSOURI 64153
(39.250409, -94.661557)"
104757,Sonic Drive In #1143,Sonic Drive In #1143,4200 Independence Ave,,Kansas City,MISSOURI,64124,Open,Restaurant/Deli 10-20 Employees,Restaurant/Deli,,Operational,"4200 Independence Ave
Kansas City, MISSOURI 64124
(39.105673, -94.532075)"
105870,Carniceria El Torito #3 (deli),Carniceria El Torito #3 (deli),6200 Independence Ave,,Kansas City,MISSOURI,64125,Open,Restaurant/Deli 10-20 Employees,Restaurant/Deli,,Operational,"6200 Independence Ave
Kansas City, MISSOURI 64125
(39.104821, -94.508845)"
103604,Taco Bueno,Taco Bueno,503 NW Barry Rd,,Kansas City,MISSOURI,64155,Open,Restaurant/Deli 10-20 Employees,Restaurant/Deli,,Operational,"503 NW Barry Rd
Kansas City, MISSOURI 64155
(39.246293, -94.586942)"
105512,QuikTrip #222 (Deli),QuikTrip #222 (Deli),8011 Stateline Rd.,,Kansas City,MISSOURI,64114,Open,Restaurant/Deli 10-20 Employees,Restaurant/Deli,,Operational,"8011 Stateline Rd.
Kansas City, MISSOURI 64114
(38.983001, -94.608269)"
524216,Chiefs Aramark PG 103 524216,Chiefs Aramark PG 103 524216,1 Red Coat Lane,,Kansas City,MISSOURI,64129,Open,Mobile Unit/Pushcart,Mobile Unit/Pushcart,,Operational,"1 Red Coat Lane
Kansas City, MISSOURI 64129
(39.046976, -94.484283)"
104870,Chiefs Aramark Stand 113C,Chiefs Aramark Stand 113C,1 Arrowhead Dr,,Kansas City,MISSOURI,64129,Open,Restaurant/Deli 6-9 Employees,Restaurant/Deli,,Operational,"1 Arrowhead Dr
Kansas City, MISSOURI 64129
(39.051361, -94.49361)"
800037,Blue Pot Catering,Blue Pot Catering,8133B  Wornall,,Kansas City,MISSOURI,64114,Open,Catering Permit,Catering Permit,,Operational,"8133B Wornall
Kansas City, MISSOURI 64114
(38.980207, -94.594791)"
104104,Dunn Cafe,Dunn Cafe,1001 Locust St,1st Floor,Kansas City,MISSOURI,64106,Open,Restaurant/Deli 6-9 Employees,Restaurant/Deli,,Operational,"1001 Locust St
Kansas City, MISSOURI 64106
(39.102023, -94.577278)"
104844,Chiefs Aramark Stand L338D,Chiefs Aramark Stand L338D,1 Arrowhead Drive,,Kansas City,MISSOURI,64129,Open,Restaurant/Deli 10-20 Employees,Restaurant/Deli,,Operational,"1 Arrowhead Drive
Kansas City, MISSOURI 64129
(39.051361, -94.49361)"
104845,Chiefs Aramark Stand L333B,Chiefs Aramark Stand L333B,1 Arrowhead Drive,,Kansas City,MISSOURI,64129,Open,Restaurant/Deli 10-20 Employees,Restaurant/Deli,,Operational,"1 Arrowhead Drive
Kansas City, MISSOURI 64129
(39.051361, -94.49361)"
102122,Mad Jacks on Troost Market,Mad Jacks on Troost Market,6200 Troost,,Kansas City,MISSOURI,64110,Open,Retail Grocery/Market 3001-30000 sq. ft.,Retail Grocery/Market,,Operational,"6200 Troost
Kansas City, MISSOURI 64110
(39.01465, -94.574502)"
105355,Tannin Wine Bar & Kitchen,Tannin Wine Bar & Kitchen,1526 Walnut,,Kansas City,MISSOURI,64108,Open,Restaurant/Deli 6-9 Employees,Restaurant/Deli,,Operational,"1526 Walnut
Kansas City, MISSOURI 64108
(39.095392, -94.582312)"
103876,Dragonfly Tea Zone,Lollicup Tea Zone,409 Main St,,Kansas City,MISSOURI,64105,Open,Restaurant/Deli 0-5 Employees,Restaurant/Deli,,Operational,"409 Main St
Kansas City, MISSOURI 64105
(39.109424, -94.583151)"
104023,Pizza Hut #4718,Pizza Hut #4718,3003 NE Vivion Rd,,KansasCity,MISSOURI,64119,Open,Restaurant/Deli 0-5 Employees,Restaurant/Deli,,Operational,"3003 NE Vivion Rd
KansasCity, MISSOURI 64119
(39.188053, -94.544028)"
515116,Los Juaritos 515116,Los Juaritos 515116,5816 Merriam,,Merriam ,KANSAS,66202,Open,Mobile Unit/Pushcart,Mobile Unit/Pushcart,,Operational,"5816 Merriam
Merriam, KANSAS 66202
(39.023543, -94.694258)"
502716,Aramark Convention Center Pretzel Cart 1 502716,Aramark Convention Center Pretzel Cart 1 502716,301  W 13th St,,Kansas City,MISSOURI,64105,Open,Mobile Unit/Pushcart,Mobile Unit/Pushcart,,Operational,"301 W 13th St
Kansas City, MISSOURI 64105
(39.0988, -94.58697)"
103917,Elements Bar,Elements Bar,1320 Grand Blvd,,Kansas City,MISSOURI,64105,Open,Bar/Tavern 0-5 Employees,Bar/Tavern,,Operational,"1320 Grand Blvd
Kansas City, MISSOURI 64105
(39.09781, -94.581013)"
105025,S&P Short Stop,S&P Short Stop,4048  Prospect Avenue,,Kansas City,MISSOURI,64130,Open,Retail Grocery/Market Under 3000 sq. ft.,Retail Grocery/Market,,Operational,"4048 Prospect Avenue
Kansas City, MISSOURI 64130
(39.051988, -94.553774)"
104152,D' Barb & Grill Inc,D' Barb & Grill Inc,11129 N. Oak Trafficway,,Kansas City,MISSOURI,64155,Open,Restaurant/Deli 0-5 Employees,Restaurant/Deli,,Operational,"11129 N. Oak Trafficway
Kansas City, MISSOURI 64155
(39.295825, -94.575397)"
104916,St. James Place Food Pantry,St. James Place Food Pantry,3936 Troost,,Kansas City,MISSOURI,64110,Open,Fee Exempt,Fee Exempt,,Operational,"3936 Troost
Kansas City, MISSOURI 64110
(39.054801, -94.572183)"
105060,Martin City Brewing Company,Martin City Brewing Company,500 E 135th St,,Kansas City,MISSOURI,64145,Open,Restaurant/Deli 10-20 Employees,Restaurant/Deli,,Operational,"500 E 135th St
Kansas City, MISSOURI 64145
(38.882537, -94.589873)"
105365,Tenderloin Grill,Tenderloin Grill,900 Southwest Blvd,,Kansas City,MISSOURI,64108,Open,Restaurant/Deli 0-5 Employees,Restaurant/Deli,,Operational,"900 Southwest Blvd
Kansas City, MISSOURI 64108
(39.084159, -94.594783)"
103653,Chase Suites Hotel (Market),Chase Suites Hotel (Market),9900 NW Prairie View Rd.,,Kansas City,MISSOURI,64153,Open,Retail Grocery/Market Under 3000 sq. ft.,Retail Grocery/Market,,Operational,"9900 NW Prairie View Rd.
Kansas City, MISSOURI 64153
(39.275986, -94.671749)"
105207,King's Chef,King's Chef,1660 E. 63rd St.,,Kansas City,MISSOURI,64110,Open,Restaurant/Deli 0-5 Employees,Restaurant/Deli,,Operational,"1660 E. 63rd St.
Kansas City, MISSOURI 64110
(39.012917, -94.566159)"
518715,Kansas City Ice Cream Co. Van K 518715,Kansas City Ice Cream Co. Van K 518715,5300 Gardner,,Kansas City,MISSOURI,64120,Open,Ice Cream Moblie Vendor,Ice Cream Moblie Vendor,,Operational,"5300 Gardner
Kansas City, MISSOURI 64120
(39.126969, -94.520603)"
104184,Royals Aramark C-116 (Crown Classics),Royals Aramark C-116 (Crown Classics),1 Royal Way,,Kansas City,MISSOURI,64129,Open,Restaurant/Deli 10-20 Employees,Restaurant/Deli,,Operational,"1 Royal Way
Kansas City, MISSOURI 64129
(39.054727, -94.486227)"
105181,Homewood Suites KCI Gift shop,Homewood Suites KCI Gift shop,7312 Polo Drive,,Kansas City,MISSOURI,64153,Open,Retail Grocery/Market Under 3000 sq. ft.,Retail Grocery/Market,,Operational,"7312 Polo Drive
Kansas City, MISSOURI 64153
(39.274707, -94.664033)"
F00020,Freshmaters,Frye Farms (Mark Frye),20  E 5th St,,Kansas City,MISSOURI,64108,Open,Farmers Market Permit,Farmers Market Permit,,Operational,"20 E 5th St
Kansas City, MISSOURI 64108
(39.108645, -94.581167)"
104729,Fiorella's Private Dining and Catering,Fiorella's Private Dining and Catering,13645  Holmes,,Kansas City,MISSOURI,64145,Open,Restaurant/Deli 21-40 Employees,Restaurant/Deli,http://jscar@jackstackbbq.com,Operational,"13645 Holmes
Kansas City, MISSOURI 64145
(38.878903, -94.586806)"
105100,St. Luke's Jo N Go Coffee & Bakery,St. Luke's Jo N Go Coffee & Bakery,4401  Wornall,,Kansas City,MISSOURI,64111,Open,Restaurant/Deli 0-5 Employees,Restaurant/Deli,,Operational,"4401 Wornall
Kansas City, MISSOURI 64111
(39.04572, -94.590171)"
103883,Noodles & Company,Noodles & Company,8538 NW Prairie View Rd,,Kansas City,MISSOURI,64153,Open,Restaurant/Deli 10-20 Employees,Restaurant/Deli,http://www.noodlescompany.com,Operational,"8538 NW Prairie View Rd
Kansas City, MISSOURI 64153
(39.249592, -94.661227)"
503116,KC Kona Ice #1 503116,KC Kona Ice #1 503116,16400 N. Mullen Rd.,,Belton,MISSOURI,64012,Open,Mobile Unit/Pushcart,Mobile Unit/Pushcart,,Operational,"16400 N. Mullen Rd.
Belton, MISSOURI 64012
(38.82574, -94.51302)"
105288,Nicky's Pizza,Nicky's Pizza,9773 N. Cedar Ave.,,Kansas City,MISSOURI,64157,Open,Restaurant/Deli 0-5 Employees,Restaurant/Deli,,Operational,"9773 N. Cedar Ave.
Kansas City, MISSOURI 64157
(39.270457, -94.453786)"
103851,Target Store T-2423 Market,Target Store T-2423 Market,9040 N Skyview Ave,,Kansas ,MISSOURI,64154,Open,Retail Grocery/Market 3001-30000 sq. ft.,Retail Grocery/Market,http://target.com,Operational,"9040 N Skyview Ave
Kansas, MISSOURI 64154
(39.264545, -94.656522)"
104920,Residence Inn by Marriott (Market),Residence Inn by Marriott (Market),4601  Broadway,,Kansas City,MISSOURI,64112,Open,Retail Grocery/Market Under 3000 sq. ft.,Retail Grocery/Market,,Operational,"4601 Broadway
Kansas City, MISSOURI 64112
(39.043506, -94.591492)"
106006,Treat America @ YMCA,Treat America @ YMCA,3100 NE 83rd St.,Ste. 1501-A,Kansas City,MISSOURI,64119,Open,Restaurant/Deli 0-5 Employees,Restaurant/Deli,,Operational,"3100 NE 83rd St.
Kansas City, MISSOURI 64119
(39.243414, -94.541644)"
104928,Osteria Il Centro,Osteria Il Centro,5101  Main St,,Kansas CIty,MISSOURI,64112,Open,Restaurant/Deli 10-20 Employees,Restaurant/Deli,,Operational,"5101 Main St
Kansas CIty, MISSOURI 64112
(39.034749, -94.587323)"
105425,KFC,KFC,4700 Troost,,Kansa City,MISSOURI,64110,Open,Restaurant/Deli 10-20 Employees,Restaurant/Deli,,Operational,"4700 Troost
Kansa City, MISSOURI 64110
(39.041419, -94.572964)"
F00027,KC Buffalo Co LLC,KC Buffalo Co LLC,20 E 5th St,,Kansas City,MISSOURI,64106,Open,Farmers Market Permit,Farmers Market Permit,,Operational,"20 E 5th St
Kansas City, MISSOURI 64106
(39.108645, -94.581167)"
104276,All Halal Market,All Halal Market,8330  E Bannister Rd,,Kansas City,MISSOURI,64134,Open,Retail Grocery/Market Under 3000 sq. ft.,Retail Grocery/Market,,Operational,"8330 E Bannister Rd
Kansas City, MISSOURI 64134
(38.951682, -94.491945)"
105322,China Wok,China Wok,6048 NW Barry Rd,,Kansas City,MISSOURI,64154,Open,Restaurant/Deli 6-9 Employees,Restaurant/Deli,,Operational,"6048 NW Barry Rd
Kansas City, MISSOURI 64154
(39.246936, -94.648941)"
104967,Casey's Sports Bar and Grill,Casey's Sports Bar and Grill,9103 E 39th St,,Kansas City,MISSOURI,64133,Open,Restaurant/Deli 21-40 Employees,Restaurant/Deli,,Operational,"9103 E 39th St
Kansas City, MISSOURI 64133
(39.052379, -94.47062)"
104950,Savvy Coffee & Lunch Bar,Savvy Coffee & Lunch Bar,2345 Grand Blvd.,102,Kansas City,MISSOURI,64108,Open,Restaurant/Deli 0-5 Employees,Restaurant/Deli,,Operational,"2345 Grand Blvd.
Kansas City, MISSOURI 64108
(39.084906, -94.581656)"
102328,Panera Bread,Panera Bread,311 NE Englewood,,Kansas City,MISSOURI,64118,Open,Restaurant/Deli 21-40 Employees,Restaurant/Deli,http://www.panerabread.com,Operational,"311 NE Englewood
Kansas City, MISSOURI 64118
(39.195655, -94.577679)"
104201,Royals Aramark C-430 (Hot Corner Grill),Royals Aramark C-430 (Hot Corner Grill),1 Royal Way,,Kansas City,MISSOURI,64129,Open,Restaurant/Deli 6-9 Employees,Restaurant/Deli,http://lancie-george@aramark.com,Operational,"1 Royal Way
Kansas City, MISSOURI 64129
(39.054727, -94.486227)"
105961,35th Street Market -Deli,35th Street Market -Deli,3801  E 35th Street,,Kansas City,MISSOURI,64128,Open,Restaurant/Deli 0-5 Employees,Restaurant/Deli,,Operational,"3801 E 35th Street
Kansas City, MISSOURI 64128
(39.062192, -94.539186)"
800013,KCI Expo Heart of America Catering,KCI Expo Heart of America Catering,11730 NW Ambassador Dr,,Kansas City,MISSOURI,64153,Open,Catering Permit,Catering Permit,,Operational,"11730 NW Ambassador Dr
Kansas City, MISSOURI 64153
(39.306954, -94.682127)"
104207,Royals Aramark C-405 (Crown Classics),Royals Aramark C-405 (Crown Classics),1 Royal Way,,Kansas City,MISSOURI,64129,Open,Restaurant/Deli 10-20 Employees,Restaurant/Deli,http://lancie-george@aramark.com,Operational,"1 Royal Way
Kansas City, MISSOURI 64129
(39.054727, -94.486227)"
104907,Chiefs Levy North Club Buffet Area,Chiefs Levy North Club Buffet Area,1 Arrowhead Drive,,Kansas City,MISSOURI,64129,Open,Restaurant/Deli 0-5 Employees,Restaurant/Deli,,Operational,"1 Arrowhead Drive
Kansas City, MISSOURI 64129
(39.051361, -94.49361)"
104824,Pilot Travel Center # 768 - Deli,Pilot Travel Center # 768 - Deli,1300 N. Corrington Avenue,,Kansas City,MISSOURI,64120,Open,Restaurant/Deli 0-5 Employees,Restaurant/Deli,,Operational,"1300 N. Corrington Avenue
Kansas City, MISSOURI 64120
(39.131023, -94.496292)"
102276,Pho KC,Pho KC,315 Cherry St,,Kansas City,MISSOURI,64106,Open,Restaurant/Deli 0-5 Employees,Restaurant/Deli,,Operational,"315 Cherry St
Kansas City, MISSOURI 64106
(39.11054, -94.57715)"
103656,Oak 63,Oak 63,408 E. 63rd Street,,Kansas City,MISSOURI,64110,Open,Restaurant/Deli 6-9 Employees,Restaurant/Deli,,Operational,"408 E. 63rd Street
Kansas City, MISSOURI 64110
(39.013642, -94.583536)"
800020,UMKC Food Service Catering,UMKC Food Service Catering,5000 Holmes,,Kansas City,MISSOURI,64112,Open,Catering Permit,Catering Permit,,Operational,"5000 Holmes
Kansas City, MISSOURI 64112
(39.035197, -94.577983)"
515915,Schwan's # 519467 515915,Schwan's # 519467 515915,3110 W HWY 40,,Blue Springs,MISSOURI,64015,Open,Truck/Tent Sales,Truck/Tent Sales,,Operational,"3110 W HWY 40
Blue Springs, MISSOURI 64015
(39.019727, -94.202619)"
507216,Frosty Treats #13 507216,Frosty Treats #13 507216,620 E Linwood,,Kansas City,MISSOURI,64109,Open,Ice Cream Moblie Vendor,Ice Cream Moblie Vendor,,Operational,"620 E Linwood
Kansas City, MISSOURI 64109
(39.06889, -94.577547)"
103790,Papu's Cafe,Papu's Cafe,604 W 75th,,Kansas City,MISSOURI,64114,Open,Restaurant/Deli 0-5 Employees,Restaurant/Deli,,Operational,"604 W 75th
Kansas City, MISSOURI 64114
(38.992536, -94.596725)"
503315,Tacos El Castor 503315,Tacos El Castor 503315,4803 St. John Ave.,,Kansas City,MISSOURI,64124,Open,Mobile Unit/Pushcart,Mobile Unit/Pushcart,,Operational,"4803 St. John Ave.
Kansas City, MISSOURI 64124
(39.112689, -94.525843)"
103859,McDonald's ,McDonald's ,9551 N. McGee Street,,Kansas City,MISSOURI,64155,Open,Restaurant/Deli 21-40 Employees,Restaurant/Deli,,Operational,"9551 N. McGee Street
Kansas City, MISSOURI 64155
(39.265469, -94.577005)"
505016,Royals Stadium Topsy's Popcorn#2 505016,Royals Stadium Topsy's Popcorn#2 505016,1 Royal Way,,Kansas City,MISSOURI,64129,Open,Mobile Unit/Pushcart,Mobile Unit/Pushcart,,Operational,"1 Royal Way
Kansas City, MISSOURI 64129
(39.054727, -94.486227)"
104835,Chiefs Aramark Stand U305A,Chiefs Aramark Stand U305A,1 Arrowhead Drive,,Kansas City,MISSOURI,64129,Open,Restaurant/Deli 10-20 Employees,Restaurant/Deli,,Operational,"1 Arrowhead Drive
Kansas City, MISSOURI 64129
(39.051361, -94.49361)"
102121,Mad Jacks on Troost,Mad Jacks on Troost,6200 Troost,,Kansas City,MISSOURI,64110,Open,Restaurant/Deli 6-9 Employees,Restaurant/Deli,,Operational,"6200 Troost
Kansas City, MISSOURI 64110
(39.01465, -94.574502)"
529915,Shatto Ice Cream Cart 529915,Shatto Ice Cream Cart 529915,9406 N. Hwy. 33,,Osborn,MISSOURI,64474,Open,Mobile Unit/Pushcart,Mobile Unit/Pushcart,,Operational,"9406 N. Hwy. 33
Osborn, MISSOURI 64474
(39.694249, -94.402761)"
511616,Per Cup Coffees (Tiki Hut# 4) 511616,Per Cup Coffees (Tiki Hut# 4) 511616,301 W 13th Street,,Kansas City,MISSOURI,64105,Open,Mobile Unit/Pushcart,Mobile Unit/Pushcart,,Operational,"301 W 13th Street
Kansas City, MISSOURI 64105
(39.0988, -94.58697)"
104189,Royals Aramark C-216 (Fry Works/Sweet Spot),Royals Aramark C-216 (Fry Works/Sweet Spot),1 Royal Way,,Kansas City,MISSOURI,64129,Open,Restaurant/Deli 10-20 Employees,Restaurant/Deli,,Operational,"1 Royal Way
Kansas City, MISSOURI 64129
(39.054727, -94.486227)"
104630,UMKC Smart Market Convenience Store,UMKC Smart Market Convenience Store,5051  Oak St,,Kansas City,MISSOURI,64110,Open,Retail Grocery/Market Under 3000 sq. ft.,Retail Grocery/Market,,Operational,"5051 Oak St
Kansas City, MISSOURI 64110
(39.035219, -94.582648)"
104850,Chiefs Aramark Stand L315B,Chiefs Aramark Stand L315B,1 Arrowhead Drive,,Kansas City,MISSOURI,64129,Open,Restaurant/Deli 6-9 Employees,Restaurant/Deli,,Operational,"1 Arrowhead Drive
Kansas City, MISSOURI 64129
(39.051361, -94.49361)"
104215,Fairfield Inn & Suites (market),Fairfield Inn & Suites (market),11820 NW Plaza Circle,,Kansas City,MISSOURI,64153,Open,Restaurant/Deli 0-5 Employees,Restaurant/Deli,,Operational,"11820 NW Plaza Circle
Kansas City, MISSOURI 64153
(39.307977, -94.684089)"
103767,Comfort Inn & Suites,Comfort Inn & Suites,770 Admiral Blvd,,Kansas City,MISSOURI,64106,Open,Restaurant/Deli 0-5 Employees,Restaurant/Deli,,Operational,"770 Admiral Blvd
Kansas City, MISSOURI 64106
(39.105211, -94.574229)"
104018,Paseo BP (deli),Paseo BP (deli),1500 Paseo,,Kansas City,MISSOURI,64108,Open,Restaurant/Deli 0-5 Employees,Restaurant/Deli,,Operational,"1500 Paseo
Kansas City, MISSOURI 64108
(39.094813, -94.564568)"
103936,Famous Food Company,Famous Food Company,14 W 62nd,,Kansas City,MISSOURI,64113,Open,Restaurant/Deli 0-5 Employees,Restaurant/Deli,,Operational,"14 W 62nd
Kansas City, MISSOURI 64113
(39.014858, -94.589253)"
104020,Royals Aramark V-415 (Vendor Room),Royals Aramark V-415 (Vendor Room),1 Royal Way,,Kansas City,MISSOURI,64129,Open,Restaurant/Deli 6-9 Employees,Restaurant/Deli,,Operational,"1 Royal Way
Kansas City, MISSOURI 64129
(39.054727, -94.486227)"
105212,Joe's Tobacco,Joe's Tobacco,8014 Hickman Mills Dr.,,Kansas City,MISSOURI,64132,Open,Retail Grocery/Market Under 3000 sq. ft.,Retail Grocery/Market,,Operational,"8014 Hickman Mills Dr.
Kansas City, MISSOURI 64132
(38.980594, -94.558272)"
103606,Guadalupe Center Inc. (Culinary Kitchen),Guadalupe Center Inc. (Culinary Kitchen),1015  Avenida Cesar Chavez,,Kansas City,MISSOURI,64108,Open,Restaurant/Deli 0-5 Employees,Restaurant/Deli,,Operational,"1015 Avenida Cesar Chavez
Kansas City, MISSOURI 64108
(39.085909, -94.596918)"
105589,Bartle Hall - Aramark - Stand 2200 (Coffee Shop),Bartle Hall - Aramark - Stand 2200 (Coffee Shop),301 W. 13th St.,,Kansas City ,MISSOURI,64105,Open,Restaurant/Deli 6-9 Employees,Restaurant/Deli,,Operational,"301 W. 13th St.
Kansas City, MISSOURI 64105
(39.0988, -94.58697)"
103911,Topsy's Popcorn,Topsy's Popcorn,7311  NW 87th Terr,,Kansas City,MISSOURI,64153,Open,Restaurant/Deli 6-9 Employees,Restaurant/Deli,,Operational,"7311 NW 87th Terr
Kansas City, MISSOURI 64153
(39.253334, -94.663707)"
104481,Pizza Bar,Pizza Bar,1320 Grand Blvd,,Kansas City,MISSOURI,64106,Open,Restaurant/Deli 10-20 Employees,Restaurant/Deli,,Operational,"1320 Grand Blvd
Kansas City, MISSOURI 64106
(39.09781, -94.581013)"
102298,Papa John's Pizza ,Papa John's Pizza ,1314  Westport Rd,,Kansas City,MISSOURI,64111,Open,Restaurant/Deli 10-20 Employees,Restaurant/Deli,,Operational,"1314 Westport Rd
Kansas City, MISSOURI 64111
(39.050041, -94.603022)"
103932,Mr Goodcents Subs & Pasta,Mr Goodcents Subs & Pasta,6304 Brookside Plaza,,Kansas City,MISSOURI,64113,Open,Restaurant/Deli 10-20 Employees,Restaurant/Deli,,Operational,"6304 Brookside Plaza
Kansas City, MISSOURI 64113
(39.013493, -94.590671)"
104876,Chiefs Aramark Stand 134E,Chiefs Aramark Stand 134E,1 Arrowhead Drive,,Kansas City,MISSOURI,64129,Open,Restaurant/Deli 6-9 Employees,Restaurant/Deli,,Operational,"1 Arrowhead Drive
Kansas City, MISSOURI 64129
(39.051361, -94.49361)"
103639,Taco Bueno Restaurant,Taco Bueno Restaurant,380 NE Vivion RD,,Kansas City,MISSOURI,64118,Open,Restaurant/Deli 10-20 Employees,Restaurant/Deli,,Operational,"380 NE Vivion RD
Kansas City, MISSOURI 64118
(39.181204, -94.578237)"
102307,Papa John's Pizza #2594,Papa John's Pizza #2594,7960 Wornall ,,Kansas City ,MISSOURI,64114,Open,Restaurant/Deli 10-20 Employees,Restaurant/Deli,http://shirley_townes@papajohns.com,Operational,"7960 Wornall
Kansas City, MISSOURI 64114
(38.98363, -94.594628)"
104699,The Riot Room (4048 Broadway),The Riot Room (4048 Broadway),4048 Broadway,,Kansas City,MISSOURI,64111,Open,Bar/Tavern 6-9 Employees,Bar/Tavern,,Operational,"4048 Broadway
Kansas City, MISSOURI 64111
(39.053692, -94.590816)"
102362,Taco Bell #21436,Taco Bell #21436,13111 State Line Rd,,Kansas City,MISSOURI,64145,Open,Restaurant/Deli 10-20 Employees,Restaurant/Deli,,Operational,"13111 State Line Rd
Kansas City, MISSOURI 64145
(38.890427, -94.60798)"
104249,Burger King,Burger King,4351 Blue Parkway,,Kansas City,MISSOURI,64130,Open,Restaurant/Deli 41-60 Employees,Restaurant/Deli,,Operational,"4351 Blue Parkway
Kansas City, MISSOURI 64130
(39.034626, -94.534479)"
F00011,Goode Acres,Goode Acres,20 E 5th St,,Kansas City,MISSOURI,64106,Open,Farmers Market Permit,Farmers Market Permit,,Operational,"20 E 5th St
Kansas City, MISSOURI 64106
(39.108645, -94.581167)"
104418,Sodexo @ Red Bridge Elementary,Sodexo @ Red Bridge Elementary,10781 Oak St.,,Kansas City,MISSOURI,64114,Open,School - Public 0-5 Employees,School - Public; School - Public,,Operational,"10781 Oak St.
Kansas City, MISSOURI 64114
(38.932043, -94.587651)"
105196,KCI Starbucks-Terminal B,KCI Starbucks-Terminal B,45 North Rome Circle,,Kansas City,MISSOURI,64153,Open,Restaurant/Deli 6-9 Employees,Restaurant/Deli,,Operational,"45 North Rome Circle
Kansas City, MISSOURI 64153
(39.293751, -94.719397)"
104770,Kaldi's Coffee,Latteland Espresso,1201 Main St,,Kansas City,MISSOURI,64105,Open,Restaurant/Deli 0-5 Employees,Restaurant/Deli,,Operational,"1201 Main St
Kansas City, MISSOURI 64105
(39.09973, -94.583191)"
104893,Chiefs Aramark Stand U327A,Chiefs Aramark Stand U327A,1 Arrowhead Drive,,Kansas City,MISSOURI,64129,Open,Restaurant/Deli 10-20 Employees,Restaurant/Deli,,Operational,"1 Arrowhead Drive
Kansas City, MISSOURI 64129
(39.051361, -94.49361)"
104715,The Garment District,The Garment District,1350 Main St,,Kansas City,MISSOURI,64105,Open,Bar/Tavern 0-5 Employees,Bar/Tavern,,Operational,"1350 Main St
Kansas City, MISSOURI 64105
(39.097923, -94.583281)"
103706,Scoop 'N' Scoot Ice Cream Deli 'N' More,Scoop 'N' Scoot Ice Cream Deli 'N' More,3916  Indiana,,Kansas City,MISSOURI,64130,Open,Restaurant/Deli 0-5 Employees,Restaurant/Deli,,Operational,"3916 Indiana
Kansas City, MISSOURI 64130
(39.054835, -94.544387)"
103891,MCCOY'S Public House & Brewkitchen,THE FOUNDRY,4057 PENNSYLVANIA ,,KANSAS CITY,MISSOURI,64111,Open,Restaurant/Deli 41-60 Employees,Restaurant/Deli,,Operational,"4057 PENNSYLVANIA
KANSAS CITY, MISSOURI 64111
(39.053526, -94.591982)"
105326,Bannister Food Mart (market),Bannister Food Mart (market),5501 E. Bannister Rd.,,Kansas City,MISSOURI,64137,Open,Retail Grocery/Market Under 3000 sq. ft.,Retail Grocery/Market,,Operational,"5501 E. Bannister Rd.
Kansas City, MISSOURI 64137
(38.952965, -94.52434)"
103768,Jim's Diner,Jim's Diner,6901 Prospect Ave.,,Kansas City,MISSOURI,64132,Open,Restaurant/Deli 6-9 Employees,Restaurant/Deli,,Operational,"6901 Prospect Ave.
Kansas City, MISSOURI 64132
(39.001502, -94.55674)"
102166,Cajun Fried Chicken,Cajun Fried Chicken,3700 Gregory,,Kansas City,MISSOURI,64132,Open,Restaurant/Deli 0-5 Employees,Restaurant/Deli,,Operational,"3700 Gregory
Kansas City, MISSOURI 64132
(38.998047, -94.543666)"
800201,Hy-vee - Independence (Catering Permit),Hy-vee - Independence (Catering Permit),4545 S. Noland Rd,,Independence,MISSOURI,64055,Open,Catering Permit,Catering Permit,,Operational,"4545 S. Noland Rd
Independence, MISSOURI 64055
(39.037109, -94.415568)"
524316,Chiefs Aramark PB-102 524316,Chiefs Aramark PB-102 524316,1 Arrowhead Dr,,Kansas City,MISSOURI,64129,Open,Mobile Unit/Pushcart,Mobile Unit/Pushcart,,Operational,"1 Arrowhead Dr
Kansas City, MISSOURI 64129
(39.051361, -94.49361)"
F00016,Habashi House Farmers Market,Habashi House Farmers Market,309 Main,,Kansas City,MISSOURI,64105,Open,Farmers Market Permit,Farmers Market Permit,,Operational,"309 Main
Kansas City, MISSOURI 64105
(39.109384, -94.583135)"
104449,The Majestic Restaurant,The Majestic Restaurant,931 Broadway Blvd,,Kansas City,MISSOURI,64105,Open,Restaurant/Deli 21-40 Employees,Restaurant/Deli,,Operational,"931 Broadway Blvd
Kansas City, MISSOURI 64105
(39.102645, -94.588281)"
104958,Dollar Tree #4463,Dollar Tree #4463,8656 E. 63rd St,,Kansas City,MISSOURI,64133,Open,Retail Grocery/Market 3001-30000 sq. ft.,Retail Grocery/Market,,Operational,"8656 E. 63rd St
Kansas City, MISSOURI 64133
(39.009751, -94.485475)"
105501,Subway #5276-366,Subway #5276-366,905 Westport Rd.,,Kansas City,MISSOURI,64111,Open,Restaurant/Deli 0-5 Employees,Restaurant/Deli,,Operational,"905 Westport Rd.
Kansas City, MISSOURI 64111
(39.050627, -94.597023)"
103843,Hampton Inn,Hampton Inn,4233 North Corrington,,Kansas City,MISSOURI,64117,Open,Restaurant/Deli 0-5 Employees,Restaurant/Deli,,Operational,"4233 North Corrington
Kansas City, MISSOURI 64117
(39.170386, -94.495332)"
105418,"Cupcake A La Mode, LLC","Cupcake A La Mode, LLC",4639  Wornall,,Kansas City,MISSOURI,64112,Open,Retail Bakery Under 3000 sq. ft.,Retail Bakery,,Operational,"4639 Wornall
Kansas City, MISSOURI 64112
(39.042995, -94.58961)"
105392,Chip's Candy Factory,Chip's Candy Factory,2450 Grand Blvd.,125,Kansas City,MISSOURI,64108,Open,Retail Bakery Under 3000 sq. ft.,Retail Bakery,,Operational,"2450 Grand Blvd.
Kansas City, MISSOURI 64108
(39.082903, -94.581877)"
104900,Chiefs Aramark Stand 423,Chiefs Aramark Stand 423,1 Arrowhead Drive,,Kansas City,MISSOURI,64129,Open,Restaurant/Deli 0-5 Employees,Restaurant/Deli,,Operational,"1 Arrowhead Drive
Kansas City, MISSOURI 64129
(39.051361, -94.49361)"
514916,Taqueria Hernandez # 2 514916,Taqueria Hernandez # 2 514916,6924 Broadway,,Kansas City,MISSOURI,64136,Open,Mobile Unit/Pushcart,Mobile Unit/Pushcart,,Operational,"6924 Broadway
Kansas City, MISSOURI 64136
(39.003191, -94.593554)"
104877,Chiefs Aramark Stand 136C,Chiefs Aramark Stand 136C,1 Arrowhead Drive,,Kansas City,MISSOURI,64129,Open,Restaurant/Deli 10-20 Employees,Restaurant/Deli,,Operational,"1 Arrowhead Drive
Kansas City, MISSOURI 64129
(39.051361, -94.49361)"
104701,CHAI SHAI,CHAI SHAI,651 E 59th Street,,Kansas City,MISSOURI,64110,Open,Restaurant/Deli 6-9 Employees,Restaurant/Deli,,Operational,"651 E 59th Street
Kansas City, MISSOURI 64110
(39.020125, -94.579199)"
104668,Arslan Petro LLC,Arslan Petro LLC,8401 N. Oak Trafficway,,Kansas City,MISSOURI,64155,Open,Retail Grocery/Market Under 3000 sq. ft.,Retail Grocery/Market,,Operational,"8401 N. Oak Trafficway
Kansas City, MISSOURI 64155
(39.246679, -94.575888)"
106056,Snappy Stop #1620,Snappy Stop #1620,1620 W 14th St,,Kansas City ,MISSOURI,64102,Open,Retail Grocery/Market Under 3000 sq. ft.,Retail Grocery/Market,,Operational,"1620 W 14th St
Kansas City, MISSOURI 64102
(39.09793, -94.604199)"
104966,The Market,The Market,9103 East 39th St,,Kansas City,MISSOURI,64133,Open,Restaurant/Deli 0-5 Employees,Restaurant/Deli,,Operational,"9103 East 39th St
Kansas City, MISSOURI 64133
(39.052379, -94.47062)"
513215,Taquerias El Torito Mobile 513215,Taquerias El Torito Mobile 513215,6126 Independence Ave.,,Kansas City,MISSOURI,64125,Open,Mobile Unit/Pushcart,Mobile Unit/Pushcart,,Operational,"6126 Independence Ave.
Kansas City, MISSOURI 64125
(39.104865, -94.510035)"
103791,Scooter's Coffeehouse,Scooter's Coffeehouse,1111 Main St,,Kansas City,MISSOURI,64106,Open,Restaurant/Deli 0-5 Employees,Restaurant/Deli,,Operational,"1111 Main St
Kansas City, MISSOURI 64106
(39.100853, -94.583113)"
104939,Market 3 (deli),Market 3 (deli),114 W 3rd St,,Kansas City,MISSOURI,64105,Open,Restaurant/Deli 6-9 Employees,Restaurant/Deli,,Operational,"114 W 3rd St
Kansas City, MISSOURI 64105
(39.109442, -94.585435)"
502816,Top Dawg Productions Pushcart 502816,Top Dawg Productions Pushcart 502816,3834 Main St.,,Kansas City,MISSOURI,64111,Open,Mobile Unit/Pushcart,Mobile Unit/Pushcart,,Operational,"3834 Main St.
Kansas City, MISSOURI 64111
(39.057013, -94.586079)"
104749,Mike's Tavern,Mike's Tavern,5424 Troost,,Kansas City,MISSOURI,64110,Open,Restaurant/Deli 6-9 Employees,Restaurant/Deli,,Operational,"5424 Troost
Kansas City, MISSOURI 64110
(39.027581, -94.573773)"
800098,Hy-vee - Independence (Catering Permit),Hy-vee - Independence (Catering Permit),1525 E. 23rd St.,,Independence,MISSOURI,64055,Open,Catering Permit,Catering Permit,,Operational,"1525 E. 23rd St.
Independence, MISSOURI 64055
(39.078396, -94.393306)"
104507,QuikTrip #227 Retail,QuikTrip #227 Retail,3101 SW Boulevard,,Kansas City,MISSOURI,64108,Open,Retail Grocery/Market 3001-30000 sq. ft.,Retail Grocery/Market,,Operational,"3101 SW Boulevard
Kansas City, MISSOURI 64108
(39.072613, -94.607152)"
103828,Planet Sub/Station 32 Pizzeria,Planet Sub/Station 32 Pizzeria,4930 Main,,Kansas City,MISSOURI,64112,Open,Restaurant/Deli 10-20 Employees,Restaurant/Deli,,Operational,"4930 Main
Kansas City, MISSOURI 64112
(39.037405, -94.587214)"
800066,Guadalupe Centers Inc (Catering),Guadalupe Centers Inc (Catering),1015 Avenida Cesar Chavez,,Kansas City,MISSOURI,64108,Open,Catering Permit,Catering Permit,,Operational,"1015 Avenida Cesar Chavez
Kansas City, MISSOURI 64108
(39.085909, -94.596918)"
104727,Volleyball Beach,Volleyball Beach,13105 Holmes,,Kansas City,MISSOURI,64145,Open,Restaurant/Deli 10-20 Employees,Restaurant/Deli,,Operational,"13105 Holmes
Kansas City, MISSOURI 64145
(38.888795, -94.586075)"
104414,Sodexo @ Indian Creek Elementary,Sodexo @ Indian Creek Elementary,9801  Grand,,Kansas City,MISSOURI,64114,Open,School - Public 0-5 Employees,School - Public; School - Public,,Operational,"9801 Grand
Kansas City, MISSOURI 64114
(38.949956, -94.589182)"
104129,Gringo Loco-Neighborhood Market,Gringo Loco-Neighborhood Market,3825 Independence Ave,,Kansas City,MISSOURI,64124,Open,Retail Grocery/Market 3001-30000 sq. ft.,Retail Grocery/Market,,Operational,"3825 Independence Ave
Kansas City, MISSOURI 64124
(39.105826, -94.536776)"
105960,35th Street Market,35th Street Market,3801  E. 35th Street,,Kansas City,MISSOURI,64128,Open,Retail Grocery/Market 3001-30000 sq. ft.,Retail Grocery/Market,,Operational,"3801 E. 35th Street
Kansas City, MISSOURI 64128
(39.062192, -94.539186)"
505816,Royals Stadium DTF Cotton Candy 505816,Royals Stadium DTF Cotton Candy 505816,1 Royal Way,,Kansas City,MISSOURI,64129,Open,Mobile Unit/Pushcart,Mobile Unit/Pushcart,,Operational,"1 Royal Way
Kansas City, MISSOURI 64129
(39.054727, -94.486227)"
103753,Grinders West,Grinders West,415 E. 18th St.,,Kansas City,MISSOURI,64108,Open,Restaurant/Deli 21-40 Employees,Restaurant/Deli,,Operational,"415 E. 18th St.
Kansas City, MISSOURI 64108
(39.091614, -94.578204)"
104899,Chiefs Aramark Stand 421,Chiefs Aramark Stand 421,1 Arrowhead Drive,,Kansas City ,MISSOURI,64129,Open,Restaurant/Deli 6-9 Employees,Restaurant/Deli,,Operational,"1 Arrowhead Drive
Kansas City, MISSOURI 64129
(39.051361, -94.49361)"
104621,Holiday Inn Express & Suites Sports Complex,Holiday Inn Express & Suites Sports Complex,8551 E. Blue Pkwy.,,Kansas City,MISSOURI,64133,Open,Restaurant/Deli 0-5 Employees,Restaurant/Deli,,Operational,"8551 E. Blue Pkwy.
Kansas City, MISSOURI 64133
(39.005528, -94.485708)"
105670,Cairo's Fried Fish & Grill,Cairo's Fried Fish & Grill,7600  E 88th ST,,Kansas City,MISSOURI,64138,Open,Restaurant/Deli 0-5 Employees,Restaurant/Deli,,Operational,"7600 E 88th ST
Kansas City, MISSOURI 64138
(38.964199, -94.498357)"
104990,Armour Oaks Senior Living,Armour Oaks Senior Living,441 W. 81st St. ,,Kansas City,MISSOURI,64114,Open,Restaurant/Deli 0-5 Employees,Restaurant/Deli,,Operational,"441 W. 81st St.
Kansas City, MISSOURI 64114
(38.981395, -94.594921)"
527616,Chiefs Stadium Percup Cart #5 527616,Chiefs Stadium Percup Cart #5 527616,1 Arrowhead Dr.,,Kansas City,MISSOURI,64129,Open,Mobile Unit/Pushcart,Mobile Unit/Pushcart,,Operational,"1 Arrowhead Dr.
Kansas City, MISSOURI 64129
(39.051361, -94.49361)"
104200,Royals Aramark C-435 (Crown Classics),Royals Aramark C-435 (Crown Classics),1 Royal Way,,Kansas City,MISSOURI,64129,Open,Restaurant/Deli 10-20 Employees,Restaurant/Deli,http://lancie-george@aramark.com,Operational,"1 Royal Way
Kansas City, MISSOURI 64129
(39.054727, -94.486227)"
104892,Chiefs Aramark Stand U323A,Chiefs Aramark Stand U323A,1 Arrowhead Drive,,Kansas City,MISSOURI,64129,Open,Restaurant/Deli 6-9 Employees,Restaurant/Deli,,Operational,"1 Arrowhead Drive
Kansas City, MISSOURI 64129
(39.051361, -94.49361)"
105009,J.A. Rogers Elementary School,J.A. Rogers Elementary School,6400 E. 23rd Street,,Kansas City,MISSOURI,64129,Open,Fee Exempt,Fee Exempt,,Operational,"6400 E. 23rd Street
Kansas City, MISSOURI 64129
(39.083007, -94.509111)"
104857,Chiefs Aramark Stand 117A,Chiefs Aramark Stand 117A,1 Arrowhead Dr,,Kansas City ,MISSOURI,64129,Open,Restaurant/Deli 6-9 Employees,Restaurant/Deli,,Operational,"1 Arrowhead Dr
Kansas City, MISSOURI 64129
(39.051361, -94.49361)"
607514,Dragonfly Teazone (seasonal),Dragonfly Teazone (seasonal),409 Main St,,Kansas City,MISSOURI,64105,Open,Seasonal Permit,Seasonal Permit,,Operational,"409 Main St
Kansas City, MISSOURI 64105
(39.109424, -94.583151)"
102308,Patrick's ,Patrick's ,8251 Wornall ,,Kansas City ,MISSOURI,64114,Open,Restaurant/Deli 0-5 Employees,Restaurant/Deli,,Operational,"8251 Wornall
Kansas City, MISSOURI 64114
(38.978546, -94.594875)"
102300,Papa John's Pizza #2227,Papa John's Pizza #2227,2835 NE Vivion Rd,,Kansas City,MISSOURI,64119,Open,Restaurant/Deli 21-40 Employees,Restaurant/Deli,,Operational,"2835 NE Vivion Rd
Kansas City, MISSOURI 64119
(39.187886, -94.545583)"
105296,Hissho Sushi @ Price Chopper 288,Hissho Sushi @ Price Chopper 288,9717  N. Ash Ave.,,Kansas City,MISSOURI,64157,Open,Restaurant/Deli 0-5 Employees,Restaurant/Deli,,Operational,"9717 N. Ash Ave.
Kansas City, MISSOURI 64157
(39.269726, -94.450306)"
104943,Harvey's,Harvey's,30 W. Pershing,,Kansas City,MISSOURI,64108,Open,Restaurant/Deli 10-20 Employees,Restaurant/Deli,,Operational,"30 W. Pershing
Kansas City, MISSOURI 64108
(39.084068, -94.584514)"
102210,Kansas City Fairfield Inn and Suites,Kansas City Fairfield Inn and Suites,4231 N. Corrington Ave,,Kansas City,MISSOURI,64117,Open,Restaurant/Deli 10-20 Employees,Restaurant/Deli,,Operational,"4231 N. Corrington Ave
Kansas City, MISSOURI 64117
(39.170303, -94.495376)"
103937,One More Cup,One More Cup,7408 Wornall,,Kansas City,MISSOURI,64114,Open,Restaurant/Deli 6-9 Employees,Restaurant/Deli,,Operational,"7408 Wornall
Kansas City, MISSOURI 64114
(38.993754, -94.594227)"
105362,Residence Inn,Residence Inn,2975 Main St.,,Kansas City,MISSOURI,64108,Open,Retail Grocery/Market Under 3000 sq. ft.,Retail Grocery/Market,,Operational,"2975 Main St.
Kansas City, MISSOURI 64108
(39.073392, -94.585241)"
103985,Pizza Hut #4728 (3907 Main Street),Pizza Hut #4728 (3907 Main Street),3907 Main Street,,Kansas City,MISSOURI,64111,Open,Restaurant/Deli 10-20 Employees,Restaurant/Deli,,Operational,"3907 Main Street
Kansas City, MISSOURI 64111
(39.056288, -94.586123)"
103842,Save A Lot,Save A Lot,3821 Truman,451,Kansas City,MISSOURI,64127,Open,Retail Grocery/Market Under 3000 sq. ft.,Retail Grocery/Market,,Operational,"3821 Truman
Kansas City, MISSOURI 64127
(39.094143, -94.536275)"
104687,Sodexo @ Assurant,Sodexo @ Assurant,2323  Grand,,Kansas City,MISSOURI,64108,Open,Restaurant/Deli 10-20 Employees,Restaurant/Deli,,Operational,"2323 Grand
Kansas City, MISSOURI 64108
(39.085811, -94.581596)"
102339,Rocky Mountain Chocolate Factory,Rocky Mountain Chocolate Factory,7212 NW 86th Terrace,,Kansas City,MISSOURI,64153,Open,Restaurant/Deli 10-20 Employees,Restaurant/Deli,,Operational,"7212 NW 86th Terrace
Kansas City, MISSOURI 64153
(39.25072, -94.664576)"
103888,The Phoenix Jazz Club,The Phoenix Jazz Club,302 W 8th St,,Kansas City,MISSOURI,64105,Open,Restaurant/Deli 6-9 Employees,Restaurant/Deli,http://matt@phoenixjazzkc.com,Operational,"302 W 8th St
Kansas City, MISSOURI 64105
(39.104628, -94.586267)"
105114,The Drunken Fish,The Drunken Fish,14  E 14th St,,Kansas City,MISSOURI,64106,Open,Restaurant/Deli 21-40 Employees,Restaurant/Deli,,Operational,"14 E 14th St
Kansas City, MISSOURI 64106
(39.097243, -94.583179)"
103799,Center H.S. Booster Club-Outdoor Concession Stand,Center H.S. Booster Club-Outdoor Concession Stand,8715 Holmes Rd,,Kansas City,MISSOURI,64131,Open,Restaurant/Deli 0-5 Employees,Restaurant/Deli,,Operational,"8715 Holmes Rd
Kansas City, MISSOURI 64131
(38.969791, -94.581351)"
547216,Chiefs DTF Cart 547216 - Kiosk 326,Chiefs DTF Cart 547216 - Kiosk 326,1 Arrowhead Drive,,Kansas City,MISSOURI,64129,Open,Mobile Unit/Pushcart,Mobile Unit/Pushcart,,Operational,"1 Arrowhead Drive
Kansas City, MISSOURI 64129
(39.051361, -94.49361)"
103881,Arby's,Arby's,6951 NW 83rd Ter,,Kansas City,MISSOURI,64152,Open,Restaurant/Deli 21-40 Employees,Restaurant/Deli,,Operational,"6951 NW 83rd Ter
Kansas City, MISSOURI 64152
(39.245129, -94.661803)"
102248,Hung Vuong Market (deli),Hung Vuong Market (deli),303 Grand Blvd,,Kansas City,MISSOURI,64106,Open,Restaurant/Deli 0-5 Employees,Restaurant/Deli,,Operational,"303 Grand Blvd
Kansas City, MISSOURI 64106
(39.109931, -94.58084)"
105166,Kindred Hospital Northland,Kindred Hospital Northland,500 NW 68th Street,,Kansas City,MISSOURI,64118,Open,Restaurant/Deli 6-9 Employees,Restaurant/Deli,,Operational,"500 NW 68th Street
Kansas City, MISSOURI 64118
(39.218119, -94.585534)"
105888,Royals Aramark Diamond Club Blvd Bar,Royals Aramark Diamond Club Blvd Bar,1 Royal Way,,Kansas City,MISSOURI,64129,Open,Bar/Tavern 6-9 Employees,Bar/Tavern,,Operational,"1 Royal Way
Kansas City, MISSOURI 64129
(39.054727, -94.486227)"
104831,Chiefs Aramark Stand U328,Chiefs Aramark Stand U328,1 Arrowhead Drive,,Kansas City,MISSOURI,64129,Open,Restaurant/Deli 10-20 Employees,Restaurant/Deli,,Operational,"1 Arrowhead Drive
Kansas City, MISSOURI 64129
(39.051361, -94.49361)"
105600,Power 66,Power 66,1509 W 12th St,,Kansas City,MISSOURI,64101,Open,Retail Grocery/Market 3001-30000 sq. ft.,Retail Grocery/Market,,Operational,"1509 W 12th St
Kansas City, MISSOURI 64101
(39.100273, -94.603226)"
103860,Chuck E. Cheese's ,Chuck E. Cheese's ,9196 NW Skyview Ave,,Kansas City,MISSOURI,64154,Open,Restaurant/Deli 10-20 Employees,Restaurant/Deli,,Operational,"9196 NW Skyview Ave
Kansas City, MISSOURI 64154
(39.260899, -94.655827)"
102247,Hung Vuong Market (market),Hung Vuong Market (market),303 Grand Blvd,,Kansas City,MISSOURI,64106,Open,Retail Grocery/Market 3001-30000 sq. ft.,Retail Grocery/Market,,Operational,"303 Grand Blvd
Kansas City, MISSOURI 64106
(39.109931, -94.58084)"
104512,Succotash,Succotash,2601 Holmes,,Kansas City,MISSOURI,64108,Open,Restaurant/Deli 21-40 Employees,Restaurant/Deli,,Operational,"2601 Holmes
Kansas City, MISSOURI 64108
(39.079062, -94.576136)"
104572,Niecie's Restaurant,Niecie's Restaurant,6441 Troost,,Kansas City,MISSOURI,64131,Open,Restaurant/Deli 10-20 Employees,Restaurant/Deli,,Operational,"6441 Troost
Kansas City, MISSOURI 64131
(39.009915, -94.574724)"
105385,Tiffany Athletic Zone,Tiffany Athletic Zone,8201 NW 97th Terr,,Kansas City,MISSOURI,64153,Open,Restaurant/Deli 6-9 Employees,Restaurant/Deli,,Operational,"8201 NW 97th Terr
Kansas City, MISSOURI 64153
(39.270195, -94.674739)"
103969,Royals Aramark V-144 (Vendor Room),Royals Aramark V-144 (Vendor Room),1 Royal Way,,Kansas City,MISSOURI,64129,Open,Restaurant/Deli 6-9 Employees,Restaurant/Deli,,Operational,"1 Royal Way
Kansas City, MISSOURI 64129
(39.054727, -94.486227)"
105406,UMKC Robot Cafe,UMKC Robot Cafe,800  E 51st,,Kansas City,MISSOURI,64110,Open,Restaurant/Deli 0-5 Employees,Restaurant/Deli,,Operational,"800 E 51st
Kansas City, MISSOURI 64110
(39.034584, -94.578004)"
105013,Bottles Deli,Bottles Deli,4408  E. 39th Street,,Kansas City,MISSOURI,64128,Open,Restaurant/Deli 0-5 Employees,Restaurant/Deli,,Operational,"4408 E. 39th Street
Kansas City, MISSOURI 64128
(39.054735, -94.532258)"
105679,Worth Park,Worth Park,9420 NW Prairie View Rd,,Kansas City,MISSOURI,64153,Open,Restaurant/Deli 6-9 Employees,Restaurant/Deli,,Operational,"9420 NW Prairie View Rd
Kansas City, MISSOURI 64153
(39.265515, -94.664092)"
505216,Chiefs Stadium Percup Cart #2 505216,Chiefs Stadium Percup Cart #2 505216,1 Arrowhead Dr.,,Kansas City,MISSOURI,64133,Open,Mobile Unit/Pushcart,Mobile Unit/Pushcart,,Operational,"1 Arrowhead Dr.
Kansas City, MISSOURI 64133
(39.051361, -94.49361)"
103683,China Feast,China Feast,200 E. Linwood Blvd,,Kansas City,MISSOURI,64111,Open,Restaurant/Deli 6-9 Employees,Restaurant/Deli,,Operational,"200 E. Linwood Blvd
Kansas City, MISSOURI 64111
(39.068365, -94.582777)"
515016,Taqueria Los 3 Hermanos # 1 515016,Taqueria Los 3 Hermanos # 1 515016,6200 Broadway,,Kansas City,MISSOURI,64108,Open,Mobile Unit/Pushcart,Mobile Unit/Pushcart,,Operational,"6200 Broadway
Kansas City, MISSOURI 64108
(39.206882, -94.585562)"
103722,Bristol Seafood Grill,Bristol Seafood Grill,51 E 14th St,,Kansas City,MISSOURI,64106,Open,Restaurant/Deli 71-80 Employees,Restaurant/Deli,,Operational,"51 E 14th St
Kansas City, MISSOURI 64106
(39.097235, -94.582763)"
104964,Little Caesars,Little Caesars,8793 B Blue Ridge Blvd,,Kansas City,MISSOURI,64138,Open,Restaurant/Deli 10-20 Employees,Restaurant/Deli,,Operational,"8793 B Blue Ridge Blvd
Kansas City, MISSOURI 64138
(38.964424, -94.499141)"
104816,Bojo's Bar and Grill,Bojo's Bar and Grill,5410 NE Antioch Rd.,,Kansas City,MISSOURI,64119,Open,Restaurant/Deli 6-9 Employees,Restaurant/Deli,,Operational,"5410 NE Antioch Rd.
Kansas City, MISSOURI 64119
(39.19315, -94.548762)"
104679,Treat America @ Federal Reserve Bank of Kansas City,Treat America @ Federal Reserve Bank of Kansas City,1  Memorial Drive,,Kansas City,MISSOURI,64198,Open,Restaurant/Deli 21-40 Employees,Restaurant/Deli,,Operational,"1 Memorial Drive
Kansas City, MISSOURI 64198
(39.07781, -94.5848)"
103700,Elite Cuisine,Elite Cuisine,9201  Stateline Road,,Kansas City,MISSOURI,64114,Open,Restaurant/Deli 0-5 Employees,Restaurant/Deli,,Operational,"9201 Stateline Road
Kansas City, MISSOURI 64114
(38.962855, -94.608088)"
105958,Windstars Linwood-Deli,Windstars Linwood-Deli,922 E. Linwood Blvd,,Kansas City,MISSOURI,64109,Open,Restaurant/Deli 0-5 Employees,Restaurant/Deli,,Operational,"922 E. Linwood Blvd
Kansas City, MISSOURI 64109
(39.068716, -94.57295)"
800031,Villa Ventura Retirement Community Catering,Villa Ventura Retirement Community Catering,12100 Wornall,,Kansas City,MISSOURI,64145,Open,Catering Permit,Catering Permit,,Operational,"12100 Wornall
Kansas City, MISSOURI 64145
(38.90664, -94.594039)"
506316,Royals Stadium DTF  Cotton Candy 506316,Royals Stadium DTF  Cotton Candy 506316,1 Royal Way,,Kansas City,MISSOURI,64129,Open,Mobile Unit/Pushcart,Mobile Unit/Pushcart,,Operational,"1 Royal Way
Kansas City, MISSOURI 64129
(39.054727, -94.486227)"
105388,Berg Event Space,Berg Event Space,1525 Grand,,Kansas City,MISSOURI,64108,Open,Bar/Tavern 10-20 Employees,Bar/Tavern,,Operational,"1525 Grand
Kansas City, MISSOURI 64108
(39.094951, -94.581158)"
104906,Chiefs Levy Founder's Club Action Station,Chiefs Levy Founder's Club Action Station,1 Arrowhead Drive,,Kansas City,MISSOURI,64129,Open,Restaurant/Deli 0-5 Employees,Restaurant/Deli,,Operational,"1 Arrowhead Drive
Kansas City, MISSOURI 64129
(39.051361, -94.49361)"
105066,Chiefs Jack Stack Barbecue Stand U326A,Chiefs Jack Stack Barbecue Stand U326A,1 Arrowhead Dr.,,Kansas City,MISSOURI,64129,Open,Restaurant/Deli 6-9 Employees,Restaurant/Deli,,Operational,"1 Arrowhead Dr.
Kansas City, MISSOURI 64129
(39.051361, -94.49361)"
105214,Save A Lot #461/4758,Save A Lot #461/4758,8501 Holmes Rd.,,Kansas City,MISSOURI,64131,Open,Retail Grocery/Market 3001-30000 sq. ft.,Retail Grocery/Market,,Operational,"8501 Holmes Rd.
Kansas City, MISSOURI 64131
(38.97338, -94.581169)"
518316,Aramark Convention Steam Table #2 518316,Aramark Convention Steam Table #2 518316,301 W 13th St,Suite 102,Kansas City,MISSOURI,64105,Open,Mobile Unit/Pushcart,Mobile Unit/Pushcart,,Operational,"301 W 13th St
Kansas City, MISSOURI 64105
(39.0988, -94.58697)"
105363,Town Topic Hamburgers,Town Topic Hamburgers,2021 Broadway,,Kansas City,MISSOURI,64108,Open,Restaurant/Deli 6-9 Employees,Restaurant/Deli,,Operational,"2021 Broadway
Kansas City, MISSOURI 64108
(39.088477, -94.588991)"
104019,Royals Aramark C-202 (Miller Lite Fountain Bar),Royals Aramark C-202 (Miller Lite Fountain Bar),1 Royal Way,,Kansas CIity,MISSOURI,64129,Open,Bar/Tavern 6-9 Employees,Bar/Tavern,,Operational,"1 Royal Way
Kansas CIity, MISSOURI 64129
(39.054727, -94.486227)"
104773,Curry In A Hurry,Curry In A Hurry,1100 Main St,,Kansas City,MISSOURI,64105,Open,Restaurant/Deli 0-5 Employees,Restaurant/Deli,,Operational,"1100 Main St
Kansas City, MISSOURI 64105
(39.100817, -94.583116)"
105563,Superior Mini Mart,Superior Mini Mart,3701  St. John Ave,,Kansas City,MISSOURI,64123,Open,Retail Grocery/Market Under 3000 sq. ft.,Retail Grocery/Market,,Operational,"3701 St. John Ave
Kansas City, MISSOURI 64123
(39.113076, -94.537011)"
103732,Sciandrone's Classic Touch,Sciandrone's Classic Touch,2450 Grand Blvd,102,Kansas City,MISSOURI,64108,Open,Retail Grocery/Market Under 3000 sq. ft.,Retail Grocery/Market,,Operational,"2450 Grand Blvd
Kansas City, MISSOURI 64108
(39.082903, -94.581877)"
500416,Crave of Kansas City 500416,Crave of Kansas City 500416,13014 W. 66th St.,,Shawnee,KANSAS,66216,Open,Mobile Unit/Pushcart,Mobile Unit/Pushcart,,Operational,"13014 W. 66th St.
Shawnee, KANSAS 66216
(39.00917, -94.737497)"
517715,Per Cup Coffees (Tiki Hut#3) 517715,Per Cup Coffees (Tiki Hut#3) 517715,301  W. 13th Street,,Kansas City,MISSOURI,64105,Open,Mobile Unit/Pushcart,Mobile Unit/Pushcart,,Operational,"301 W. 13th Street
Kansas City, MISSOURI 64105
(39.0988, -94.58697)"
103672,Northland Abundant Life Worship Center,Northland Abundant Life Worship Center,7700  N Church Rd.,,Kansas City,MISSOURI,64158,Open,Restaurant/Deli 0-5 Employees,Restaurant/Deli,,Operational,"7700 N Church Rd.
Kansas City, MISSOURI 64158
(39.232061, -94.465084)"
103938,Pizza Hut #4719,Pizza Hut #4719,7624 Wornall,,Kansas City,MISSOURI,64114,Open,Restaurant/Deli 21-40 Employees,Restaurant/Deli,,Operational,"7624 Wornall
Kansas City, MISSOURI 64114
(38.989526, -94.594395)"
104010,Qudos,Qudos,1116 Grand Blvd,,Kansas City,MISSOURI,64106,Open,Bar/Tavern 6-9 Employees,Bar/Tavern,,Operational,"1116 Grand Blvd
Kansas City, MISSOURI 64106
(39.10052, -94.580875)"
104515,Sol Cantina,Sol Cantina,408 E 31st ST,,Kansas City,MISSOURI,64108,Open,Restaurant/Deli 10-20 Employees,Restaurant/Deli,,Operational,"408 E 31st ST
Kansas City, MISSOURI 64108
(39.070807, -94.579569)"
105099,Port Fonda,Port Fonda,4141 Pennsylvania,,Kansas City,MISSOURI,64111,Open,Restaurant/Deli 10-20 Employees,Restaurant/Deli,,Operational,"4141 Pennsylvania
Kansas City, MISSOURI 64111
(39.051661, -94.590511)"
508215,Frosty Treats #52 508215,Frosty Treats #52 508215,620 E. Linwood Blvd.,,Kansas City,MISSOURI,64109,Open,Ice Cream Moblie Vendor,Ice Cream Moblie Vendor,,Operational,"620 E. Linwood Blvd.
Kansas City, MISSOURI 64109
(39.06889, -94.577547)"
103853,Target Starbucks,Target Store,9040 N Skyview Ave,,Kansas City,MISSOURI,64154,Open,Restaurant/Deli 6-9 Employees,Restaurant/Deli,http://target.com,Operational,"9040 N Skyview Ave
Kansas City, MISSOURI 64154
(39.264545, -94.656522)"
104819,Planet Sub,Planet Sub,8671 NW Prairie View,,Kansas City,MISSOURI,64153,Open,Restaurant/Deli 6-9 Employees,Restaurant/Deli,,Operational,"8671 NW Prairie View
Kansas City, MISSOURI 64153
(39.251195, -94.662016)"
103973,Grand Street Cafe,Grand Street Cafe,4740 Grand,,Kansas City,MISSOURI,64112,Open,Restaurant/Deli 41-60 Employees,Restaurant/Deli,,Operational,"4740 Grand
Kansas City, MISSOURI 64112
(39.041294, -94.585227)"
104072,Little Blue Elementary,Little Blue Elementary,13900 E 61st St,,Kansas City,MISSOURI,64133,Open,School - Public 0-5 Employees,School - Public; School - Public,,Operational,"13900 E 61st St
Kansas City, MISSOURI 64133
(39.01016, -94.419367)"
105970,Treat America @ YMCA Thomas-Roque,Treat America @ YMCA Thomas-Roque,3800 E. 51st Street,,Kansas City,MISSOURI,64130,Open,School - Private 0-5 Employees,School - Private,,Operational,"3800 E. 51st Street
Kansas City, MISSOURI 64130
(39.033253, -94.54091)"
104872,Chiefs Aramark Stand 101C,Chiefs Aramark Stand 101C,1 Arrowhead Dr,,Kansas City,MISSOURI,64129,Open,Restaurant/Deli 10-20 Employees,Restaurant/Deli,,Operational,"1 Arrowhead Dr
Kansas City, MISSOURI 64129
(39.051361, -94.49361)"
104419,Sodexo @ Boone Elementary,Sodexo @ Boone Elementary,8817 Wornall,,Kansas City,MISSOURI,64114,Open,School - Public 0-5 Employees,School - Public; School - Public,,Operational,"8817 Wornall
Kansas City, MISSOURI 64114
(38.967643, -94.595398)"
105653,Worlds of Fun Subway,Worlds of Fun Subway,4545 Worlds of Fun Ave,,Kansas City,MISSOURI,64161,Open,Restaurant/Deli 10-20 Employees,Restaurant/Deli,,Operational,"4545 Worlds of Fun Ave
Kansas City, MISSOURI 64161
(39.174532, -94.492423)"
105162,Subway #39418,Subway #39418,7715 NW Prairie View Rd,,Kansas City,MISSOURI,64152,Open,Restaurant/Deli 6-9 Employees,Restaurant/Deli,,Operational,"7715 NW Prairie View Rd
Kansas City, MISSOURI 64152
(39.234594, -94.658806)"
105071,Chiefs Aramark Stand 129 (End Zone Bar),Chiefs Aramark Stand 129 (End Zone Bar),1 Red Coat Ln,,Kansas City,MISSOURI,64129,Open,Bar/Tavern 10-20 Employees,Bar/Tavern,,Operational,"1 Red Coat Ln
Kansas City, MISSOURI 64129
(39.046976, -94.484283)"
105039,Afrikan Centered Education Collegium Campus Lower Campus,Afrikan Centered Education Collegium Campus Lower Campus,6410 Swope Parkway,,Kansas City,MISSOURI,64132,Open,Fee Exempt,Fee Exempt,,Operational,"6410 Swope Parkway
Kansas City, MISSOURI 64132
(39.007966, -94.542554)"
102270,Residence Inn by Marriott (market),Residence Inn by Marriott (market),10300 N Ambassador Dr,,Kansas City,MISSOURI,64153,Open,Retail Grocery/Market Under 3000 sq. ft.,Retail Grocery/Market,,Operational,"10300 N Ambassador Dr
Kansas City, MISSOURI 64153
(39.280879, -94.6715)"
104636,Gladstone Elementary,Gladstone Elementary,335 N. Elmwood,,Kansas City,MISSOURI,64123,Open,School - Public 0-5 Employees,School - Public; School - Public,,Operational,"335 N. Elmwood
Kansas City, MISSOURI 64123
(39.116011, -94.527849)"
105299,Waffle House,Waffle House,9700 NE Barry Rd.,,Kansas City,MISSOURI,64157,Open,Restaurant/Deli 10-20 Employees,Restaurant/Deli,,Operational,"9700 NE Barry Rd.
Kansas City, MISSOURI 64157
(39.244807, -94.45957)"
104179,Royals Aramark C-250B (Rivals Express),Royals Aramark C-250B (Rivals Express),1 Royal Way,,Kansas City,MISSOURI,64129,Open,Restaurant/Deli 10-20 Employees,Restaurant/Deli,,Operational,"1 Royal Way
Kansas City, MISSOURI 64129
(39.054727, -94.486227)"
103809,Taco Bell #420 - Linwood,Taco Bell #420 - Linwood,123  E Linwood,,Kansas City,MISSOURI,64111,Open,Restaurant/Deli 10-20 Employees,Restaurant/Deli,,Operational,"123 E Linwood
Kansas City, MISSOURI 64111
(39.068401, -94.583651)"
105001,Whittier Elementary School,Whittier Elementary School,1012 Bales,,Kansas City,MISSOURI,64127,Open,Fee Exempt,Fee Exempt,,Operational,"1012 Bales
Kansas City, MISSOURI 64127
(39.100278, -94.540967)"
104841,Chiefs Aramark Stand U343A,Chiefs Aramark Stand U343A,1 Arrowhead Drive,,Kansas City,MISSOURI,64129,Open,Restaurant/Deli 10-20 Employees,Restaurant/Deli,,Operational,"1 Arrowhead Drive
Kansas City, MISSOURI 64129
(39.051361, -94.49361)"
104925,Subway #7874,Subway #7874,6311 Troost,,Kansas City,MISSOURI,64131,Open,Restaurant/Deli 0-5 Employees,Restaurant/Deli,,Operational,"6311 Troost
Kansas City, MISSOURI 64131
(39.012751, -94.574596)"
104520,Winslow's BBQ,Winslow's BBQ,20 E 5th St,,Kansas City,MISSOURI,64106,Open,Restaurant/Deli 10-20 Employees,Restaurant/Deli,,Operational,"20 E 5th St
Kansas City, MISSOURI 64106
(39.108645, -94.581167)"
105219,Zocalo Mexican Cuisine & Tequileria,Zocalo Mexican Cuisine & Tequileria,620 W. 48th St.,,Kansas City,MISSOURI,64112,Open,Restaurant/Deli 41-60 Employees,Restaurant/Deli,http://chris@zocalokc.com,Operational,"620 W. 48th St.
Kansas City, MISSOURI 64112
(39.04064, -94.594837)"
518516,Frosty Treats #2 518516,Frosty Treats #2 518516,620 E. Linwood Blvd.,,Kansas City,MISSOURI,64109,Open,Ice Cream Moblie Vendor,Ice Cream Moblie Vendor,,Operational,"620 E. Linwood Blvd.
Kansas City, MISSOURI 64109
(39.06889, -94.577547)"
104940,Market 3 (retail),Market 3 (retail),114 W 3rd St,,Kansas City,MISSOURI,64105,Open,Retail Grocery/Market Under 3000 sq. ft.,Retail Grocery/Market,,Operational,"114 W 3rd St
Kansas City, MISSOURI 64105
(39.109442, -94.585435)"
505316,Royals Stadium Topsy's Popcorn#4 505316,Royals Stadium Topsy's Popcorn#4 505316,1 Royal Way,,Kansas City,MISSOURI,64129,Open,Mobile Unit/Pushcart,Mobile Unit/Pushcart,,Operational,"1 Royal Way
Kansas City, MISSOURI 64129
(39.054727, -94.486227)"
105700,Ozanam Home,Ozanam Home,421 East 137th,,Kansas City,MISSOURI,64145,Open,Restaurant/Deli 0-5 Employees,Restaurant/Deli,,Operational,"421 East 137th
Kansas City, MISSOURI 64145
(38.878932, -94.590135)"
106053,Alamo Drafthouse Mainstreet,Alamo Drafthouse Mainstreet,1400 Main St,,Kansas City,MISSOURI,64105,Open,Restaurant/Deli 21-40 Employees,Restaurant/Deli,,Operational,"1400 Main St
Kansas City, MISSOURI 64105
(39.09687, -94.583329)"
104187,Royals Aramark C-234 (Hot Corner Grill/Papa John's Pizza),Royals Aramark C-234 (Hot Corner Grill/Papa John's Pizza),1 Royal Way,,Kansas City,MISSOURI,64129,Open,Restaurant/Deli 10-20 Employees,Restaurant/Deli,,Operational,"1 Royal Way
Kansas City, MISSOURI 64129
(39.054727, -94.486227)"
104477,Fairfield Inn,Fairfield Inn,8101  N. Church Rd.,,Kansas City,MISSOURI,64158,Open,Restaurant/Deli 0-5 Employees,Restaurant/Deli,,Operational,"8101 N. Church Rd.
Kansas City, MISSOURI 64158
(39.240073, -94.460599)"
103974,Cosentino's Downtown Market (market),Cosentino's Downtown Market (market),10 E 13th St,,Kansas City,MISSOURI,64106,Open,Retail Grocery/Market 30001-40000 sq. ft.,Retail Grocery/Market,,Operational,"10 E 13th St
Kansas City, MISSOURI 64106
(39.098602, -94.583147)"
104682,Pizza Bella,Pizza Bella,1810 Baltimore,,Kansas City,MISSOURI,64108,Open,Restaurant/Deli 10-20 Employees,Restaurant/Deli,,Operational,"1810 Baltimore
Kansas City, MISSOURI 64108
(39.091445, -94.584774)"
105897,Truman Medical Center Behavioral Health,Truman Medical Center Behavioral Health,300 W 19th Terr,,Kansas City,MISSOURI,64108,Open,Retail Grocery/Market Under 3000 sq. ft.,Retail Grocery/Market,,Operational,"300 W 19th Terr
Kansas City, MISSOURI 64108
(39.090131, -94.587773)"
105287,"Seva, Cuisine of India","Seva, Cuisine of India",8674  NE Flintlock Rd.,,Kansas City,MISSOURI,64157,Open,Restaurant/Deli 6-9 Employees,Restaurant/Deli,,Operational,"8674 NE Flintlock Rd.
Kansas City, MISSOURI 64157
(39.247587, -94.465435)"
105321,Bonefish Grill,Bonefish Grill,6334 N. Lucerne Ave.,,Kansas City,MISSOURI,64151,Open,Restaurant/Deli 41-60 Employees,Restaurant/Deli,,Operational,"6334 N. Lucerne Ave.
Kansas City, MISSOURI 64151
(39.209128, -94.653096)"
104154,Ameristar Horizons Buffet/Chef's Garden,Ameristar Horizons Buffet/Chef's Garden,3200 Ameristar Dr.,,Kansas City,MISSOURI,64161,Open,Restaurant/Deli 6-9 Employees,Restaurant/Deli,,Operational,"3200 Ameristar Dr.
Kansas City, MISSOURI 64161
(39.150887, -94.482577)"
501015,Schwan's #519308 501015,Schwan's #519308 501015,3110 W HWY 40,,Blue Springs,MISSOURI,64015,Open,Truck/Tent Sales,Truck/Tent Sales,,Operational,"3110 W HWY 40
Blue Springs, MISSOURI 64015
(39.019727, -94.202619)"
105320,K-Mart #3239,K-Mart #3239,7100 NW Prairie View Rd,,Kansas City,MISSOURI,64152,Open,Retail Grocery/Market 60001-80000 sq. ft.,Retail Grocery/Market,,Operational,"7100 NW Prairie View Rd
Kansas City, MISSOURI 64152
(39.224146, -94.651237)"
800016,Abuelo's (catering),Abuelo's (catering),8541 NW Prairie View Rd,,Kansas City,MISSOURI,64153,Open,Catering Permit,Catering Permit,,Operational,"8541 NW Prairie View Rd
Kansas City, MISSOURI 64153
(39.249759, -94.661113)"
104155,Bell Prarie Elementary School,Bell Prarie Elementary School,3000 NE 108th St.,,Kansas City,MISSOURI,64156,Open,School - Public 0-5 Employees,School - Public; School - Public,http://www.nkcsd.k12.mo.us,Operational,"3000 NE 108th St.
Kansas City, MISSOURI 64156
(39.288753, -94.513297)"
104995,Banneker Elementary,Banneker Elementary,7050 Askew,,Kansas City,MISSOURI,64132,Open,Fee Exempt,Fee Exempt,,Operational,"7050 Askew
Kansas City, MISSOURI 64132
(38.998713, -94.545206)"
104463,Best Western Seville Plaza Hotel,Best Western Seville Plaza Hotel,4309 Main St.,,Kansas City,MISSOURI,64111,Open,Restaurant/Deli 0-5 Employees,Restaurant/Deli,,Operational,"4309 Main St.
Kansas City, MISSOURI 64111
(39.048806, -94.586556)"
105680,Hong's Buffet,Hong's Buffet,6151 NW Barry Rd,,Kansas City,MISSOURI,64154,Open,Restaurant/Deli 6-9 Employees,Restaurant/Deli,,Operational,"6151 NW Barry Rd
Kansas City, MISSOURI 64154
(39.246793, -94.650168)"
105180,Waffle House #1608,Waffle House #1608,9750 Prairie View Road,,Kansas City,MISSOURI,64153,Open,Restaurant/Deli 10-20 Employees,Restaurant/Deli,,Operational,"9750 Prairie View Road
Kansas City, MISSOURI 64153
(39.2718, -94.669729)"
104745,Gringo Loco-Neighborhood Market (deli),Gringo Loco-Neighborhood Market (deli),3825 Independence Ave,,Kansas City,MISSOURI,64124,Open,Restaurant/Deli 0-5 Employees,Restaurant/Deli,,Operational,"3825 Independence Ave
Kansas City, MISSOURI 64124
(39.105826, -94.536776)"
104178,Royals Aramark Crown Club,Royals Aramark Crown Club,1 Royal Way,,Kansas City,MISSOURI,64129,Open,Restaurant/Deli 10-20 Employees,Restaurant/Deli,,Operational,"1 Royal Way
Kansas City, MISSOURI 64129
(39.054727, -94.486227)"
104700,Westport Cafe & Bar,Westport Cafe & Bar,419 Westport Rd.,,Kansas City,MISSOURI,64111,Open,Restaurant/Deli 10-20 Employees,Restaurant/Deli,,Operational,"419 Westport Rd.
Kansas City, MISSOURI 64111
(39.053213, -94.590717)"
105227,Fuzzy's Taco Shop,Fuzzy's Taco Shop,10157 Wornall Rd.,,Kansas City,MISSOURI,64114,Open,Restaurant/Deli 10-20 Employees,Restaurant/Deli,,Operational,"10157 Wornall Rd.
Kansas City, MISSOURI 64114
(38.943247, -94.596551)"
102267,Residence Inn by Marriott,Residence Inn by Marriott,10300  N Ambassador Dr,,Kansas City,MISSOURI,64153,Open,Restaurant/Deli 6-9 Employees,Restaurant/Deli,,Operational,"10300 N Ambassador Dr
Kansas City, MISSOURI 64153
(39.280879, -94.6715)"
103833,Broadway Roasting Co.,Broadway Roasting Co.,4012  Washington,,Kansas City,MISSOURI,64111,Open,Restaurant/Deli 10-20 Employees,Restaurant/Deli,,Operational,"4012 Washington
Kansas City, MISSOURI 64111
(39.054662, -94.591402)"
F00030,Golden Rule Meats,Golden Rule Meats,20 E 5th St,,Kansas City,MISSOURI,64106,Open,Farmers Market Permit,Farmers Market Permit,,Operational,"20 E 5th St
Kansas City, MISSOURI 64106
(39.108645, -94.581167)"
509416,Frosty Treats #6 509416,Frosty Treats #6 509416,620 E Linwood,,Kansas City,MISSOURI,64109,Open,Ice Cream Moblie Vendor,Ice Cream Moblie Vendor,,Operational,"620 E Linwood
Kansas City, MISSOURI 64109
(39.06889, -94.577547)"
104858,Chiefs Aramark Stand 116C,Chiefs Aramark Stand 116C,1 Arrowhead Dr,,Kansas City,MISSOURI,64129,Open,Restaurant/Deli 10-20 Employees,Restaurant/Deli,,Operational,"1 Arrowhead Dr
Kansas City, MISSOURI 64129
(39.051361, -94.49361)"
800057,Gates Bar B Q Catering,Gates Bar B Q Catering,1325 Paseo Blvd.,,Kansas City,MISSOURI,64110,Open,Catering Permit,Catering Permit,,Operational,"1325 Paseo Blvd.
Kansas City, MISSOURI 64110
(39.097738, -94.563892)"
104258,Foreign Language Academy,Foreign Language Academy,3450  Warwick,,Kansas City,MISSOURI,64111,Open,School - Public 0-5 Employees,School - Public; School - Public,,Operational,"3450 Warwick
Kansas City, MISSOURI 64111
(39.063447, -94.583332)"
504916,Royals Stadium Topsy's Popcorn#3 504916,Royals Stadium Topsy's Popcorn#3 504916,1 Royal Way,,Kansas City,MISSOURI,64129,Open,Mobile Unit/Pushcart,Mobile Unit/Pushcart,,Operational,"1 Royal Way
Kansas City, MISSOURI 64129
(39.054727, -94.486227)"
105238,Dollar General #13375,Dollar General #13375,5501 E. Truman Rd.,,Kansas City,MISSOURI,64127,Open,Retail Grocery/Market 3001-30000 sq. ft.,Retail Grocery/Market,,Operational,"5501 E. Truman Rd.
Kansas City, MISSOURI 64127
(39.094076, -94.517903)"
520515,Schwan's #511184 520515,Schwan's #511184 520515,204  N. Evans St.,,Raymore ,MISSOURI,64083,Open,Truck/Tent Sales,Truck/Tent Sales,,Operational,"204 N. Evans St.
Raymore, MISSOURI 64083
(38.806711, -94.443377)"
800045,Chick Fil-A Catering Permit,Chick Fil-A Catering Permit,8551 State Line,,Kansas City,MISSOURI,64114,Open,Catering Permit,Catering Permit,,Operational,"8551 State Line
Kansas City, MISSOURI 64114
(38.97354, -94.608159)"
104968,Gator's,Gator's,9103 E 39th St,,Kansas CIty,MISSOURI,64133,Open,Restaurant/Deli 6-9 Employees,Restaurant/Deli,,Operational,"9103 E 39th St
Kansas CIty, MISSOURI 64133
(39.052379, -94.47062)"
103954,McDonald's #31076,McDonald's #31076,11290  Holmes,,Kansas City,MISSOURI,64131,Open,Restaurant/Deli 41-60 Employees,Restaurant/Deli,,Operational,"11290 Holmes
Kansas City, MISSOURI 64131
(38.921672, -94.583672)"
104847,Chiefs Aramark Stand L331B,Chiefs Aramark Stand L331B,1 Arrowhead Drive,,Kansas City,MISSOURI,64129,Open,Bar/Tavern 0-5 Employees,Bar/Tavern,,Operational,"1 Arrowhead Drive
Kansas City, MISSOURI 64129
(39.051361, -94.49361)"
105135,Bar Louie Kansas City,Bar Louie Kansas City,101  E 14th St,,Kansas City,MISSOURI,64106,Open,Restaurant/Deli 41-60 Employees,Restaurant/Deli,,Operational,"101 E 14th St
Kansas City, MISSOURI 64106
(39.097223, -94.582233)"
103915,Living Room Bar & Grill,Living Room Bar & Grill,1320 Grand Blvd,,Kansas City,MISSOURI,64105,Open,Bar/Tavern 10-20 Employees,Bar/Tavern,,Operational,"1320 Grand Blvd
Kansas City, MISSOURI 64105
(39.09781, -94.581013)"
104867,Chiefs Aramark Stand 121B,Chiefs Aramark Stand 121B,1  Arrowhead Dr,,Kansas City,MISSOURI,64129,Open,Bar/Tavern 0-5 Employees,Bar/Tavern,,Operational,"1 Arrowhead Dr
Kansas City, MISSOURI 64129
(39.051361, -94.49361)"
506716,Frosty Treats #19 506716,Frosty Treats #19 506716,620 E Linwood,,Kansas City,MISSOURI,64109,Open,Ice Cream Moblie Vendor,Ice Cream Moblie Vendor,,Operational,"620 E Linwood
Kansas City, MISSOURI 64109
(39.06889, -94.577547)"
105169,Hope Faith Ministries,Hope Faith Ministries,705 Virginia Ave,,Kansas City,MISSOURI,64106,Open,Restaurant/Deli 0-5 Employees,Restaurant/Deli,,Operational,"705 Virginia Ave
Kansas City, MISSOURI 64106
(39.104937, -94.565975)"
103780,Kansas City Academy,Kansas City Academy,7933 Main,,Kansas City,MISSOURI,64114,Open,School - Private 0-5 Employees,School - Private,,Operational,"7933 Main
Kansas City, MISSOURI 64114
(38.983898, -94.589995)"
105419,Garden Cafe at the Plaza,Garden Cafe at the Plaza,11828  NW Plaza Cir,,Kansas City,MISSOURI,64153,Open,Restaurant/Deli 6-9 Employees,Restaurant/Deli,,Operational,"11828 NW Plaza Cir
Kansas City, MISSOURI 64153
(39.308636, -94.6839)"
105889,Royals Aramark Captain Morgan Bar,Royals Aramark Captain Morgan Bar,1 Royal Way,,Kansas City,MISSOURI,64129,Open,Restaurant/Deli 10-20 Employees,Restaurant/Deli,,Operational,"1 Royal Way
Kansas City, MISSOURI 64129
(39.054727, -94.486227)"
104508,"Pardo's Grand Buffet Mexicano, LLC","Pardo's Grand Buffet Mexicano, LLC",904  SW Boulevard,,Kansas City,MISSOURI,64108,Open,Restaurant/Deli 6-9 Employees,Restaurant/Deli,,Operational,"904 SW Boulevard
Kansas City, MISSOURI 64108
(39.084081, -94.594924)"
505916,Royals Stadium DTF  Lemonade 505916,Royals Stadium DTF  Lemonade 505916,1 Royal Way,,Kansas City,MISSOURI,64129,Open,Mobile Unit/Pushcart,Mobile Unit/Pushcart,,Operational,"1 Royal Way
Kansas City, MISSOURI 64129
(39.054727, -94.486227)"
104597,Linwood BP,Linwood BP,3319 E Linwood Blvd,,Kansas City,MISSOURI,64128,Open,Retail Grocery/Market Under 3000 sq. ft.,Retail Grocery/Market,,Operational,"3319 E Linwood Blvd
Kansas City, MISSOURI 64128
(39.06776, -94.544082)"
105604,Friendly Bean Coffee,Friendly Bean Coffee,420 NE Barry Road,,Kansas City,MISSOURI,64155,Open,Restaurant/Deli 6-9 Employees,Restaurant/Deli,,Operational,"420 NE Barry Road
Kansas City, MISSOURI 64155
(39.246348, -94.574518)"
105053,McDonald's,McDonald's,11001 Hickman Mills Dr.,,Kansas City,MISSOURI,64134,Open,Restaurant/Deli 41-60 Employees,Restaurant/Deli,,Operational,"11001 Hickman Mills Dr.
Kansas City, MISSOURI 64134
(38.924393, -94.524148)"
105089,Jerusalem Cafe,Jerusalem Cafe,431  Westport,,Kansas City,MISSOURI,64111,Open,Restaurant/Deli 6-9 Employees,Restaurant/Deli,,Operational,"431 Westport
Kansas City, MISSOURI 64111
(39.053155, -94.590839)"
800150,Hy-Vee Food Store #3 (Catering),Hy-Vee Food Store #3 (Catering),5330 NW 64th St,,Kansas City,MISSOURI,64151,Open,Catering Permit,Catering Permit,http://1322cateringmgr@hy-vee.com,Operational,"5330 NW 64th St
Kansas City, MISSOURI 64151
(39.210515, -94.641863)"
104204,Royals Aramark C-417 (Hot Corner Grill/Fry Works/Crown Classics/Sw,Royals Aramark C-417 (Hot Corner Grill/Fry Works/Crown Classics/Sw,1 Royal Way,,Kansas City,MISSOURI,64129,Open,Restaurant/Deli 10-20 Employees,Restaurant/Deli,,Operational,"1 Royal Way
Kansas City, MISSOURI 64129
(39.054727, -94.486227)"
800004,Westin Crown Center Catering,Westin Crown Center Catering,1 E. Pershing Rd,,Kansas City,MISSOURI,64108,Open,Catering Permit,Catering Permit,,Operational,"1 E. Pershing Rd
Kansas City, MISSOURI 64108
(39.083995, -94.583523)"
105087,Uptown Arts Bar,Uptown Arts Bar,3611  Broadway,,Kansas City,MISSOURI,64111,Open,Restaurant/Deli 0-5 Employees,Restaurant/Deli,,Operational,"3611 Broadway
Kansas City, MISSOURI 64111
(39.061799, -94.590473)"
103785,Chick-Fil-A,Chick-Fil-A,8551 State Line,,Kansas City,MISSOURI,64114,Open,Restaurant/Deli 61-70 Employees,Restaurant/Deli,,Operational,"8551 State Line
Kansas City, MISSOURI 64114
(38.97354, -94.608159)"
F00032,Parker Farms Natural Meats,Parker Farms Natural Meats,1909  McGee St,,Kansas City,MISSOURI,64108,Open,Farmers Market Permit,Farmers Market Permit,,Operational,"1909 McGee St
Kansas City, MISSOURI 64108
(39.089851, -94.580249)"
103756,Quik Trip #238 (Deli),Quik Trip #238 (Deli),5025 NE Antioch Road ,,Kansas City,MISSOURI,64118,Open,Restaurant/Deli 10-20 Employees,Restaurant/Deli,,Operational,"5025 NE Antioch Road
Kansas City, MISSOURI 64118
(39.185568, -94.548785)"
105008,East High School,East High School,1924 Van Brunt,,Kansas City,MISSOURI,64127,Open,Fee Exempt,Fee Exempt,,Operational,"1924 Van Brunt
Kansas City, MISSOURI 64127
(39.088542, -94.519916)"
104590,Golden Seafood,Golden Seafood,2641 Van Brunt Blvd,,Kansas City,MISSOURI,64127,Open,Restaurant/Deli 0-5 Employees,Restaurant/Deli,,Operational,"2641 Van Brunt Blvd
Kansas City, MISSOURI 64127
(39.076378, -94.520255)"
102280,Subway,Subway,4209 Blue Parkway,,Kansas City,MISSOURI,64130,Open,Restaurant/Deli 6-9 Employees,Restaurant/Deli,,Operational,"4209 Blue Parkway
Kansas City, MISSOURI 64130
(39.034689, -94.536162)"
105051,Pizza Shoppe,Pizza Shoppe,13612 Washington,,Kansas City,MISSOURI,64145,Open,Restaurant/Deli 10-20 Employees,Restaurant/Deli,,Operational,"13612 Washington
Kansas City, MISSOURI 64145
(38.882284, -94.601261)"
105105,Carollo's City Market Grill,Carollo's City Market Grill,9 E 3rd St,,Kansas City,MISSOURI,64106,Open,Restaurant/Deli 0-5 Employees,Restaurant/Deli,,Operational,"9 E 3rd St
Kansas City, MISSOURI 64106
(39.109871, -94.583251)"
103885,Harley Davidson Motor Company,Harley Davidson Motor Company,11401 N Congress,,Kansas City,MISSOURI,64153,Open,Restaurant/Deli 0-5 Employees,Restaurant/Deli,,Operational,"11401 N Congress
Kansas City, MISSOURI 64153
(39.30369, -94.666746)"
603713,Grinders Ink VIP Bar,Grinders Ink VIP Bar,1828 Locust,,Kansas City,MISSOURI,64108,Open,Seasonal Permit,Seasonal Permit,,Operational,"1828 Locust
Kansas City, MISSOURI 64108
(39.091223, -94.577809)"
105401,Royals Aramark C-206 (Blvd Classics),Royals Aramark C-206 (Blvd Classics),1  Royal Way,,Kansas City,MISSOURI,64129,Open,Restaurant/Deli 6-9 Employees,Restaurant/Deli,,Operational,"1 Royal Way
Kansas City, MISSOURI 64129
(39.054727, -94.486227)"
104788,China Dragon,China Dragon,7930 Troost,,Kansas City,MISSOURI,64131,Open,Restaurant/Deli 0-5 Employees,Restaurant/Deli,,Operational,"7930 Troost
Kansas City, MISSOURI 64131
(38.982891, -94.576088)"
104026,Treat America @ Street Side Cafe,Treat America @ Street Side Cafe,208 W 10th St,,Kansas City,MISSOURI,64105,Open,Restaurant/Deli 0-5 Employees,Restaurant/Deli,,Operational,"208 W 10th St
Kansas City, MISSOURI 64105
(39.102294, -94.585592)"
104848,Chiefs Aramark Stand L317A,Chiefs Aramark Stand L317A,1 Arrowhead Drive,,Kansas City,MISSOURI,64129,Open,Bar/Tavern 0-5 Employees,Bar/Tavern,,Operational,"1 Arrowhead Drive
Kansas City, MISSOURI 64129
(39.051361, -94.49361)"
104462,Willie's Burritos,Willie's Burritos,6106  St. John,,Kansas City,MISSOURI,64123,Open,Restaurant/Deli 0-5 Employees,Restaurant/Deli,,Operational,"6106 St. John
Kansas City, MISSOURI 64123
(39.112146, -94.510086)"
105438,Lutfi's Fried Fish,Lutfi's Fried Fish,3037 Main,,Kansas City,MISSOURI,64108,Open,Restaurant/Deli 0-5 Employees,Restaurant/Deli,,Operational,"3037 Main
Kansas City, MISSOURI 64108
(39.071453, -94.585311)"
104955,Pour Boy Oil Co. - Market,Pour Boy Oil Co. - Market,8801  NE Birmingham,,Kansas City,MISSOURI,64161,Open,Retail Grocery/Market 3001-30000 sq. ft.,Retail Grocery/Market,,Operational,"8801 NE Birmingham
Kansas City, MISSOURI 64161
(39.157322, -94.47522)"
105555,Waffle House # 281,Waffle House # 281,4404 Antioch Road,,Kansas City,MISSOURI,64117,Open,Restaurant/Deli 10-20 Employees,Restaurant/Deli,,Operational,"4404 Antioch Road
Kansas City, MISSOURI 64117
(39.174474, -94.549011)"
104242,Express Stop #3 (Market),Express Stop #3 (Market),6201 St. John,,Kansas City,MISSOURI,64123,Open,Retail Grocery/Market Under 3000 sq. ft.,Retail Grocery/Market,,Operational,"6201 St. John
Kansas City, MISSOURI 64123
(39.112084, -94.50842)"
104586,Aladdin Hotel (retail),Aladdin Hotel (retail),1215 Wyandotte St,,Kansas City,MISSOURI,64105,Open,Retail Grocery/Market Under 3000 sq. ft.,Retail Grocery/Market,,Operational,"1215 Wyandotte St
Kansas City, MISSOURI 64105
(39.099448, -94.585594)"
102312,Danny Edwards Blvd BBQ,Danny Edwards Blvd BBQ,2900  SW Blvd,,Kansas City,MISSOURI,64108,Open,Restaurant/Deli 6-9 Employees,Restaurant/Deli,,Operational,"2900 SW Blvd
Kansas City, MISSOURI 64108
(39.074964, -94.603809)"
104197,Royals Aramark C-314 (Hot Corner Grill),Royals Aramark C-314 (Hot Corner Grill),1 Royal Way,,Kansas City,MISSOURI,64129,Open,Restaurant/Deli 10-20 Employees,Restaurant/Deli,http://lancie-george@aramark.com,Operational,"1 Royal Way
Kansas City, MISSOURI 64129
(39.054727, -94.486227)"
104240,Harvesters - The Community Food Network,Harvesters - The Community Food Network,3801 Topping Ave.,,Kansas City,MISSOURI,64129,Open,Restaurant/Deli 0-5 Employees,Restaurant/Deli,,Operational,"3801 Topping Ave.
Kansas City, MISSOURI 64129
(39.056262, -94.516647)"
104150,Brass Rail Sports Bar,Brass Rail Sports Bar,4940 NE 81st St.,,Kansas City,MISSOURI,64119,Open,Restaurant/Deli 21-40 Employees,Restaurant/Deli,,Operational,"4940 NE 81st St.
Kansas City, MISSOURI 64119
(39.240687, -94.522172)"
510115,Frosty Treats #30 510115,Frosty Treats #30 510115,620 E Linwood Blvd.,,Kansas City,MISSOURI,64109,Open,Ice Cream Moblie Vendor,Ice Cream Moblie Vendor,,Operational,"620 E Linwood Blvd.
Kansas City, MISSOURI 64109
(39.06889, -94.577547)"
800007,CALIFORNO'S (Catering),CALIFORNO'S (Catering),4124 Pennsylvania,,Kansas City,MISSOURI,64111,Open,Catering Permit,Catering Permit,,Operational,"4124 Pennsylvania
Kansas City, MISSOURI 64111
(39.052002, -94.590784)"
800028,Teocali Mexican Restaurant & Cantina Catering,Teocali Mexican Restaurant & Cantina Catering,2512 Holmes,,Kansas City,MISSOURI,64108,Open,Catering Permit,Catering Permit,,Operational,"2512 Holmes
Kansas City, MISSOURI 64108
(39.080976, -94.576004)"
505516,Royals Stadium DTF Cotton Candy 505516,Royals Stadium DTF Cotton Candy 505516,1 Royal Way,,Kansas City,MISSOURI,64129,Open,Mobile Unit/Pushcart,Mobile Unit/Pushcart,,Operational,"1 Royal Way
Kansas City, MISSOURI 64129
(39.054727, -94.486227)"
501216,Franks Foods 501216,Franks Foods 501216,4506  NE 104th St.,,Kansas City,MISSOURI,64156,Open,Mobile Unit/Pushcart,Mobile Unit/Pushcart,,Operational,"4506 NE 104th St.
Kansas City, MISSOURI 64156
(39.282059, -94.526423)"
104145,Walgreens #12114,Walgreens #12114,9700 N. Cedar Ave.,,Kansas City,MISSOURI,64157,Open,Retail Grocery/Market 3001-30000 sq. ft.,Retail Grocery/Market,,Operational,"9700 N. Cedar Ave.
Kansas City, MISSOURI 64157
(39.268864, -94.454038)"
500116,Running Wild BBQ 500116,Running Wild BBQ 500116,29805 E. State Route T,,Gorden City,MISSOURI,64747,Open,Mobile Unit/Pushcart,Mobile Unit/Pushcart,,Operational,"29805 E. State Route T
Gorden City, MISSOURI 64747
(38.528487, -94.256165)"
104775,Genessee Royale Bistro,Genessee Royale Bistro,1531 Genessee St,,Kansas City,MISSOURI,64102,Open,Restaurant/Deli 10-20 Employees,Restaurant/Deli,,Operational,"1531 Genessee St
Kansas City, MISSOURI 64102
(39.095686, -94.604886)"
104783,Glace Artisan Ice Cream,Glace Artisan Ice Cream,4960  Main,,Kansas City,MISSOURI,64112,Open,Restaurant/Deli 6-9 Employees,Restaurant/Deli,,Operational,"4960 Main
Kansas City, MISSOURI 64112
(39.037464, -94.58721)"
104664,QuikTrip #218,QuikTrip #218,7133 NW Barry Rd,,Kansas City,MISSOURI,64152,Open,Retail Grocery/Market 3001-30000 sq. ft.,Retail Grocery/Market,,Operational,"7133 NW Barry Rd
Kansas City, MISSOURI 64152
(39.246883, -94.663078)"
102129,Aladdin Cafe,Aladdin Cafe,3903 Wyoming St.,,Kansas City,MISSOURI,64111,Open,Restaurant/Deli 6-9 Employees,Restaurant/Deli,,Operational,"3903 Wyoming St.
Kansas City, MISSOURI 64111
(39.057178, -94.603751)"
103977,Fogo De Chao Churrascaria LLC,Fogo De Chao Churrascaria LLC,222 West 47th St,,Kansas City,MISSOURI,64112,Open,Restaurant/Deli 41-60 Employees,Restaurant/Deli,,Operational,"222 West 47th St
Kansas City, MISSOURI 64112
(39.042309, -94.589872)"
103916,Pizza Bar Patio Bar,Pizza Bar Patio Bar,1320 Grand Blvd,,Kansas City,MISSOURI,64106,Open,Bar/Tavern 21-40 Employees,Bar/Tavern,,Operational,"1320 Grand Blvd
Kansas City, MISSOURI 64106
(39.09781, -94.581013)"
518116,Aramark Convention Center Pretzel Cart 518116,Aramark Convention Center Pretzel Cart 518116,301 W 13th St,Suite 102,Kansas City,MISSOURI,64105,Open,Mobile Unit/Pushcart,Mobile Unit/Pushcart,,Operational,"301 W 13th St
Kansas City, MISSOURI 64105
(39.0988, -94.58697)"
105598,Panera Bread,Panera Bread,6301  Brookside Plaza ,,Kansas City,MISSOURI,64113,Open,Restaurant/Deli 21-40 Employees,Restaurant/Deli,,Operational,"6301 Brookside Plaza
Kansas City, MISSOURI 64113
(39.013788, -94.590644)"
104853,Chiefs Aramark Stand L308A,Chiefs Aramark Stand L308A,1 Arrowhead Drive,,Kansas City,MISSOURI,64129,Open,Bar/Tavern 0-5 Employees,Bar/Tavern,,Operational,"1 Arrowhead Drive
Kansas City, MISSOURI 64129
(39.051361, -94.49361)"
517816,Per Cup Coffees (Maui Wowi #1) 517816,Per Cup Coffees (Maui Wowi #1) 517816,1407 Grand Blvd.,,Kansas City,MISSOURI,64105,Open,Mobile Unit/Pushcart,Mobile Unit/Pushcart,,Operational,"1407 Grand Blvd.
Kansas City, MISSOURI 64105
(39.096868, -94.581061)"
105856,Sarpino's Pizzeria,Sarpino's Pizzeria,905B Westport Rd,,Kansas City,MISSOURI,64111,Open,Restaurant/Deli 10-20 Employees,Restaurant/Deli,,Operational,"905B Westport Rd
Kansas City, MISSOURI 64111
(39.050627, -94.597023)"
103738,New Frontiers,New Frontiers,2211  Charlotte,,Kansas City,MISSOURI,64108,Open,Restaurant/Deli 0-5 Employees,Restaurant/Deli,,Operational,"2211 Charlotte
Kansas City, MISSOURI 64108
(39.086034, -94.574591)"
800065,Tasso's Greek Restaurant Catering,Tasso's Greek Restaurant Catering,8411 Wornall,,Kansas City,MISSOURI,64114,Open,Catering Permit,Catering Permit,,Operational,"8411 Wornall
Kansas City, MISSOURI 64114
(38.976016, -94.595008)"
103986,Crowne Plaza Hotel - Starbucks Coffee,Crowne Plaza Hotel - Starbucks Coffee,1301 Wyandotte St,,Kansas City,MISSOURI,64105,Open,Restaurant/Deli 10-20 Employees,Restaurant/Deli,,Operational,"1301 Wyandotte St
Kansas City, MISSOURI 64105
(39.098741, -94.585616)"
800017,Webster House Catering,Webster House Catering,1644 Wyandotte,,Kansas City,MISSOURI,64108,Open,Catering Permit,Catering Permit,,Operational,"1644 Wyandotte
Kansas City, MISSOURI 64108
(39.092999, -94.585917)"
522116,Worlds of Fun - Mamba Dippin' Dots Cart 522116,Worlds of Fun - Mamba Dippin' Dots Cart 522116,4545 Worlds of Fun Avenue,,Kansas City,MISSOURI,64161,Open,Mobile Unit/Pushcart,Mobile Unit/Pushcart,,Operational,"4545 Worlds of Fun Avenue
Kansas City, MISSOURI 64161
(39.174532, -94.492423)"
103595,McFadden's Sports Saloon,McFadden's Sports Saloon,1330 Grand Blvd,,Kansas City,MISSOURI,64106,Open,Restaurant/Deli 41-60 Employees,Restaurant/Deli,,Operational,"1330 Grand Blvd
Kansas City, MISSOURI 64106
(39.097506, -94.581032)"
104510,Midland Theater - Chandelier Bar/Windows Bar,Midland Theater - Chandelier Bar/Windows Bar,1228 Main,,Kansas City,MISSOURI,64108,Open,Bar/Tavern 0-5 Employees,Bar/Tavern,,Operational,"1228 Main
Kansas City, MISSOURI 64108
(39.098856, -94.583228)"
508016,Frosty Treats #15 508016,Frosty Treats #15 508016,620 E LINWOOD BLVD,,KANSAS CITY,MISSOURI,64109,Open,Ice Cream Moblie Vendor,Ice Cream Moblie Vendor,,Operational,"620 E LINWOOD BLVD
KANSAS CITY, MISSOURI 64109
(39.06889, -94.577547)"
104760,Dickey's Barbecue #242,Dickey's Barbecue #242,9000 NW Skyview Rd,1600,Kansas City,MISSOURI,64154,Open,Restaurant/Deli 10-20 Employees,Restaurant/Deli,,Operational,"9000 NW Skyview Rd
Kansas City, MISSOURI 64154
(39.264159, -94.656521)"
104577,Blue Pot,Blue Pot,8133B Wornall Rd,,Kansas City,MISSOURI,64114,Open,Restaurant/Deli 0-5 Employees,Restaurant/Deli,http://chef@thebluepot.com,Operational,"8133B Wornall Rd
Kansas City, MISSOURI 64114
(38.980207, -94.594791)"
103904,Five Guys Burgers & Fries,Five Guys Burgers & Fries,8952 NW Skyview Ave,,Kansas City,MISSOURI,64154,Open,Restaurant/Deli 10-20 Employees,Restaurant/Deli,http://fiveguys.com,Operational,"8952 NW Skyview Ave
Kansas City, MISSOURI 64154
(39.258226, -94.651912)"
507316,Frosty Treats #16 507316,Frosty Treats #16 507316,620 E. Linwood Blvd.,,Kansas City,MISSOURI,64109,Open,Ice Cream Moblie Vendor,Ice Cream Moblie Vendor,,Operational,"620 E. Linwood Blvd.
Kansas City, MISSOURI 64109
(39.06889, -94.577547)"
104834,Chiefs Aramark Stand U320A,Chiefs Aramark Stand U320A,1 Arrowhead Drive,,Kansas City,MISSOURI,64129,Open,Restaurant/Deli 10-20 Employees,Restaurant/Deli,,Operational,"1 Arrowhead Drive
Kansas City, MISSOURI 64129
(39.051361, -94.49361)"
104027,St. James Place Kitchen,St. James Place Kitchen,3936 Troost,,Kansas City,MISSOURI,64110,Open,Restaurant/Deli 0-5 Employees,Restaurant/Deli,,Operational,"3936 Troost
Kansas City, MISSOURI 64110
(39.054801, -94.572183)"
104793,Della Lamb Community Services - Mabee Center,Della Lamb Community Services - Mabee Center,406 Woodland Ave,,Kansas City,MISSOURI,64106,Open,School - Private 0-5 Employees,School - Private,,Operational,"406 Woodland Ave
Kansas City, MISSOURI 64106
(39.109196, -94.559921)"
509015,Frosty Treats #33 509015,Frosty Treats #33 509015,620  E Linwood,,Kansas City,MISSOURI,64109,Open,Ice Cream Moblie Vendor,Ice Cream Moblie Vendor,,Operational,"620 E Linwood
Kansas City, MISSOURI 64109
(39.06889, -94.577547)"
105164,Subway,Subway,31 NW Barry Road,,Kansas City,MISSOURI,64155,Open,Restaurant/Deli 0-5 Employees,Restaurant/Deli,,Operational,"31 NW Barry Road
Kansas City, MISSOURI 64155
(39.246332, -94.582198)"
105005,Truman Town,Truman Town,4302 E. Truman Rd.,,Kansas City,MISSOURI,64127,Open,Retail Grocery/Market Under 3000 sq. ft.,Retail Grocery/Market,,Operational,"4302 E. Truman Rd.
Kansas City, MISSOURI 64127
(39.093981, -94.531764)"
105199,"Vee's Sweets and Treats, Inc.-Market","Vee's Sweets and Treats, Inc.-Market",8005  Paseo Blvd,,Kansas City,MISSOURI,64131,Open,Retail Grocery/Market Under 3000 sq. ft.,Retail Grocery/Market,,Operational,"8005 Paseo Blvd
Kansas City, MISSOURI 64131
(38.981983, -94.566937)"
523516,Grits N' Gravy 523516,Grits N' Gravy 523516,10719 Fremont Ave.,,Kansas City,MISSOURI,64134,Open,Mobile Unit/Pushcart,Mobile Unit/Pushcart,,Operational,"10719 Fremont Ave.
Kansas City, MISSOURI 64134
(38.929797, -94.515611)"
524716,Chiefs Topsy's Popcorn Cart 524716,Chiefs Topsy's Popcorn Cart 524716,1 Arrowhead Drive,,Kansas City,MISSOURI,64129,Open,Mobile Unit/Pushcart,Mobile Unit/Pushcart,,Operational,"1 Arrowhead Drive
Kansas City, MISSOURI 64129
(39.051361, -94.49361)"
105316,Hy-Vee Food Store #3 (Starbucks),Hy-Vee Food Store #3 (Starbucks),5330 NW 64th St,,Kansas City,MISSOURI,64151,Open,Restaurant/Deli 6-9 Employees,Restaurant/Deli,http://www.hy-vee.com,Operational,"5330 NW 64th St
Kansas City, MISSOURI 64151
(39.210515, -94.641863)"
103947,801 Chop House,801 Chop House,71 E 14th St,,Kansas City,MISSOURI,64105,Open,Restaurant/Deli 21-40 Employees,Restaurant/Deli,,Operational,"71 E 14th St
Kansas City, MISSOURI 64105
(39.097231, -94.582601)"
104623,Family Dollar Store #8368,Family Dollar Store #8368,7009 E. Bannister Rd.,,Kansas City,MISSOURI,64134,Open,Retail Grocery/Market Under 3000 sq. ft.,Retail Grocery/Market,,Operational,"7009 E. Bannister Rd.
Kansas City, MISSOURI 64134
(38.952341, -94.507824)"
104181,Royals Aramark C-137 (Crown Classics),Royals Aramark C-137 (Crown Classics),1 Royal Way,,Kansas City,MISSOURI,64129,Open,Restaurant/Deli 10-20 Employees,Restaurant/Deli,,Operational,"1 Royal Way
Kansas City, MISSOURI 64129
(39.054727, -94.486227)"
508516,Frosty Treats #11 508516,Frosty Treats #11 508516,620 E LINWOOD BLVD,,KANSAS CITY,MISSOURI,64109,Open,Ice Cream Moblie Vendor,Ice Cream Moblie Vendor,,Operational,"620 E LINWOOD BLVD
KANSAS CITY, MISSOURI 64109
(39.06889, -94.577547)"
800097,Hy-vee - Belton (Catering Permit),Hy-vee - Belton (Catering Permit),1307 East North Ave.,,Belton,MISSOURI,64012,Open,Catering Permit,Catering Permit,,Operational,"1307 East North Ave.
Belton, MISSOURI 64012
(38.813591, -94.513243)"
102244,Starbucks,Starbucks,207 NE Englewood Englewood,,Kansas City,MISSOURI,64118,Open,Restaurant/Deli 6-9 Employees,Restaurant/Deli,,Operational,"207 NE Englewood Englewood
Kansas City, MISSOURI 64118
(39.195994, -94.57985)"
102330,Save-A-Lot #445,Save-A-Lot #445,8744 Blue Ridge Blvd,,Kansas City,MISSOURI,64138,Open,Retail Grocery/Market 3001-30000 sq. ft.,Retail Grocery/Market,,Operational,"8744 Blue Ridge Blvd
Kansas City, MISSOURI 64138
(38.965065, -94.499644)"
105614,Wings Cafe,Wings Cafe,516 NW Englewood,,Kansas City,MISSOURI,64118,Open,Restaurant/Deli 0-5 Employees,Restaurant/Deli,,Operational,"516 NW Englewood
Kansas City, MISSOURI 64118
(39.195786, -94.587139)"
104060,Price Chopper #288 - Market,Price Chopper #288 - Market,9717  N. Ash Ave.,,Kansas City ,MISSOURI,64157,Open,Retail Grocery/Market 60001-80000 sq. ft.,Retail Grocery/Market,,Operational,"9717 N. Ash Ave.
Kansas City, MISSOURI 64157
(39.269726, -94.450306)"
104860,Chiefs Aramark Stand 131D,Chiefs Aramark Stand 131D,1 Arrowhead Drive,,Kansas City,MISSOURI,64129,Open,Restaurant/Deli 6-9 Employees,Restaurant/Deli,,Operational,"1 Arrowhead Drive
Kansas City, MISSOURI 64129
(39.051361, -94.49361)"
103757,Quik Trip #238 (Market),Quik Trip #238 (Market),5025  NE Antioch Road,,Kansas City,MISSOURI,64118,Open,Retail Grocery/Market 3001-30000 sq. ft.,Retail Grocery/Market,,Operational,"5025 NE Antioch Road
Kansas City, MISSOURI 64118
(39.185568, -94.548785)"
104176,Royals Aramark Press Club,Royals Aramark Press Club,1 Royal Way,,Kansas City,MISSOURI,64129,Open,Restaurant/Deli 0-5 Employees,Restaurant/Deli,http://lancie-george@aramark.com,Operational,"1 Royal Way
Kansas City, MISSOURI 64129
(39.054727, -94.486227)"
509316,Frosty Treats #57 509316,Frosty Treats #57 509316,620  E Linwood,,Kansas City,MISSOURI,64109,Open,Ice Cream Moblie Vendor,Ice Cream Moblie Vendor,,Operational,"620 E Linwood
Kansas City, MISSOURI 64109
(39.06889, -94.577547)"
103914,Jubaland Grill,Jubaland Grill,1315 Independence Ave,,Kansas City,MISSOURI,64106,Open,Restaurant/Deli 0-5 Employees,Restaurant/Deli,,Operational,"1315 Independence Ave
Kansas City, MISSOURI 64106
(39.106846, -94.566011)"
105511,QuikTrip #222 (Market),QuikTrip #222 (Market),8011 Stateline Rd.,,Kansas City,MISSOURI,64114,Open,Retail Grocery/Market 3001-30000 sq. ft.,Retail Grocery/Market,,Operational,"8011 Stateline Rd.
Kansas City, MISSOURI 64114
(38.983001, -94.608269)"
104905,Chiefs Levy Suite Pantry 204,Chiefs Levy Suite Pantry 204,1 Arrowhead Drive,,Kansas City,MISSOURI,64129,Open,Restaurant/Deli 10-20 Employees,Restaurant/Deli,,Operational,"1 Arrowhead Drive
Kansas City, MISSOURI 64129
(39.051361, -94.49361)"
104756,Trezomare Restaurant,Trezomare Restaurant,4105 N Mulberry Dr,,Kansas City,MISSOURI,64116,Open,Restaurant/Deli 41-60 Employees,Restaurant/Deli,,Operational,"4105 N Mulberry Dr
Kansas City, MISSOURI 64116
(39.168216, -94.597295)"
102212,Aldi #31,Aldi #31,721  Paseo Blvd,,Kansas City,MISSOURI,64106,Open,Retail Grocery/Market 3001-30000 sq. ft.,Retail Grocery/Market,,Operational,"721 Paseo Blvd
Kansas City, MISSOURI 64106
(39.104986, -94.563471)"
103935,Russell Jones Education Center,Russell Jones Education Center,7642 N Green Hills Rd,,Kansas City,MISSOURI,64151,Open,School - Public 0-5 Employees,School - Public; School - Public,,Operational,"7642 N Green Hills Rd
Kansas City, MISSOURI 64151
(39.234173, -94.631115)"
105957,Windstars Linwood-Retail,Windstars Linwood-Retail,922 E. Linwood Blvd,,Kansas City,MISSOURI,64109,Open,Retail Grocery/Market Under 3000 sq. ft.,Retail Grocery/Market,,Operational,"922 E. Linwood Blvd
Kansas City, MISSOURI 64109
(39.068716, -94.57295)"
504716,Frosty Treats #20 504716,Frosty Treats #20 504716,620 E Linwood,,Kansas City,MISSOURI,64109,Open,Ice Cream Moblie Vendor,Ice Cream Moblie Vendor,,Operational,"620 E Linwood
Kansas City, MISSOURI 64109
(39.06889, -94.577547)"
103852,Target Food Avenue - Pizza,Target Food Avenue - Pizza,9040 N Skyview Ave,,Kansas City,MISSOURI,64154,Open,Restaurant/Deli 10-20 Employees,Restaurant/Deli,http://target.com,Operational,"9040 N Skyview Ave
Kansas City, MISSOURI 64154
(39.264545, -94.656522)"
104983,Subway (3214 Main St.),Subway (3214 Main St.),3214 Main St.,,Kansas City,MISSOURI,64111,Open,Restaurant/Deli 6-9 Employees,Restaurant/Deli,,Operational,"3214 Main St.
Kansas City, MISSOURI 64111
(39.067986, -94.585444)"
103800,Center H.S. Booster Club-Indoor Concession Stand,Center H.S. Booster Club-Indoor Concession Stand,8715 Holmes Rd,,Kansas City,MISSOURI,64131,Open,Restaurant/Deli 0-5 Employees,Restaurant/Deli,,Operational,"8715 Holmes Rd
Kansas City, MISSOURI 64131
(38.969791, -94.581351)"
800049,The Well (Catering),The Well (Catering),7421 Broadway,,Kansas City,MISSOURI,64114,Open,Catering Permit,Catering Permit,,Operational,"7421 Broadway
Kansas City, MISSOURI 64114
(38.993585, -94.593774)"
105435,Bo Lings Chinese Restaurant,Bo Lings Chinese Restaurant,4701 Jefferson,,Kansas City,MISSOURI,64112,Open,Restaurant/Deli 21-40 Employees,Restaurant/Deli,,Operational,"4701 Jefferson
Kansas City, MISSOURI 64112
(39.04276, -94.594673)"
102310,Carniceria Lupe Restaurant,Carniceria Lupe Restaurant,802 Southwest Blvd,,Kansas City,MISSOURI,64108,Open,Restaurant/Deli 0-5 Employees,Restaurant/Deli,,Operational,"802 Southwest Blvd
Kansas City, MISSOURI 64108
(39.084661, -94.593907)"
106051,Amigoni Urban Winery,Amigoni Urban Winery,1505 Genessee St,100,Kansas City ,MISSOURI,64102,Open,Restaurant/Deli 0-5 Employees,Restaurant/Deli,,Operational,"1505 Genessee St
Kansas City, MISSOURI 64102
(39.095763, -94.604882)"
513516,Cajun Express Sno Ball Factory 513516,Cajun Express Sno Ball Factory 513516,6924 N Oak,,Gladstone,MISSOURI,64118,Open,Mobile Unit/Pushcart,Mobile Unit/Pushcart,,Operational,"6924 N Oak
Gladstone, MISSOURI 64118
(39.221091, -94.576111)"
524116,Lutfi's Fried Fish 524116,Lutfi's Fried Fish 524116,6633 Raytown Rd,,Raytown,MISSOURI,64133,Open,Mobile Unit/Pushcart,Mobile Unit/Pushcart,,Operational,"6633 Raytown Rd
Raytown, MISSOURI 64133
(39.001888, -94.463725)"
104989,City of Truth Church Ministry of H.O.P.E.,City of Truth Church Ministry of H.O.P.E.,3810 E. 56th St.,,Kansas City,MISSOURI,64130,Open,Retail Grocery/Market Under 3000 sq. ft.,Retail Grocery/Market,,Operational,"3810 E. 56th St.
Kansas City, MISSOURI 64130
(39.024218, -94.541205)"
103810,Nelson-Atkins Museum (Rozzelle Court Restaurant),Nelson-Atkins Museum (Rozzelle Court Restaurant),4525 Oak Street,,Kansas City,MISSOURI,64111,Open,Restaurant/Deli 10-20 Employees,Restaurant/Deli,,Operational,"4525 Oak Street
Kansas City, MISSOURI 64111
(39.04438, -94.582163)"
104196,Royals Aramark C-323B (Hot Corner Grill),Royals Aramark C-323B (Hot Corner Grill),1 Royal Way,,Kansas City,MISSOURI,64129,Open,Restaurant/Deli 6-9 Employees,Restaurant/Deli,http://lancie-george@aramark.com,Operational,"1 Royal Way
Kansas City, MISSOURI 64129
(39.054727, -94.486227)"
105859,Sahara Sheesha Lounge,Sahara Sheesha Lounge,1714 W. 39th St.,,Kansas City,MISSOURI,64111,Open,Restaurant/Deli 0-5 Employees,Restaurant/Deli,,Operational,"1714 W. 39th St.
Kansas City, MISSOURI 64111
(39.057284, -94.605775)"
520316,Top Dawg Productions 520316,Top Dawg Productions 520316,3824 Main,,Kansas City,MISSOURI,64111,Open,Mobile Unit/Pushcart,Mobile Unit/Pushcart,,Operational,"3824 Main
Kansas City, MISSOURI 64111
(39.057946, -94.586025)"
105875,Subway #52263,Subway #52263,1831 Independence Ave,,Kansas City,MISSOURI,64124,Open,Restaurant/Deli 6-9 Employees,Restaurant/Deli,,Operational,"1831 Independence Ave
Kansas City, MISSOURI 64124
(39.106591, -94.55884)"
104180,Royals Aramark C-250 (Rivals Sports Bar),Royals Aramark C-250 (Rivals Sports Bar),1 Royal Way,,Kansas City,MISSOURI,64129,Open,Restaurant/Deli 21-40 Employees,Restaurant/Deli,,Operational,"1 Royal Way
Kansas City, MISSOURI 64129
(39.054727, -94.486227)"
800100,Hy-vee - Lee's Summit (Catering Permit),Hy-vee - Lee's Summit (Catering Permit),301 NE Rice Road,,Lee's Summit,MISSOURI,64086,Open,Catering Permit,Catering Permit,,Operational,"301 NE Rice Road
Lee's Summit, MISSOURI 64086
(38.918494, -94.360573)"
547416,Chiefs DTF Cart 547416 - Kiosk 326,Chiefs DTF Cart 547416 - Kiosk 326,1 Arrowhead Dr.,,Kansas City,MISSOURI,64129,Open,Mobile Unit/Pushcart,Mobile Unit/Pushcart,,Operational,"1 Arrowhead Dr.
Kansas City, MISSOURI 64129
(39.051361, -94.49361)"
105986,Waffle House # 1006,Waffle House # 1006,6840 East Front St.,,Kansas City,MISSOURI,64120,Open,Restaurant/Deli 10-20 Employees,Restaurant/Deli,,Operational,"6840 East Front St.
Kansas City, MISSOURI 64120
(39.130254, -94.502137)"
509216,Frosty Treats #10 509216,Frosty Treats #10 509216,620 E. Linwood Blvd.,,Kansas City,MISSOURI,64109,Open,Ice Cream Moblie Vendor,Ice Cream Moblie Vendor,,Operational,"620 E. Linwood Blvd.
Kansas City, MISSOURI 64109
(39.06889, -94.577547)"
102282,Summit Pointe Elementary,Summit Pointe Elementary,13100 E. 147th St.,,Kansas City,MISSOURI,64149,Open,Fee Exempt,Fee Exempt,,Operational,"13100 E. 147th St.
Kansas City, MISSOURI 64149
(38.854192, -94.431778)"
105107,Carollo's Gourmet Deli,Carollo's Gourmet Deli,9 E 3rd St,,Kansas City,MISSOURI,64106,Open,Restaurant/Deli 0-5 Employees,Restaurant/Deli,,Operational,"9 E 3rd St
Kansas City, MISSOURI 64106
(39.109871, -94.583251)"
529816,Plates Express 529816,Plates Express 529816,1601 E 18th Street,,Kansas City,MISSOURI,64108,Open,Mobile Unit/Pushcart,Mobile Unit/Pushcart,,Operational,"1601 E 18th Street
Kansas City, MISSOURI 64108
(39.091191, -94.563063)"
525515,Bonito Michoacan 525515,Bonito Michoacan 525515,1150 Minnesota Ave,,Kansas City,KANSAS,66101,Open,Mobile Unit/Pushcart,Mobile Unit/Pushcart,,Operational,"1150 Minnesota Ave
Kansas City, KANSAS 66101
(39.115518, -94.640509)"
800203,Hy-Vee - Liberty (Catering Permit),Hy-Vee - Liberty (Catering Permit),109 Blue Jay Dr.,,LIberty,MISSOURI,64068,Open,Catering Permit,Catering Permit,,Operational,"109 Blue Jay Dr.
LIberty, MISSOURI 64068
(39.242622, -94.448994)"
105178,Subway (Kesri Investment Inc.),Subway (Kesri Investment Inc.),8642  N. Dixson Ave.,,Kansas City,MISSOURI,64153,Open,Restaurant/Deli 0-5 Employees,Restaurant/Deli,,Operational,"8642 N. Dixson Ave.
Kansas City, MISSOURI 64153
(39.251388, -94.665318)"
102185,Madrigall Martini Bar,Madrigall Martini Bar,1627 Oak,,Kansas City,MISSOURI,64108,Open,Bar/Tavern 0-5 Employees,Bar/Tavern,,Operational,"1627 Oak
Kansas City, MISSOURI 64108
(39.094084, -94.578842)"
512816,Royals Stadium Aramark PG 247 512816,Royals Stadium Aramark PG 247 512816,1 Royals Way,,Kansas City,MISSOURI,64129,Open,Mobile Unit/Pushcart,Mobile Unit/Pushcart,,Operational,"1 Royals Way
Kansas City, MISSOURI 64129
(39.054727, -94.486227)"
105963,Jam Down Kitchen,Jam Down Kitchen,6836 Prospect Avenue,,Kansas City,MISSOURI,62132,Open,Restaurant/Deli 0-5 Employees,Restaurant/Deli,,Operational,"6836 Prospect Avenue
Kansas City, MISSOURI 62132
(39.002072, -94.556711)"
105090,Jerusalem Cafe Hookah,Jerusalem Cafe Hookah,431 Westport,,Kansas City,MISSOURI,64111,Open,Restaurant/Deli 0-5 Employees,Restaurant/Deli,,Operational,"431 Westport
Kansas City, MISSOURI 64111
(39.053155, -94.590839)"
105063,Chiefs Jack Stack Barbecue Stand 130C,Chiefs Jack Stack Barbecue Stand 130C,1 Arrowhead Dr.,,Kansas City ,MISSOURI,64129,Open,Restaurant/Deli 6-9 Employees,Restaurant/Deli,,Operational,"1 Arrowhead Dr.
Kansas City, MISSOURI 64129
(39.051361, -94.49361)"
103720,Howl At The Moon,Howl At The Moon,1334 Grand Blvd,,Kansas City,MISSOURI,64106,Open,Bar/Tavern 21-40 Employees,Bar/Tavern,,Operational,"1334 Grand Blvd
Kansas City, MISSOURI 64106
(39.097363, -94.581041)"
104190,Royals Aramark C-213 (Crown Classics),Royals Aramark C-213 (Crown Classics),1 Royal Way,,Kansas City,MISSOURI,64129,Open,Restaurant/Deli 10-20 Employees,Restaurant/Deli,,Operational,"1 Royal Way
Kansas City, MISSOURI 64129
(39.054727, -94.486227)"
105101,Express Stop #2 (deli),Express Stop #2 (deli),4815 Independence Ave,,Kansas City,MISSOURI,64124,Open,Restaurant/Deli 0-5 Employees,Restaurant/Deli,,Operational,"4815 Independence Ave
Kansas City, MISSOURI 64124
(39.105407, -94.52493)"
521516,Worlds of Fun - Americana Dippin Dots Cart 521516,Worlds of Fun - Americana Dippin Dots Cart 521516,4545 Worlds of Fun Avenue,,Kansas City,MISSOURI,64161,Open,Mobile Unit/Pushcart,Mobile Unit/Pushcart,,Operational,"4545 Worlds of Fun Avenue
Kansas City, MISSOURI 64161
(39.174532, -94.492423)"
103699,Arby's Restaurant ,Arby's Restaurant ,8261 N. Oxford Ave.,,Kansas City,MISSOURI,64158,Open,Restaurant/Deli 10-20 Employees,Restaurant/Deli,http://www.arbys.com,Operational,"8261 N. Oxford Ave.
Kansas City, MISSOURI 64158
(39.243597, -94.465798)"
104198,Royals Aramark C-308 (Hot Corner Grill),Royals Aramark C-308 (Hot Corner Grill),1 Royal Way,,Kansas City,MISSOURI,64129,Open,Restaurant/Deli 10-20 Employees,Restaurant/Deli,http://lancie-george@aramark.com,Operational,"1 Royal Way
Kansas City, MISSOURI 64129
(39.054727, -94.486227)"
105327,Dirty Bird Bar & Grill,Dirty Bird Bar & Grill,6600 Blue Ridge Blvd.,,Kansas City,MISSOURI,64133,Open,Restaurant/Deli 0-5 Employees,Restaurant/Deli,,Operational,"6600 Blue Ridge Blvd.
Kansas City, MISSOURI 64133
(39.003954, -94.482179)"
104279,Burger King,Burger King,10517 Blue Ridge Blvd,,Kansas City,MISSOURI,64134,Open,Restaurant/Deli 41-60 Employees,Restaurant/Deli,,Operational,"10517 Blue Ridge Blvd
Kansas City, MISSOURI 64134
(38.932955, -94.507981)"
105383,Snow & Co.,Snow & Co.,1815 Wyandotte,,Kansas City,MISSOURI,64108,Open,Restaurant/Deli 0-5 Employees,Restaurant/Deli,,Operational,"1815 Wyandotte
Kansas City, MISSOURI 64108
(39.091251, -94.58599)"
102250,Holiday Inn Hotel - Plaza,Holiday Inn Hotel - Plaza,1 E. 45th Street,,Kansas City,MISSOURI,64111,Open,Restaurant/Deli 10-20 Employees,Restaurant/Deli,,Operational,"1 E. 45th Street
Kansas City, MISSOURI 64111
(39.045642, -94.586747)"
104902,Chiefs Aramark Stand 427,Chiefs Aramark Stand 427,1 Arrowhead Drive,,Kansas City,MISSOURI,64129,Open,Restaurant/Deli 6-9 Employees,Restaurant/Deli,,Operational,"1 Arrowhead Drive
Kansas City, MISSOURI 64129
(39.051361, -94.49361)"
800210,Bo Ling's Catering,Bo Ling's Catering,4701 Jefferson,,Kansas City,MISSOURI,64129,Open,Catering Permit,Catering Permit,,Operational,"4701 Jefferson
Kansas City, MISSOURI 64129
(39.04276, -94.594673)"
101771,Tikka House,Tikka House,411 Main St,,Kansas City,MISSOURI,64105,Open,Restaurant/Deli 0-5 Employees,Restaurant/Deli,,Operational,"411 Main St
Kansas City, MISSOURI 64105
(39.109416, -94.583148)"
500216,Wilma's 500216,Wilma's 500216,965 Sicklebar Dr.,,Peculiar,MISSOURI,64078,Open,Mobile Unit/Pushcart,Mobile Unit/Pushcart,,Operational,"965 Sicklebar Dr.
Peculiar, MISSOURI 64078
(38.737245, -94.446965)"
105602,World of Spirits (market),World of Spirits (market),1804 NE Parvin Rd,,Kansas City,MISSOURI,64116,Open,Retail Grocery/Market Under 3000 sq. ft.,Retail Grocery/Market,,Operational,"1804 NE Parvin Rd
Kansas City, MISSOURI 64116
(39.16678, -94.556799)"
104839,Chiefs Aramark Stand U345A,Chiefs Aramark Stand U345A,1 Arrowhead Drive,,Kansas City,MISSOURI,64129,Open,Restaurant/Deli 10-20 Employees,Restaurant/Deli,,Operational,"1 Arrowhead Drive
Kansas City, MISSOURI 64129
(39.051361, -94.49361)"
103749,Prospect Food Mart,Prospect Food Mart,1301 Prospect,,Kansas City,MISSOURI,64127,Open,Retail Grocery/Market Under 3000 sq. ft.,Retail Grocery/Market,,Operational,"1301 Prospect
Kansas City, MISSOURI 64127
(39.097336, -94.551498)"
106054,Alamo Drafthouse Mainstreet (Concessions 1),Alamo Drafthouse Mainstreet (Concessions 1),1400 Main St,,Kansas City,MISSOURI,64105,Open,Restaurant/Deli 0-5 Employees,Restaurant/Deli,,Operational,"1400 Main St
Kansas City, MISSOURI 64105
(39.09687, -94.583329)"
105655,Worlds of Fun Camp Snoopy,Worlds of Fun Camp Snoopy,4545 Worlds of Fun Ave.,,Kansas City,MISSOURI,64161,Open,Retail Grocery/Market Under 3000 sq. ft.,Retail Grocery/Market,http://www.worldsoffun.com,Operational,"4545 Worlds of Fun Ave.
Kansas City, MISSOURI 64161
(39.174532, -94.492423)"
103912,TeaDrops,TeaDrops,4111  Pennsylvania,,Kansas City,MISSOURI,64111,Open,Restaurant/Deli 6-9 Employees,Restaurant/Deli,,Operational,"4111 Pennsylvania
Kansas City, MISSOURI 64111
(39.052343, -94.591054)"
104506,QuikTrip #227 Deli,QuikTrip #227 Deli,3101 SW Boulevard,,Kansas City,MISSOURI,64108,Open,Restaurant/Deli 0-5 Employees,Restaurant/Deli,,Operational,"3101 SW Boulevard
Kansas City, MISSOURI 64108
(39.072613, -94.607152)"
104684,Fiorella's Jack Stack Freight House,Fiorella's Jack Stack Freight House,101 W 22nd,300,Kansas City,MISSOURI,64108,Open,Restaurant/Deli 91-100 Employees,Restaurant/Deli,,Operational,"101 W 22nd
Kansas City, MISSOURI 64108
(39.087731, -94.585177)"
800209,Cafe al Dente (catering),Cafe al Dente (catering),412 Delaware St,D,Kansas City ,MISSOURI,64105,Open,Catering Permit,Catering Permit,,Operational,"412 Delaware St
Kansas City, MISSOURI 64105
(39.108464, -94.584223)"
102233,Avila University/ Great Western Dining Services,Avila University/ Great Western Dining Services,11901 Wornall Rd.,,Kansas City,MISSOURI,64145,Open,Restaurant/Deli 10-20 Employees,Restaurant/Deli,,Operational,"11901 Wornall Rd.
Kansas City, MISSOURI 64145
(38.913332, -94.593516)"
800058,Sheraton Overland Park Catering,Sheraton Overland Park Catering,6100 College Blvd.,,Overland Park,KANSAS,66211,Open,Catering Permit,Catering Permit,http://,Operational,"6100 College Blvd.
Overland Park, KANSAS 66211
(38.927563, -94.657213)"
104846,Chiefs Aramark Stand L332B,Chiefs Aramark Stand L332B,1 Arrowhead Drive,,Kansas City,MISSOURI,64129,Open,Restaurant/Deli 6-9 Employees,Restaurant/Deli,,Operational,"1 Arrowhead Drive
Kansas City, MISSOURI 64129
(39.051361, -94.49361)"
105981,Royal Meadows Golf Course,Royal Meadows Golf Course,10501  East 47th Street,,Kansas City,MISSOURI,64133,Open,Restaurant/Deli 0-5 Employees,Restaurant/Deli,http://martystreiff@gmail.com,Operational,"10501 East 47th Street
Kansas City, MISSOURI 64133
(39.037257, -94.456391)"
104768,Hong Kong Supermarket,Hong Kong Supermarket,6421 E Truman Road,,Kansas City,MISSOURI,64126,Open,Retail Grocery/Market 3001-30000 sq. ft.,Retail Grocery/Market,,Operational,"6421 E Truman Road
Kansas City, MISSOURI 64126
(39.093808, -94.506996)"
102324,Club Rain,Club Rain,8015 Troost Ave.,,Kansas City,MISSOURI,64131,Open,Restaurant/Deli 0-5 Employees,Restaurant/Deli,,Operational,"8015 Troost Ave.
Kansas City, MISSOURI 64131
(38.982546, -94.576109)"
103725,Grand Slam Convenience (deli),Grand Slam Convenience (deli),631 Grand Blvd,,Kansas City,MISSOURI,64106,Open,Restaurant/Deli 6-9 Employees,Restaurant/Deli,,Operational,"631 Grand Blvd
Kansas City, MISSOURI 64106
(39.105847, -94.580397)"
F00002,"Pumpkins Etc., dba Grandma Ding's Fudge & More",Pumpkins Etc.Grandma Ding's Fudge,20 E 5th St,,Kansas City,MISSOURI,64106,Open,Farmers Market Permit,Farmers Market Permit,,Operational,"20 E 5th St
Kansas City, MISSOURI 64106
(39.108645, -94.581167)"
104220,Teetering Rocks Executive Links Golf Shop,Teetering Rocks Executive Links Golf Shop,12040  E 86th St,,Kansas City,MISSOURI,64138,Open,Restaurant/Deli 0-5 Employees,Restaurant/Deli,,Operational,"12040 E 86th St
Kansas City, MISSOURI 64138
(38.964944, -94.438503)"
104811,Candlewood Suites Northeast,Candlewood Suites Northeast,4450 N Randolph ,,Kansas City,MISSOURI,64117,Open,Retail Grocery/Market Under 3000 sq. ft.,Retail Grocery/Market,,Operational,"4450 N Randolph
Kansas City, MISSOURI 64117
(39.174554, -94.493748)"
104022,Pizza Hut #4729,Pizza Hut #4729,9515 Blue Ridge Blvd,,Kansas City,MISSOURI,64134,Open,Restaurant/Deli 21-40 Employees,Restaurant/Deli,,Operational,"9515 Blue Ridge Blvd
Kansas City, MISSOURI 64134
(38.951447, -94.508005)"
105093,Nature's Own Health Food Market,Nature's Own Health Food Market,4301 Main St.,,Kansas City,MISSOURI,64111,Open,Retail Grocery/Market 3001-30000 sq. ft.,Retail Grocery/Market,,Operational,"4301 Main St.
Kansas City, MISSOURI 64111
(39.04921, -94.586535)"
F00005,Bread of Life,Bread of Life,20 E 5th St,,Kansas City,MISSOURI,64106,Open,Farmers Market Permit,Farmers Market Permit,,Operational,"20 E 5th St
Kansas City, MISSOURI 64106
(39.108645, -94.581167)"
105191,Big D's Liquor and Groceries,Big D's Liquor and Groceries,3447-3449 Prospect,,Kansas City ,MISSOURI,64128,Open,Retail Grocery/Market Under 3000 sq. ft.,Retail Grocery/Market,,Operational,"3447-3449 Prospect
Kansas City, MISSOURI 64128
(39.062854, -94.553188)"
105137,Tasty Burger & Gyro,Tasty Burger & Gyro,1100 Main St,,Kansas City,MISSOURI,64105,Open,Restaurant/Deli 0-5 Employees,Restaurant/Deli,,Operational,"1100 Main St
Kansas City, MISSOURI 64105
(39.100817, -94.583116)"
104213,Hy-Vee Caribou Coffee,Hy-Vee Caribou Coffee,8301 N St Clair Ave,,Kansas City,MISSOURI,64151,Open,Restaurant/Deli 6-9 Employees,Restaurant/Deli,,Operational,"8301 N St Clair Ave
Kansas City, MISSOURI 64151
(39.245209, -94.646774)"
104268,Jose Pepper's Liberty LLC,Jose Pepper's Liberty LLC,9050  NE Barry Rd.,,Kansas City,MISSOURI,64157,Open,Restaurant/Deli 71-80 Employees,Restaurant/Deli,http://josepeppers.com,Operational,"9050 NE Barry Rd.
Kansas City, MISSOURI 64157
(39.244957, -94.467146)"
103939,Pizza Hut #4717,Pizza Hut #4717,10147 Wornall,,Kansas City,MISSOURI,64114,Open,Restaurant/Deli 10-20 Employees,Restaurant/Deli,,Operational,"10147 Wornall
Kansas City, MISSOURI 64114
(38.943578, -94.596535)"
800069,Swagat Fine Indian Cuisine/Catering,Swagat Fine Indian Cuisine/Catering,7407 NW 87th St,,Kansas City,MISSOURI,64153,Open,Catering Permit,Catering Permit,http://www.swagatkc.com,Operational,"7407 NW 87th St
Kansas City, MISSOURI 64153
(39.251545, -94.665022)"
104887,Chiefs Aramark Stand L338C Vending,Chiefs Aramark Stand L338C Vending,1 Arrowhead Drive,,Kansas City,MISSOURI,64129,Open,Restaurant/Deli 0-5 Employees,Restaurant/Deli,,Operational,"1 Arrowhead Drive
Kansas City, MISSOURI 64129
(39.051361, -94.49361)"
104173,Royals Aramark Diamond Club Bar,Royals Aramark Diamond Club Bar,1 Royal Way,,Kansas City,MISSOURI,64129,Open,Bar/Tavern 10-20 Employees,Bar/Tavern,http://lancie-george@aramark.com,Operational,"1 Royal Way
Kansas City, MISSOURI 64129
(39.054727, -94.486227)"
104255,Mamma Leon's Pizza,Mamma Leon's Pizza,650 E Red Bridge Rd,,Kansas City,MISSOURI,64131,Open,Restaurant/Deli 0-5 Employees,Restaurant/Deli,,Operational,"650 E Red Bridge Rd
Kansas City, MISSOURI 64131
(38.92599, -94.585421)"
527516,Chiefs Stadium Percup Cart #4 527516,Chiefs Stadium Percup Cart #4 527516,1 Arrowhead Dr.,,Kansas City,MISSOURI,64129,Open,Mobile Unit/Pushcart,Mobile Unit/Pushcart,,Operational,"1 Arrowhead Dr.
Kansas City, MISSOURI 64129
(39.051361, -94.49361)"
104291,Westin Crown Center Gift Shop,Westin Crown Center Gift Shop,1 Pershing Rd,,Kansas City,MISSOURI,64108,Open,Retail Grocery/Market Under 3000 sq. ft.,Retail Grocery/Market,,Operational,"1 Pershing Rd
Kansas City, MISSOURI 64108
(39.083995, -94.583523)"
105295,Hampton Inn,Hampton Inn,8551  N. Church Rd.,,Kansas City,MISSOURI,64158,Open,Restaurant/Deli 0-5 Employees,Restaurant/Deli,,Operational,"8551 N. Church Rd.
Kansas City, MISSOURI 64158
(39.246068, -94.456828)"
104625,Sonic Drive In #3427,Sonic Drive In #3427,10455 Blue Ridge Blvd.,,Kansas City,MISSOURI,64134,Open,Restaurant/Deli 10-20 Employees,Restaurant/Deli,,Operational,"10455 Blue Ridge Blvd.
Kansas City, MISSOURI 64134
(38.93504, -94.508285)"
510216,Frosty Treats #35 510216,Frosty Treats #35 510216,620 E Linwood Blvd,,Kansas City,MISSOURI,64109,Open,Ice Cream Moblie Vendor,Ice Cream Moblie Vendor,,Operational,"620 E Linwood Blvd
Kansas City, MISSOURI 64109
(39.06889, -94.577547)"
104175,Royals Aramark Main Kitchen,Royals Aramark Main Kitchen,1 Royal Way,,Kansas City,MISSOURI,64129,Open,Restaurant/Deli 41-60 Employees,Restaurant/Deli,http://lancie-george@aramark.com,Operational,"1 Royal Way
Kansas City, MISSOURI 64129
(39.054727, -94.486227)"
105050,Conoco Inner City Oil,Conoco Inner City Oil,4656 Prospect Avenue,,Kansas City,MISSOURI,64130,Open,Retail Grocery/Market Under 3000 sq. ft.,Retail Grocery/Market,,Operational,"4656 Prospect Avenue
Kansas City, MISSOURI 64130
(39.041592, -94.554331)"
506216,Royals Stadium DTF  Lemonade 506216,Royals Stadium DTF  Lemonade 506216,1 Royal Way,,Kansas City,MISSOURI,64129,Open,Mobile Unit/Pushcart,Mobile Unit/Pushcart,,Operational,"1 Royal Way
Kansas City, MISSOURI 64129
(39.054727, -94.486227)"
507516,Frosty Treats #22 507516,Frosty Treats #22 507516,620  E Linwood,,Kansas City,MISSOURI,64109,Open,Ice Cream Moblie Vendor,Ice Cream Moblie Vendor,,Operational,"620 E Linwood
Kansas City, MISSOURI 64109
(39.06889, -94.577547)"
104502,Chili's Grill & Bar,Chili's Grill & Bar,9600  NE Barry Rd.,,Kansas City,MISSOURI,64157,Open,Restaurant/Deli 41-60 Employees,Restaurant/Deli,,Operational,"9600 NE Barry Rd.
Kansas City, MISSOURI 64157
(39.244839, -94.460838)"
105519,Dunkin' Donuts,Dunkin' Donuts,10143 Wornall Rd.,,Kansas City,MISSOURI,64114,Open,Restaurant/Deli 21-40 Employees,Restaurant/Deli,,Operational,"10143 Wornall Rd.
Kansas City, MISSOURI 64114
(38.943449, -94.596541)"
104594,True Light Church of the Nazarene,True Light Church of the Nazarene,719 E 31st Street,,Kansas City,MISSOURI,64109,Open,Restaurant/Deli 10-20 Employees,Restaurant/Deli,,Operational,"719 E 31st Street
Kansas City, MISSOURI 64109
(39.070668, -94.575582)"
508116,Frosty Treats #4 508116,Frosty Treats #4 508116,620 E LINWOOD BLVD,,KANSAS CITY,MISSOURI,64109,Open,Ice Cream Moblie Vendor,Ice Cream Moblie Vendor,,Operational,"620 E LINWOOD BLVD
KANSAS CITY, MISSOURI 64109
(39.06889, -94.577547)"
104480,Fairfield Inn & Suites by Marriott (market),Fairfield Inn & Suites by Marriott (market),8101 N. Church Rd.,,Kansas City,MISSOURI,64158,Open,Retail Grocery/Market Under 3000 sq. ft.,Retail Grocery/Market,,Operational,"8101 N. Church Rd.
Kansas City, MISSOURI 64158
(39.240073, -94.460599)"
105012,Central High School,Central High School,3221 Indiana,,Kansas City,MISSOURI,64128,Open,Fee Exempt,Fee Exempt,,Operational,"3221 Indiana
Kansas City, MISSOURI 64128
(39.066904, -94.543768)"
103659,The Juke House,The Juke House,1700 E. 18th St.,,Kansas City,MISSOURI,64108,Open,Restaurant/Deli 6-9 Employees,Restaurant/Deli,http://kcjukehouse@yahoo.com,Operational,"1700 E. 18th St.
Kansas City, MISSOURI 64108
(39.091143, -94.56151)"
104439,The Mixx Downtown,The Mixx Downtown,1347 Main St,,Kansas City,MISSOURI,64105,Open,Restaurant/Deli 6-9 Employees,Restaurant/Deli,,Operational,"1347 Main St
Kansas City, MISSOURI 64105
(39.097979, -94.583278)"
104681,Grunauer's,Grunauer's,101 W 22nd St,,Kansas City,MISSOURI,64108,Open,Restaurant/Deli 21-40 Employees,Restaurant/Deli,,Operational,"101 W 22nd St
Kansas City, MISSOURI 64108
(39.087731, -94.585177)"
104938,Primitivo Garcia Elementary,Primitivo Garcia Elementary,1000 W 17th St,,Kansas City,MISSOURI,64108,Open,Fee Exempt,Fee Exempt,,Operational,"1000 W 17th St
Kansas City, MISSOURI 64108
(39.093138, -94.595962)"
800070,Culinary Creations @ Oak Park High School,Culinary Creations @ Oak Park High School,825 NE 79TH Terr,,Kansas City,MISSOURI,64118,Open,Catering Permit,Catering Permit,,Operational,"825 NE 79TH Terr
Kansas City, MISSOURI 64118
(39.23791, -94.56987)"
104394,Southeast Community Center,Southeast Community Center,4201 E 63rd St,,Kansas City,MISSOURI,64130,Open,Restaurant/Deli 0-5 Employees,Restaurant/Deli,,Operational,"4201 E 63rd St
Kansas City, MISSOURI 64130
(39.011894, -94.535221)"
105813,Days Inn @ Stadium,Days Inn @ Stadium,5100  E. Linwood Blvd.,,Kansas City,MISSOURI,64128,Open,Restaurant/Deli 0-5 Employees,Restaurant/Deli,,Operational,"5100 E. Linwood Blvd.
Kansas City, MISSOURI 64128
(39.069353, -94.52371)"
105102,Express Stop #2 (market),Express Stop #2 (market),4815  Independence Ave,,Kansas City,MISSOURI,64124,Open,Retail Grocery/Market 3001-30000 sq. ft.,Retail Grocery/Market,,Operational,"4815 Independence Ave
Kansas City, MISSOURI 64124
(39.105407, -94.52493)"
104710,Panchos Mexican Food LLC,Panchos Mexican Food LLC,3540  Main St.,,Kansas City,MISSOURI,64111,Open,Restaurant/Deli 6-9 Employees,Restaurant/Deli,,Operational,"3540 Main St.
Kansas City, MISSOURI 64111
(39.062782, -94.585738)"
104055,Dollar Tree,Dollar Tree,14201 E. 40 Hwy,,Kansas City,MISSOURI,64136,Open,Retail Grocery/Market 3001-30000 sq. ft.,Retail Grocery/Market,,Operational,"14201 E. 40 Hwy
Kansas City, MISSOURI 64136
(39.035419, -94.412853)"
800076,On The Border (Catering),On The Border (Catering),8340 NW Roanridge Rd,,Kansas City,MISSOURI,64151,Open,Catering Permit,Catering Permit,,Operational,"8340 NW Roanridge Rd
Kansas City, MISSOURI 64151
(39.245702, -94.656213)"
502216,Frank's at City Market 502216,Frank's at City Market 502216,1615  E 8th St,,Kansas City,MISSOURI,64106,Open,Mobile Unit/Pushcart,Mobile Unit/Pushcart,,Operational,"1615 E 8th St
Kansas City, MISSOURI 64106
(39.103791, -94.561807)"
105869,Carniceria El Torito #3 (market),Carniceria El Torito #3 (market),6200 Independence Ave,,Kansas City,MISSOURI,64125,Open,Retail Grocery/Market 3001-30000 sq. ft.,Retail Grocery/Market,,Operational,"6200 Independence Ave
Kansas City, MISSOURI 64125
(39.104821, -94.508845)"
525015,Chiefs Aramark PB 117 525015,Chiefs Aramark PB 117 525015,1 Arrowhead Drive,,Kansas City,MISSOURI,64129,Open,Mobile Unit/Pushcart,Mobile Unit/Pushcart,,Operational,"1 Arrowhead Drive
Kansas City, MISSOURI 64129
(39.051361, -94.49361)"
105969,Dollar General Store #13828,Dollar General Store #13828,7320  Prospect Avenue,,Kansas City,MISSOURI,64132,Open,Retail Grocery/Market Under 3000 sq. ft.,Retail Grocery/Market,,Operational,"7320 Prospect Avenue
Kansas City, MISSOURI 64132
(38.993156, -94.557171)"
106101,Hookah Haven,Hookah Haven,3631 Broadway,B,Kansas City,MISSOURI,64111,Open,Restaurant/Deli 0-5 Employees,Restaurant/Deli,,Operational,"3631 Broadway
Kansas City, MISSOURI 64111
(39.061193, -94.590508)"
F00043,Benedict Builders Farm,Benedict Builders Farm,309 W 79th St,,Kansas City,MISSOURI,64113,Open,Farmers Market Permit,Farmers Market Permit,,Operational,"309 W 79th St
Kansas City, MISSOURI 64113
(38.985007, -94.593088)"
103838,Fast Stop,Fast Stop,5020 Blue Ridge Cutoff,,Kansas City,MISSOURI,64133,Open,Retail Grocery/Market Under 3000 sq. ft.,Retail Grocery/Market,,Operational,"5020 Blue Ridge Cutoff
Kansas City, MISSOURI 64133
(39.031758, -94.479946)"
104792,Kansas City Community Kitchen,Kansas City Community Kitchen,750 Paseo Blvd,,Kansas City ,MISSOURI,64106,Open,Fee Exempt,Fee Exempt,,Operational,"750 Paseo Blvd
Kansas City, MISSOURI 64106
(39.104558, -94.563762)"
104713,Koko Teriyaki,Koko Teriyaki,1100  Main St,110,Kansas City,MISSOURI,64105,Open,Restaurant/Deli 0-5 Employees,Restaurant/Deli,http://koko-teriyaki.com,Operational,"1100 Main St
Kansas City, MISSOURI 64105
(39.100817, -94.583116)"
105701,Fleming #26 Market,Fleming #26 Market,12325 Stateline Rd,,Kansas City,MISSOURI,64145,Open,Retail Grocery/Market Under 3000 sq. ft.,Retail Grocery/Market,,Operational,"12325 Stateline Rd
Kansas City, MISSOURI 64145
(38.905416, -94.608012)"
104206,Royals Aramark C-410 (Hot Corner Grill),Royals Aramark C-410 (Hot Corner Grill),1 Royal Way,,Kansas City,MISSOURI,64129,Open,Restaurant/Deli 6-9 Employees,Restaurant/Deli,http://lancie-george@aramark.com,Operational,"1 Royal Way
Kansas City, MISSOURI 64129
(39.054727, -94.486227)"
104923,Shell,Shell,5401 NW 64th St,,Kansas City,MISSOURI,64151,Open,Retail Grocery/Market Under 3000 sq. ft.,Retail Grocery/Market,,Operational,"5401 NW 64th St
Kansas City, MISSOURI 64151
(39.210515, -94.642989)"
502516,McGonigle's Market Mobile 502516,McGonigle's Market Mobile 502516,1307  W 79th St,,Kansas City,MISSOURI,64114,Open,Mobile Unit/Pushcart,Mobile Unit/Pushcart,,Operational,"1307 W 79th St
Kansas City, MISSOURI 64114
(38.985531, -94.605684)"
105006,Wheatley Elementary School,Wheatley Elementary School,2415  Agnes,,Kansas City,MISSOURI,64127,Open,Fee Exempt,Fee Exempt,,Operational,"2415 Agnes
Kansas City, MISSOURI 64127
(39.082288, -94.547597)"
105354,One3 Studios,One3 Studios,419 E 18th St.,,Kansas City,MISSOURI,64108,Open,Bar/Tavern 0-5 Employees,Bar/Tavern,,Operational,"419 E 18th St.
Kansas City, MISSOURI 64108
(39.091607, -94.577996)"
800055,Los Tules Catering,Los Tules Catering,1656 Broadway,,Kansas City,MISSOURI,64108,Open,Catering Permit,Catering Permit,,Operational,"1656 Broadway
Kansas City, MISSOURI 64108
(39.093261, -94.58873)"
104203,Royals Aramark C-422 (Hot Corner Grill/Royals All Star Barbeque/Cr,Royals Aramark C-422 (Hot Corner Grill/Royals All Star Barbeque/Cr,1 Royal Way,,Kansas City,MISSOURI,64129,Open,Restaurant/Deli 10-20 Employees,Restaurant/Deli,,Operational,"1 Royal Way
Kansas City, MISSOURI 64129
(39.054727, -94.486227)"
527316,Deco Catering 527316,Deco Catering 527316,1407 SW Blvd,,Kansas City,MISSOURI,66103,Open,Mobile Unit/Pushcart,Mobile Unit/Pushcart,,Operational,"1407 SW Blvd
Kansas City, MISSOURI 66103
(39.084087, -94.594914)"
103966,Granite City Food & Brewery,Granite City Food & Brewery,8461 NW Prairie View Rd,,Kansas City,MISSOURI,64153,Open,Restaurant/Deli 71-80 Employees,Restaurant/Deli,,Operational,"8461 NW Prairie View Rd
Kansas City, MISSOURI 64153
(39.248772, -94.661093)"
104153,Kam Sheng,Kam Sheng,9774  N. Ash Ave.,,Kansas City,MISSOURI,64157,Open,Restaurant/Deli 0-5 Employees,Restaurant/Deli,,Operational,"9774 N. Ash Ave.
Kansas City, MISSOURI 64157
(39.26848, -94.451405)"
104469,Barry School,Barry School,2001 NW 87th Ter,,Kansas City,MISSOURI,64154,Open,Fee Exempt,Fee Exempt,,Operational,"2001 NW 87th Ter
Kansas City, MISSOURI 64154
(39.25289, -94.603763)"
F00040,Wells Family Farms,Wells Family Farms,6321 Wornall Rd,,Kansas City ,MISSOURI,64143,Open,Farmers Market Permit,Farmers Market Permit,,Operational,"6321 Wornall Rd
Kansas City, MISSOURI 64143
(39.013796, -94.593144)"
103897,Tomatillo Grill/Krispy Krunchy Chicken,Tomatillo Grill/Krispy Krunchy Chicken,1225 Wyoming St,,Kansas City,MISSOURI,64101,Open,Restaurant/Deli 0-5 Employees,Restaurant/Deli,,Operational,"1225 Wyoming St
Kansas City, MISSOURI 64101
(39.099527, -94.603557)"
104918,Paseo Academy of Fine and Performing Arts,Paseo Academy of Fine and Performing Arts,4747 Flora,,Kansas City,MISSOURI,64110,Open,Fee Exempt,Fee Exempt,,Operational,"4747 Flora
Kansas City, MISSOURI 64110
(39.039226, -94.566885)"
104688,K.C. Southside Optimist Club,K.C. Southside Optimist Club,11154  Blue Ridge Blvd,,Kansas City,MISSOURI,64134,Open,Restaurant/Deli 0-5 Employees,Restaurant/Deli,,Operational,"11154 Blue Ridge Blvd
Kansas City, MISSOURI 64134
(38.921661, -94.509566)"
603613,Grinders South Gate Bar,Grinders South Gate Bar,1828 Locust,,Kansas City ,MISSOURI,64108,Open,Seasonal Permit,Seasonal Permit,,Operational,"1828 Locust
Kansas City, MISSOURI 64108
(39.091223, -94.577809)"
105606,Rockstar,Rockstar,420  NW Englewood,,Kansas City,MISSOURI,64118,Open,Restaurant/Deli 6-9 Employees,Restaurant/Deli,,Operational,"420 NW Englewood
Kansas City, MISSOURI 64118
(39.195811, -94.586344)"
800088,Brio Tuscan Grille Catering Permit,Brio Tuscan Grille Catering Permit,502 Nichols Drive,,Kansas City,MISSOURI,64112,Open,Catering Permit,Catering Permit,,Operational,"502 Nichols Drive
Kansas City, MISSOURI 64112
(39.041342, -94.594157)"
105088,One Bite Sama Zama,One Bite Sama Zama,425 Westport Rd,,Kansas City,MISSOURI,64111,Open,Restaurant/Deli 0-5 Employees,Restaurant/Deli,,Operational,"425 Westport Rd
Kansas City, MISSOURI 64111
(39.053184, -94.590778)"
F00018,Nature's Choice,Nature's Choice,20 E 5th St,,Kansas City,MISSOURI,64106,Open,Farmers Market Permit,Farmers Market Permit,,Operational,"20 E 5th St
Kansas City, MISSOURI 64106
(39.108645, -94.581167)"
105866,KC Mide,KC Mide,2340 Jackson Ave,,Kansas City,MISSOURI,64127,Open,Retail Grocery/Market Under 3000 sq. ft.,Retail Grocery/Market,,Operational,"2340 Jackson Ave
Kansas City, MISSOURI 64127
(39.082282, -94.53381)"
517415,Per Cup Coffees (Tiki Hut #2) 517415,Per Cup Coffees (Tiki Hut #2) 517415,301 W 13th Street,,Kansas City,MISSOURI,64105,Open,Mobile Unit/Pushcart,Mobile Unit/Pushcart,,Operational,"301 W 13th Street
Kansas City, MISSOURI 64105
(39.0988, -94.58697)"
524616,Chiefs Aramark PG 135 524616,Chiefs Aramark PG 135 524616,1 Red Coat Lane,,Kansas City,MISSOURI,64129,Open,Mobile Unit/Pushcart,Mobile Unit/Pushcart,,Operational,"1 Red Coat Lane
Kansas City, MISSOURI 64129
(39.046976, -94.484283)"
105314,Hy-Vee Food Store #3 (Bakery),Hy-Vee Food Store #3 (Bakery),5330  NW 64th St,,Kansas City,MISSOURI,64151,Open,Retail Bakery 3001-30000 sq. ft.,Retail Bakery,http://www.hy-vee.com,Operational,"5330 NW 64th St
Kansas City, MISSOURI 64151
(39.210515, -94.641863)"
528516,Jalapeno Brother HD 528516,Jalapeno Brother HD 528516,6225 Winner Rd.,,Kansas City,MISSOURI,64125,Open,Mobile Unit/Pushcart,Mobile Unit/Pushcart,,Operational,"6225 Winner Rd.
Kansas City, MISSOURI 64125
(39.10454, -94.508788)"
507416,Frosty Treats #1 507416,Frosty Treats #1 507416,620  E Linwood,,Kansas City,MISSOURI,64109,Open,Ice Cream Moblie Vendor,Ice Cream Moblie Vendor,,Operational,"620 E Linwood
Kansas City, MISSOURI 64109
(39.06889, -94.577547)"
800157,Royals Aramark Main Kitchen Catering,Royals Aramark Main Kitchen Catering,1 Royal Way,,Kansas City,MISSOURI,64129,Open,Catering Permit,Catering Permit,,Operational,"1 Royal Way
Kansas City, MISSOURI 64129
(39.054727, -94.486227)"
800202,Sheridan's Frozen Custard Catering,Sheridan's Frozen Custard Catering,6825 W. 75th St,,Overland Park,KANSAS,66204,Open,Catering Permit,Catering Permit,,Operational,"6825 W. 75th St
Overland Park, KANSAS 66204
(38.993132, -94.665522)"
105608,Starbucks @ Target Store T-1177,Starbucks @ Target Store T-1177,8420  N Madison Ave,,Kansas City,MISSOURI,64155,Open,Restaurant/Deli 6-9 Employees,Restaurant/Deli,,Operational,"8420 N Madison Ave
Kansas City, MISSOURI 64155
(39.248262, -94.593727)"
800026,Danny Edwards Blvd BBQ Catering,Danny Edwards Blvd BBQ Catering,2900 SW Blvd,,Kansas City,MISSOURI,64108,Open,Catering Permit,Catering Permit,,Operational,"2900 SW Blvd
Kansas City, MISSOURI 64108
(39.074964, -94.603809)"
503716,El Si Hay De Camargo 503716,El Si Hay De Camargo 503716,3211 Independence Avenue,Apt. 4,Kansas City,MISSOURI,64124,Open,Mobile Unit/Pushcart,Mobile Unit/Pushcart,,Operational,"3211 Independence Avenue
Kansas City, MISSOURI 64124
(39.106032, -94.543342)"
548416,K.C. Zoo Pretzel Cart #1 548416,K.C. Zoo Pretzel Cart #1 548416,6800 Zoo Blvd,,Kansas City,MISSOURI,64132,Open,Mobile Unit/Pushcart,Mobile Unit/Pushcart,,Operational,"6800 Zoo Blvd
Kansas City, MISSOURI 64132
(39.00682, -94.53141)"
104063,Firehouse Subs,Firehouse Subs,4167 Sterling,,Kansas City,MISSOURI,64133,Open,Restaurant/Deli 10-20 Employees,Restaurant/Deli,http://djohnson@firehousesubs.com,Operational,"4167 Sterling
Kansas City, MISSOURI 64133
(39.046772, -94.447595)"
102190,Michael Smith,Michael Smith,1900 Main St.,,Kansas City,MISSOURI,64108,Open,Restaurant/Deli 21-40 Employees,Restaurant/Deli,,Operational,"1900 Main St.
Kansas City, MISSOURI 64108
(39.090153, -94.583658)"
103896,Staley High School,Staley High School,2800 NE Shoal Creek Pky,,Kansas City,MISSOURI,64156,Open,Restaurant/Deli 10-20 Employees,Restaurant/Deli,,Operational,"2800 NE Shoal Creek Pky
Kansas City, MISSOURI 64156
(39.287353, -94.546276)"
104961,Cloud 9 Convenience,Cloud 9 Convenience,7510 E 87th St.,,Kansas City,MISSOURI,64138,Open,Retail Grocery/Market Under 3000 sq. ft.,Retail Grocery/Market,,Operational,"7510 E 87th St.
Kansas City, MISSOURI 64138
(38.966513, -94.501083)"
800024,Pierpont's at Union Station Catering,Pierpont's at Union Station Catering,30 W Pershing Rd,,Kansas City,MISSOURI,64108,Open,Catering Permit,Catering Permit,,Operational,"30 W Pershing Rd
Kansas City, MISSOURI 64108
(39.084068, -94.584514)"
104884,Chiefs Aramark Stand 104B,Chiefs Aramark Stand 104B,1 Arrowhead Dr,,Kansas City,MISSOURI,64129,Open,Bar/Tavern 0-5 Employees,Bar/Tavern,,Operational,"1 Arrowhead Dr
Kansas City, MISSOURI 64129
(39.051361, -94.49361)"
104821,The Whopper Bar,The Whopper Bar,1350 Walnut St,,Kansas City,MISSOURI,64106,Open,Restaurant/Deli 10-20 Employees,Restaurant/Deli,,Operational,"1350 Walnut St
Kansas City, MISSOURI 64106
(39.097575, -94.582206)"
104168,The Farmhouse,The Farmhouse,300 Delaware St,,Kansas City,MISSOURI,64105,Open,Restaurant/Deli 21-40 Employees,Restaurant/Deli,http://eatatthefarmhouse@gmail.com,Operational,"300 Delaware St
Kansas City, MISSOURI 64105
(39.109612, -94.584589)"
522616,Oceans of Fun - Wave Pool Dippin' Dots Cart 522616,Oceans of Fun - Wave Pool Dippin' Dots Cart 522616,4545 Worlds of Fun Avenue,,Kansas City,MISSOURI,64161,Open,Mobile Unit/Pushcart,Mobile Unit/Pushcart,,Operational,"4545 Worlds of Fun Avenue
Kansas City, MISSOURI 64161
(39.174532, -94.492423)"
105808,Neighbors Lounge,Neighbors Lounge,9025  E. 35th Street,,Kansas City,MISSOURI,64129,Open,Restaurant/Deli 0-5 Employees,Restaurant/Deli,,Operational,"9025 E. 35th Street
Kansas City, MISSOURI 64129
(39.059653, -94.472489)"
104504,The Cafe @ Hallmark Cards,The Cafe @ Hallmark Cards,2501 McGee,,Kansas City,MISSOURI,64108,Open,Restaurant/Deli 6-9 Employees,Restaurant/Deli,,Operational,"2501 McGee
Kansas City, MISSOURI 64108
(39.080636, -94.580822)"
103755,Dollar Tree #4045,Dollar Tree #4045,6200 NW Barry Rd,,Kansas City,MISSOURI,64154,Open,Retail Grocery/Market 3001-30000 sq. ft.,Retail Grocery/Market,,Operational,"6200 NW Barry Rd
Kansas City, MISSOURI 64154
(39.246998, -94.649881)"
103955,China Dragon (Red Bridge),China Dragon (Red Bridge),529 E Red Bridge Rd,,Kansas City,MISSOURI,64131,Open,Restaurant/Deli 0-5 Employees,Restaurant/Deli,,Operational,"529 E Red Bridge Rd
Kansas City, MISSOURI 64131
(38.925837, -94.585516)"
104772,Millennium Super Stop #2 (deli),Millennium Super Stop #2 (deli),1601 W 12th St,,Kansas City,MISSOURI,64102,Open,Restaurant/Deli 0-5 Employees,Restaurant/Deli,,Operational,"1601 W 12th St
Kansas City, MISSOURI 64102
(39.100049, -94.60389)"
104849,Chiefs Aramark Stand L316B,Chiefs Aramark Stand L316B,1 Arrow Head Drive,,Kansas City,MISSOURI,64129,Open,Restaurant/Deli 10-20 Employees,Restaurant/Deli,,Operational,"1 Arrow Head Drive
Kansas City, MISSOURI 64129
(39.051361, -94.49361)"
104205,Royals Aramark C-413 (Papa John's Pizza/Hot Corner Grill),Royals Aramark C-413 (Papa John's Pizza/Hot Corner Grill),1 Royal Way,,Kansas City,MISSOURI,64129,Open,Restaurant/Deli 10-20 Employees,Restaurant/Deli,http://lancie-george@aramark.com,Operational,"1 Royal Way
Kansas City, MISSOURI 64129
(39.054727, -94.486227)"
104211,Sleep Inn,Sleep Inn,7611  NW 97th Ter,,Kansas City,MISSOURI,64153,Open,Restaurant/Deli 0-5 Employees,Restaurant/Deli,,Operational,"7611 NW 97th Ter
Kansas City, MISSOURI 64153
(39.270511, -94.669053)"
105312,C-Store 3 (market),C-Store 3 (market),3921 NW Barry Rd,,Kansas City,MISSOURI,64154,Open,Retail Grocery/Market Under 3000 sq. ft.,Retail Grocery/Market,,Operational,"3921 NW Barry Rd
Kansas City, MISSOURI 64154
(39.246441, -94.625979)"
104247,Hissho Sushi @ Hen House #29,Hissho Sushi @ Hen House #29,6238 N Chatham Ave,,Kansas City,MISSOURI,64151,Open,Restaurant/Deli 0-5 Employees,Restaurant/Deli,,Operational,"6238 N Chatham Ave
Kansas City, MISSOURI 64151
(39.209233, -94.643211)"
104195,Royals Aramark C-251 (Royals All-Star Barbeque),Royals Aramark C-251 (Royals All-Star Barbeque),1 Royal Way,,Kansas City,MISSOURI,64129,Open,Restaurant/Deli 10-20 Employees,Restaurant/Deli,http://lancie-george@aramark.com,Operational,"1 Royal Way
Kansas City, MISSOURI 64129
(39.054727, -94.486227)"
104235,Deke's BBQ,Deke's BBQ,5200 Raytown Rd.,,Kansas City,MISSOURI,64133,Open,Restaurant/Deli 0-5 Employees,Restaurant/Deli,,Operational,"5200 Raytown Rd.
Kansas City, MISSOURI 64133
(39.028623, -94.470049)"
103879,Riverstone Retirement Community,Riverstone Retirement Community,9000 N Congress,,Kansas City,MISSOURI,64153,Open,Restaurant/Deli 10-20 Employees,Restaurant/Deli,http://www.rlcommunities.com,Operational,"9000 N Congress
Kansas City, MISSOURI 64153
(39.258641, -94.668174)"
104421,The Well,The Well,7421 Broadway,,Kansas City,MISSOURI,64114,Open,Restaurant/Deli 10-20 Employees,Restaurant/Deli,,Operational,"7421 Broadway
Kansas City, MISSOURI 64114
(38.993585, -94.593774)"
800087,Julia(N) - Catering,Julia(N) - Catering,6227 Brookside Plaza,,Kansas City,MISSOURI,64113,Open,Catering Permit,Catering Permit,http://info@juliankc.com,Operational,"6227 Brookside Plaza
Kansas City, MISSOURI 64113
(39.014685, -94.590199)"
103893,China Feast,China Feast,3119 E  12th Street,,Kansas City,MISSOURI,64127,Open,Restaurant/Deli 6-9 Employees,Restaurant/Deli,,Operational,"3119 E 12th Street
Kansas City, MISSOURI 64127
(39.098617, -94.544841)"
606616,Waldo Tropical Sno,Waldo Tropical Sno,13416 Holmes,,Kansas City,MISSOURI,64145,Open,Seasonal Permit,Seasonal Permit,,Operational,"13416 Holmes
Kansas City, MISSOURI 64145
(38.883274, -94.58647)"
104440,Abarrotes Lore,Abarrotes Lore,1205 Hardesty,,Kansas City,MISSOURI,64127,Open,Restaurant/Deli 0-5 Employees,Restaurant/Deli,,Operational,"1205 Hardesty
Kansas City, MISSOURI 64127
(39.09768, -94.519155)"
103856,Moonlight Sushi & Grill,Moonlight Sushi & Grill,8678  NE Flintlock Rd.,,Kansas City,MISSOURI,64157,Open,Restaurant/Deli 6-9 Employees,Restaurant/Deli,,Operational,"8678 NE Flintlock Rd.
Kansas City, MISSOURI 64157
(39.24736, -94.465444)"
546116,El Tenedor 546116,El Tenedor 546116,815 W 17th St,,Kansas City,MISSOURI,64108,Open,Mobile Unit/Pushcart,Mobile Unit/Pushcart,,Operational,"815 W 17th St
Kansas City, MISSOURI 64108
(39.093066, -94.594057)"
516616,Kansas City Ice Cream Co. Inc. (Van HI TOP) 516616,Kansas City Ice Cream Co. Inc. (Van HI TOP) 516616,5300 Gardner,,Kansas City,MISSOURI,64120,Open,Ice Cream Moblie Vendor,Ice Cream Moblie Vendor,,Operational,"5300 Gardner
Kansas City, MISSOURI 64120
(39.126969, -94.520603)"
800032,McGonigles Market Catering,McGonigles Market Catering,1307  W 79th,,Kansas City,MISSOURI,64114,Open,Catering Permit,Catering Permit,,Operational,"1307 W 79th
Kansas City, MISSOURI 64114
(38.985531, -94.605684)"
800253,Bon Appetit Lets Eat,Bon Appetit Lets Eat,4300 N. Corrington Ave,,Kansas City,MISSOURI,64117,Open,Catering Permit,Catering Permit,,Operational,"4300 N. Corrington Ave
Kansas City, MISSOURI 64117
(39.16985, -94.49562)"
549412,Starlight Theatre Margarita Cart 549412,Starlight Theatre Margarita Cart 549412,4600 Starlight Rd,,Kansas City,MISSOURI,64132,Open,Mobile Unit/Pushcart,,,Operational,"4600 Starlight Rd
Kansas City, MISSOURI 64132
(39.009406, -94.532417)"
104061,Price Chopper #288 Bakery,Price Chopper #288 Bakery,9717  N. Ash Ave.,,Kansas City,MISSOURI,64157,Open,Restaurant/Deli 10-20 Employees,Restaurant/Deli,,Operational,"9717 N. Ash Ave.
Kansas City, MISSOURI 64157
(39.269726, -94.450306)"
105718,Murray's Tables & Tap,Murray's Tables & Tap,12921 State Line Rd,,Kansas City,MISSOURI,64145,Open,Restaurant/Deli 41-60 Employees,Restaurant/Deli,,Operational,"12921 State Line Rd
Kansas City, MISSOURI 64145
(38.893595, -94.607981)"
104875,Chiefs Aramark Stand 134B,Chiefs Aramark Stand 134B,1 Arrowhead Drive,,Kansas City,MISSOURI,64129,Open,Bar/Tavern 0-5 Employees,Bar/Tavern,,Operational,"1 Arrowhead Drive
Kansas City, MISSOURI 64129
(39.051361, -94.49361)"
104927,Andre's Confiserie Suisse (Restaurant),Andre's Confiserie Suisse (Restaurant),5018 Main,,Kansas City,MISSOURI,64112,Open,Restaurant/Deli 0-5 Employees,Restaurant/Deli,http://customer_service@andreschocola,Operational,"5018 Main
Kansas City, MISSOURI 64112
(39.036158, -94.587271)"
104062,Price Chopper #288-Deli,Price Chopper #288-Deli,9717 N. Ash Ave.,,Kansas City,MISSOURI,64157,Open,Restaurant/Deli 10-20 Employees,Restaurant/Deli,,Operational,"9717 N. Ash Ave.
Kansas City, MISSOURI 64157
(39.269726, -94.450306)"
104815,Lemon Tree Frozen Yogurt,Lemon Tree Frozen Yogurt,8676  NE Flintlock Rd.,,Kansas City,MISSOURI,64157,Open,Restaurant/Deli 0-5 Employees,Restaurant/Deli,,Operational,"8676 NE Flintlock Rd.
Kansas City, MISSOURI 64157
(39.247613, -94.465433)"
104730,Fiorella's Jack Stack of Martin City,Fiorella's Jack Stack of Martin City,13441 Holmes,,Kansas City,MISSOURI,64145,Open,Restaurant/Deli 91-100 Employees,Restaurant/Deli,,Operational,"13441 Holmes
Kansas City, MISSOURI 64145
(38.883339, -94.586464)"
105393,Marble Top Cafe,Marble Top Cafe,8436 Ward Parkway,,Kansas City,MISSOURI,64114,Open,Restaurant/Deli 0-5 Employees,Restaurant/Deli,,Operational,"8436 Ward Parkway
Kansas City, MISSOURI 64114
(38.975803, -94.606928)"
102134,St John Burgers,St John Burgers,6200 St John,,Kansas City,MISSOURI,64123,Open,Restaurant/Deli 0-5 Employees,Restaurant/Deli,,Operational,"6200 St John
Kansas City, MISSOURI 64123
(39.112085, -94.508449)"
506916,Frosty Treats #45 506916,Frosty Treats #45 506916,620  E Linwood,,Kansas City,MISSOURI,64109,Open,Ice Cream Moblie Vendor,Ice Cream Moblie Vendor,,Operational,"620 E Linwood
Kansas City, MISSOURI 64109
(39.06889, -94.577547)"
105119,Elvira's Cakes (market),Elvira's Cakes (market),3838  Independence Ave,,Kansas City,MISSOURI,64124,Open,Retail Grocery/Market 3001-30000 sq. ft.,Retail Grocery/Market,,Operational,"3838 Independence Ave
Kansas City, MISSOURI 64124
(39.105799, -94.535939)"
104174,Royals Aramark Diamond Club Deli Stand,Royals Aramark Diamond Club Deli Stand,1 Royal Way,,Kansas City,MISSOURI,64129,Open,Restaurant/Deli 0-5 Employees,Restaurant/Deli,http://lancie-george@aramark.com,Operational,"1 Royal Way
Kansas City, MISSOURI 64129
(39.054727, -94.486227)"
800033,Stroud's Oakridge (catering),Stroud's Oakridge (catering),5410 NE Oakridge Rd.,,Kansas City,MISSOURI,64119,Open,Catering Permit,Catering Permit,,Operational,"5410 NE Oakridge Rd.
Kansas City, MISSOURI 64119
(39.193755, -94.512907)"
520816,KC Smoke Burgers 520816,KC Smoke Burgers 520816,431 Westport Rd,,Kansas City,MISSOURI,64111,Open,Mobile Unit/Pushcart,Mobile Unit/Pushcart,,Operational,"431 Westport Rd
Kansas City, MISSOURI 64111
(39.053155, -94.590839)"
105506,KFC/LJS,KFC/LJS,420 W. 85th St.,,Kansas City,MISSOURI,64114,Open,Restaurant/Deli 10-20 Employees,Restaurant/Deli,,Operational,"420 W. 85th St.
Kansas City, MISSOURI 64114
(38.974277, -94.596403)"
104420,Sodexo at Center Elementary,Sodexo at Center Elementary,8401  Euclid,,Kansas City,MISSOURI,64132,Open,School - Public 0-5 Employees,School - Public; School - Public,,Operational,"8401 Euclid
Kansas City, MISSOURI 64132
(38.97397, -94.565012)"
104661,GB Chinese,GB Chinese,4820 N Oak Trafficway,,Kansas City,MISSOURI,64118,Open,Restaurant/Deli 0-5 Employees,Restaurant/Deli,,Operational,"4820 N Oak Trafficway
Kansas City, MISSOURI 64118
(39.182432, -94.576717)"
104984,Chiefs Aramark Stand U321,Chiefs Aramark Stand U321,1 Arrowhead Drive,,Kansas City,MISSOURI,64129,Open,Restaurant/Deli 10-20 Employees,Restaurant/Deli,,Operational,"1 Arrowhead Drive
Kansas City, MISSOURI 64129
(39.051361, -94.49361)"
104127,The Brew Top,The Brew Top,8614 N Boardwalk Ave,,Kansas City ,MISSOURI,64154,Open,Restaurant/Deli 10-20 Employees,Restaurant/Deli,http://www.thebrewtop.com,Operational,"8614 N Boardwalk Ave
Kansas City, MISSOURI 64154
(39.252551, -94.651746)"
104761,Abarrotes Lore,Abarrotes Lore,1205 Hardesty Avenue,,Kansas City,MISSOURI,64127,Open,Retail Grocery/Market Under 3000 sq. ft.,Retail Grocery/Market,,Operational,"1205 Hardesty Avenue
Kansas City, MISSOURI 64127
(39.09768, -94.519155)"
105307,Papa John's Pizza #1554,Papa John's Pizza #1554,7110 NW Prairie View Rd,,Kansas City,MISSOURI,64151,Open,Restaurant/Deli 10-20 Employees,Restaurant/Deli,,Operational,"7110 NW Prairie View Rd
Kansas City, MISSOURI 64151
(39.224526, -94.651567)"
104922,Courtyard by Marriott (Market),Courtyard by Marriott (Market),4600 JC Nichlos Parkway,,Kansas City,MISSOURI,64112,Open,Retail Grocery/Market Under 3000 sq. ft.,Retail Grocery/Market,,Operational,"4600 JC Nichlos Parkway
Kansas City, MISSOURI 64112
(39.04356, -94.58831)"
104635,Border Star Montessori,Border Star Montessori,6321 Wornall Rd.,,Kansas City,MISSOURI,64113,Open,School - Public 0-5 Employees,School - Public; School - Public,,Operational,"6321 Wornall Rd.
Kansas City, MISSOURI 64113
(39.013796, -94.593144)"
105113,La Flor de Chiapas,La Flor de Chiapas,3253 Independence Ave,,Kansas City,MISSOURI,64124,Open,Restaurant/Deli 0-5 Employees,Restaurant/Deli,,Operational,"3253 Independence Ave
Kansas City, MISSOURI 64124
(39.105995, -94.54204)"
104904,Chiefs Aramark Stand 109C,Chiefs Aramark Stand 109C,1 Arrowhead Dr,,Kansas City,MISSOURI,64129,Open,Restaurant/Deli 21-40 Employees,Restaurant/Deli,,Operational,"1 Arrowhead Dr
Kansas City, MISSOURI 64129
(39.051361, -94.49361)"
102024,CVS Pharmacy #8567,CVS Pharmacy #8567,5011  Main Street,,Kansas City ,MISSOURI,64112,Open,Retail Grocery/Market 3001-30000 sq. ft.,Retail Grocery/Market,,Operational,"5011 Main Street
Kansas City, MISSOURI 64112
(39.036297, -94.587266)"
104017,Paseo BP (retail),Paseo BP (retail),1500 Paseo,,Kansas City,MISSOURI,64108,Open,Retail Grocery/Market Under 3000 sq. ft.,Retail Grocery/Market,,Operational,"1500 Paseo
Kansas City, MISSOURI 64108
(39.094813, -94.564568)"
104919,Sahara,Sahara,320 E. 51st,,Kansas City,MISSOURI,64112,Open,Restaurant/Deli 0-5 Employees,Restaurant/Deli,,Operational,"320 E. 51st
Kansas City, MISSOURI 64112
(39.034755, -94.583656)"
504515,The Funnel Cake 504515,The Funnel Cake 504515,6200 Troost,,Kansas City,MISSOURI,64110,Open,Mobile Unit/Pushcart,Mobile Unit/Pushcart,,Operational,"6200 Troost
Kansas City, MISSOURI 64110
(39.01465, -94.574502)"
104921,Kansas City Repertory Theatre,Kansas City Repertory Theatre,4949 Cherry,,Kansas City,MISSOURI,64110,Open,Restaurant/Deli 0-5 Employees,Restaurant/Deli,,Operational,"4949 Cherry
Kansas City, MISSOURI 64110
(39.03765, -94.579675)"
105358,Aramark @ Kansas City Community Ctr.,Aramark @ Kansas City Community Ctr.,1514 Campbell,,Kansas City,MISSOURI,64108,Open,Restaurant/Deli 6-9 Employees,Restaurant/Deli,,Operational,"1514 Campbell
Kansas City, MISSOURI 64108
(39.094783, -94.572804)"
103762,7-Eleven Deli,7-Eleven Deli,10615 Blue Ridge Blvd,,Kansas City,MISSOURI,64134,Open,Restaurant/Deli 0-5 Employees,Restaurant/Deli,,Operational,"10615 Blue Ridge Blvd
Kansas City, MISSOURI 64134
(38.930786, -94.507764)"
505116,Royals Stadium Topsy's Popcorn#1 505116,Royals Stadium Topsy's Popcorn#1 505116,1 Royal Way,,Kansas City,MISSOURI,64129,Open,Mobile Unit/Pushcart,Mobile Unit/Pushcart,,Operational,"1 Royal Way
Kansas City, MISSOURI 64129
(39.054727, -94.486227)"
104208,Royals Aramark C-403 (Crown Classics),Royals Aramark C-403 (Crown Classics),1 Royal Way,,Kansas City,MISSOURI,64129,Open,Restaurant/Deli 6-9 Employees,Restaurant/Deli,http://lancie-george@aramark.com,Operational,"1 Royal Way
Kansas City, MISSOURI 64129
(39.054727, -94.486227)"
104066,Kaiyo Restaurant,Kaiyo Restaurant,10 E 13th St,,Kansas City,MISSOURI,64106,Open,Restaurant/Deli 0-5 Employees,Restaurant/Deli,,Operational,"10 E 13th St
Kansas City, MISSOURI 64106
(39.098602, -94.583147)"
105170,Coal Vines,Coal Vines,616  Ward Parkway,,Kansas City,MISSOURI,64112,Open,Restaurant/Deli 21-40 Employees,Restaurant/Deli,,Operational,"616 Ward Parkway
Kansas City, MISSOURI 64112
(39.039943, -94.594871)"
105565,Local Pig,Local Pig,2618 Guinotte Ave,,Kansas City M,MISSOURI,64120,Open,Retail Grocery/Market Under 3000 sq. ft.,Retail Grocery/Market,,Operational,"2618 Guinotte Ave
Kansas City M, MISSOURI 64120
(39.119173, -94.549405)"
102131,Mutual Musicans Foundation Inc,Mutual Musicans Foundation Inc,1823 Highland,,Kansas City,MISSOURI,64108,Open,Restaurant/Deli 0-5 Employees,Restaurant/Deli,,Operational,"1823 Highland
Kansas City, MISSOURI 64108
(39.090211, -94.562213)"
103665,7-Eleven #13266C (deli),7-Eleven #13266C (deli),11107  Grandview Rd,,Kansas City,MISSOURI,64137,Open,Restaurant/Deli 0-5 Employees,Restaurant/Deli,,Operational,"11107 Grandview Rd
Kansas City, MISSOURI 64137
(38.925126, -94.531998)"
103946,Burrito Bros,Burrito Bros,407 Main St,,Kansas City,MISSOURI,64105,Open,Restaurant/Deli 0-5 Employees,Restaurant/Deli,,Operational,"407 Main St
Kansas City, MISSOURI 64105
(39.109269, -94.58309)"
546114,K.C. Zoo Pretzel Cart #2 546114,K.C. Zoo Pretzel Cart #2 546114,6800 Zoo Blvd,,Kansas City,MISSOURI,64132,Open,Mobile Unit/Pushcart,Mobile Unit/Pushcart,,Operational,"6800 Zoo Blvd
Kansas City, MISSOURI 64132
(39.00682, -94.53141)"
104706,Sonic Drive-In #4375 (Westport),Sonic Drive-In #4375 (Westport),822 Westport Rd,,Kansas City,MISSOURI,64111,Open,Restaurant/Deli 10-20 Employees,Restaurant/Deli,,Operational,"822 Westport Rd
Kansas City, MISSOURI 64111
(39.050964, -94.59633)"
102167,Food Express,Food Express,3700 E. Gregory,,Kansas City,MISSOURI,64132,Open,Retail Grocery/Market Under 3000 sq. ft.,Retail Grocery/Market,,Operational,"3700 E. Gregory
Kansas City, MISSOURI 64132
(38.998047, -94.543666)"
F00044,Green Dirt Farm,Green Dirt Farm,1909  McGee Street,,Kansas City,MISSOURI,64108,Open,Farmers Market Permit,Farmers Market Permit,,Operational,"1909 McGee Street
Kansas City, MISSOURI 64108
(39.089851, -94.580249)"
800092,Bristol Seafood Grill (catering),Bristol Seafood Grill (catering),51 E 14th St,,Kansas City,MISSOURI,64106,Open,Catering Permit,Catering Permit,,Operational,"51 E 14th St
Kansas City, MISSOURI 64106
(39.097235, -94.582763)"
105193,Comfort Inn,Comfort Inn,11100 NW. Ambassador Dr.,,Kansas City,MISSOURI,64153,Open,Restaurant/Deli 0-5 Employees,Restaurant/Deli,,Operational,"11100 NW. Ambassador Dr.
Kansas City, MISSOURI 64153
(39.293157, -94.681552)"
104194,Royals Aramark C-252 (Blvd Classics),Royals Aramark C-252 (Blvd Classics),1 Royal Way,,Kansas City,MISSOURI,64129,Open,Restaurant/Deli 6-9 Employees,Restaurant/Deli,http://lancie-george@aramark.com,Operational,"1 Royal Way
Kansas City, MISSOURI 64129
(39.054727, -94.486227)"
102221,World Market,World Market,1111 W 136th St.,,Kansas City ,MISSOURI,64145,Open,Retail Grocery/Market Under 3000 sq. ft.,Retail Grocery/Market,,Operational,"1111 W 136th St.
Kansas City, MISSOURI 64145
(38.881671, -94.604848)"
105229,Michael Forbes Grill,Michael Forbes Grill,128 W. 63rd St.,,Kansas City,MISSOURI,64113,Open,Restaurant/Deli 41-60 Employees,Restaurant/Deli,,Operational,"128 W. 63rd St.
Kansas City, MISSOURI 64113
(39.013924, -94.589366)"
104944,The Rieger Hotel Grill & Exchange,The Rieger Hotel Grill & Exchange,1924 Main St.,,Kansas City,MISSOURI,64108,Open,Restaurant/Deli 10-20 Employees,Restaurant/Deli,,Operational,"1924 Main St.
Kansas City, MISSOURI 64108
(39.089382, -94.583698)"
104199,Royals Aramark C-437 (Crown Classics),Royals Aramark C-437 (Crown Classics),1 Royal Way,,Kansas City,MISSOURI,64129,Open,Restaurant/Deli 6-9 Employees,Restaurant/Deli,http://lancie-george@aramark.com,Operational,"1 Royal Way
Kansas City, MISSOURI 64129
(39.054727, -94.486227)"
104732,Chiefs Aramark Main Kitchen,Chiefs Aramark Main Kitchen,1 Arrowhead Dr,,Kansas City,MISSOURI,64129,Open,Restaurant/Deli 21-40 Employees,Restaurant/Deli,,Operational,"1 Arrowhead Dr
Kansas City, MISSOURI 64129
(39.051361, -94.49361)"
105065,Chiefs Jack Stack Barbecue Stand 112C,Chiefs Jack Stack Barbecue Stand 112C,1 Arrowhead Drive ,,Kansas City ,MISSOURI,64129,Open,Restaurant/Deli 6-9 Employees,Restaurant/Deli,,Operational,"1 Arrowhead Drive
Kansas City, MISSOURI 64129
(39.051361, -94.49361)"
800211,Don Bosco Center for Seniors (catering),Don Bosco Center for Seniors (catering),580 Campbell St,,Kansas City,MISSOURI,64106,Open,Catering Permit,Catering Permit,,Operational,"580 Campbell St
Kansas City, MISSOURI 64106
(39.107572, -94.572531)"
105136,Eleos Coffee House,Eleos Coffee House,3401 Independence Ave,,Kansas City,MISSOURI,64124,Open,Restaurant/Deli 0-5 Employees,Restaurant/Deli,,Operational,"3401 Independence Ave
Kansas City, MISSOURI 64124
(39.105981, -94.541653)"
509616,Frosty Treats #9 509616,Frosty Treats #9 509616,620 E Linwood,,Kansas City,MISSOURI,64109,Open,Ice Cream Moblie Vendor,Ice Cream Moblie Vendor,,Operational,"620 E Linwood
Kansas City, MISSOURI 64109
(39.06889, -94.577547)"
104415,Sodexo @ Center Middle School,Sodexo @ Center Middle School,326  E 103rd St,,Kansas City,MISSOURI,64114,Open,School - Public 6-9 Employees,School - Public,,Operational,"326 E 103rd St
Kansas City, MISSOURI 64114
(38.941294, -94.58982)"
104971,Five Guys Burgers & Fries,Five Guys Burgers & Fries,8600  Ward Parkway Suite #2155,,Kansas City,MISSOURI,64114,Open,Restaurant/Deli 41-60 Employees,Restaurant/Deli,,Operational,"8600 Ward Parkway Suite #2155
Kansas City, MISSOURI 64114
(38.971601, -94.60543)"
104141,Philly Time,Philly Time,4111 N Mulberry Dr,,Kansas City,MISSOURI,64116,Open,Restaurant/Deli 6-9 Employees,Restaurant/Deli,,Operational,"4111 N Mulberry Dr
Kansas City, MISSOURI 64116
(39.16884, -94.598398)"
800034,Forney Comfort Catering (catering),Forney Comfort Catering (catering),5021 NE 59th Terr.,,Kansas City,MISSOURI,64119,Open,Catering Permit,Catering Permit,,Operational,"5021 NE 59th Terr.
Kansas City, MISSOURI 64119
(39.201662, -94.52006)"
105968,Harvest Learning Center Market,Harvest Learning Center Market,3400  Woodland,,Kansas City,MISSOURI,64109,Open,Retail Grocery/Market Under 3000 sq. ft.,Retail Grocery/Market,,Operational,"3400 Woodland
Kansas City, MISSOURI 64109
(39.064555, -94.562381)"
104866,Chiefs Aramark Stand 125C,Chiefs Aramark Stand 125C,1  Arrowhead Drive,,Kansas City,MISSOURI,64129,Open,Restaurant/Deli 10-20 Employees,Restaurant/Deli,,Operational,"1 Arrowhead Drive
Kansas City, MISSOURI 64129
(39.051361, -94.49361)"
102306,Crowne Plaza Hotel,Crowne Plaza Hotel,1301 Wyandotte St,,Kansas City,MISSOURI,64105,Open,Restaurant/Deli 10-20 Employees,Restaurant/Deli,,Operational,"1301 Wyandotte St
Kansas City, MISSOURI 64105
(39.098741, -94.585616)"
520916,Jerusalem Cafe #3 520916,Jerusalem Cafe #3 520916,431 Westport Rd,,Kansas City,MISSOURI,64111,Open,Mobile Unit/Pushcart,Mobile Unit/Pushcart,,Operational,"431 Westport Rd
Kansas City, MISSOURI 64111
(39.053155, -94.590839)"
104398,UMKC Freshens Cafe,UMKC Freshens Cafe,5100 Rockhill Rd,,Kansas City,MISSOURI,64110,Open,Restaurant/Deli 0-5 Employees,Restaurant/Deli,,Operational,"5100 Rockhill Rd
Kansas City, MISSOURI 64110
(39.033592, -94.575731)"
104871,Chiefs Aramark Stand 102,Chiefs Aramark Stand 102,1 Arrowhead Dr,,Kansas City,MISSOURI,64129,Open,Restaurant/Deli 10-20 Employees,Restaurant/Deli,,Operational,"1 Arrowhead Dr
Kansas City, MISSOURI 64129
(39.051361, -94.49361)"
104371,Chiefs Levy Suite Pantry 207C,Chiefs Levy Suite Pantry 207C,1 Arrowhead Drive,,Kansas City,MISSOURI,64129,Open,Restaurant/Deli 10-20 Employees,Restaurant/Deli,,Operational,"1 Arrowhead Drive
Kansas City, MISSOURI 64129
(39.051361, -94.49361)"
509116,Frosty Treats #26 509116,Frosty Treats #26 509116,620 E. Linwood Blvd.,,Kansas City,MISSOURI,64109,Open,Ice Cream Moblie Vendor,Ice Cream Moblie Vendor,,Operational,"620 E. Linwood Blvd.
Kansas City, MISSOURI 64109
(39.06889, -94.577547)"
506016,Royals Stadium DTF  Cotton Candy 506016,Royals Stadium DTF  Cotton Candy 506016,1 Royal Way,,Kansas City,MISSOURI,64129,Open,Mobile Unit/Pushcart,Mobile Unit/Pushcart,,Operational,"1 Royal Way
Kansas City, MISSOURI 64129
(39.054727, -94.486227)"
104762,Indiana Market,Indiana Market,3646 Indiana Avenue,,Kansas City,MISSOURI,64128,Open,Retail Grocery/Market Under 3000 sq. ft.,Retail Grocery/Market,,Operational,"3646 Indiana Avenue
Kansas City, MISSOURI 64128
(39.058888, -94.544179)"
104896,Chiefs Aramark Stand U326,Chiefs Aramark Stand U326,1 Arrowhead Drive,,Kansas City,MISSOURI,64129,Open,Restaurant/Deli 6-9 Employees,Restaurant/Deli,,Operational,"1 Arrowhead Drive
Kansas City, MISSOURI 64129
(39.051361, -94.49361)"
800102,Chris Cakes Catering,Chris Cakes Catering,271 N Broadway,,Louisburg,KANSAS,66053,Open,Catering Permit,Catering Permit,,Operational,"271 N Broadway
Louisburg, KANSAS 66053
(38.623461, -94.681072)"
530016,TJ Topp Jimmy 530016,TJ Topp Jimmy 530016,7240 Shawnee,,Overland Park,KANSAS,66202,Open,Mobile Unit/Pushcart,Mobile Unit/Pushcart,,Operational,"7240 Shawnee
Overland Park, KANSAS 66202
(39.015001, -94.670648)"
104932,UMKC Student Union Foodcourt,UMKC Student Union Foodcourt,5100 Cherry St.,,Kansas City,MISSOURI,64110,Open,Restaurant/Deli 10-20 Employees,Restaurant/Deli,,Operational,"5100 Cherry St.
Kansas City, MISSOURI 64110
(39.034518, -94.580339)"
104917,Troost Elementary,Troost Elementary,1215  E 59th,,Kansas City,MISSOURI,64110,Open,Fee Exempt,Fee Exempt,,Operational,"1215 E 59th
Kansas City, MISSOURI 64110
(39.019898, -94.57248)"
800039,Coach's (catering),Coach's (catering),414 W 103rd,,Kansas City,MISSOURI,64114,Open,Catering Permit,Catering Permit,,Operational,"414 W 103rd
Kansas City, MISSOURI 64114
(38.94162, -94.59791)"
104619,CVS Pharmacy-#8556,CVS Pharmacy-#8556,5440 NW 64th St,,Kansas City,MISSOURI,64151,Open,Retail Grocery/Market 3001-30000 sq. ft.,Retail Grocery/Market,,Operational,"5440 NW 64th St
Kansas City, MISSOURI 64151
(39.210517, -94.642429)"
104689,Freda Markley Early Childhood Center,Freda Markley Early Childhood Center,9201  E. Bannister,,Kansas City,MISSOURI,64134,Open,School - Public 0-5 Employees,School - Public; School - Public,,Operational,"9201 E. Bannister
Kansas City, MISSOURI 64134
(38.951081, -94.47648)"
104637,James Elementary,James Elementary,5810 Scarritt,,Kansas City,MISSOURI,64123,Open,School - Public 0-5 Employees,School - Public; School - Public,,Operational,"5810 Scarritt
Kansas City, MISSOURI 64123
(39.114096, -94.513362)"
104956,Pour Boy Oil Co - Restaurant,Pour Boy Oil Co - Restaurant,8801 NE Birmingham Rd,,Kansas City,MISSOURI,64161,Open,Restaurant/Deli 6-9 Employees,Restaurant/Deli,,Operational,"8801 NE Birmingham Rd
Kansas City, MISSOURI 64161
(39.157322, -94.47522)"
104416,Sodexo at Center Alternative School,Sodexo at Center Alternative School,8434 Paseo,,Kansas City,MISSOURI,64131,Open,School - Public 0-5 Employees,School - Public; School - Public,,Operational,"8434 Paseo
Kansas City, MISSOURI 64131
(38.973771, -94.567348)"
104723,Knights of Columbus,Knights of Columbus,8510 Wornall,,Kansas City,MISSOURI,64114,Open,Restaurant/Deli 6-9 Employees,Restaurant/Deli,,Operational,"8510 Wornall
Kansas City, MISSOURI 64114
(38.973817, -94.59511)"
507816,Frosty Treats #46 507816,Frosty Treats #46 507816,620 E Linwood,,Kansas City,MISSOURI,64109,Open,Ice Cream Moblie Vendor,Ice Cream Moblie Vendor,,Operational,"620 E Linwood
Kansas City, MISSOURI 64109
(39.06889, -94.577547)"
800027,"H & S Food Service, Inc. Catering","H & S Food Service, Inc. Catering",2428 Vine St,,Kansas City,MISSOURI,64108,Open,Catering Permit,Catering Permit,,Operational,"2428 Vine St
Kansas City, MISSOURI 64108
(39.082559, -94.563765)"
104611,Courtyard by Marriott - KCI (market),Courtyard by Marriott - KCI (market),7901 Tiffany Springs Pkwy,,Kansas City,MISSOURI,64153,Open,Retail Grocery/Market Under 3000 sq. ft.,Retail Grocery/Market,,Operational,"7901 Tiffany Springs Pkwy
Kansas City, MISSOURI 64153
(39.272332, -94.672101)"
104665,On The Border,On The Border,8340 NW Roanridge Rd,,Kansas City,MISSOURI,64151,Open,Restaurant/Deli 81-90 Employees,Restaurant/Deli,,Operational,"8340 NW Roanridge Rd
Kansas City, MISSOURI 64151
(39.245702, -94.656213)"
104952,Pitcher Elementary,Pitcher Elementary,9915  E 38th Terr,,Kansas City,MISSOURI,64133,Open,Fee Exempt,Fee Exempt,,Operational,"9915 E 38th Terr
Kansas City, MISSOURI 64133
(39.052967, -94.46402)"
104996,Carver Elementary,Carver Elementary,4600 Elmwood,,Kansas City,MISSOURI,64130,Open,Fee Exempt,Fee Exempt,,Operational,"4600 Elmwood
Kansas City, MISSOURI 64130
(39.042754, -94.531166)"
103771,Grand Slam Convenience (market),Grand Slam Convenience (market),631 Grand Blvd,,Kansas City,MISSOURI,64106,Open,Retail Grocery/Market Under 3000 sq. ft.,Retail Grocery/Market,,Operational,"631 Grand Blvd
Kansas City, MISSOURI 64106
(39.105847, -94.580397)"
507615,Frosty Treats #56 507615,Frosty Treats #56 507615,620 E. Linwood Blvd.,,Kansas City,MISSOURI,64109,Open,Ice Cream Moblie Vendor,Ice Cream Moblie Vendor,,Operational,"620 E. Linwood Blvd.
Kansas City, MISSOURI 64109
(39.06889, -94.577547)"
105075,Chiefs Aramark Draft Room,Chiefs Aramark Draft Room,1 Arrowhead Dr,,Kansas City,MISSOURI,64129,Open,Restaurant/Deli 10-20 Employees,Restaurant/Deli,,Operational,"1 Arrowhead Dr
Kansas City, MISSOURI 64129
(39.051361, -94.49361)"
511816,Chiefs Stadium Percup Cart #3 511816,Chiefs Stadium Percup Cart #3 511816,1 Arrowhead Dr.,,Kansas City,MISSOURI,64133,Open,Mobile Unit/Pushcart,Mobile Unit/Pushcart,,Operational,"1 Arrowhead Dr.
Kansas City, MISSOURI 64133
(39.051361, -94.49361)"
800003,Brookside Market #144 (Catering),Brookside Market #144 (Catering),14 West 62 Terrace,,Kansas City,MISSOURI,64113,Open,Catering Permit,Catering Permit,,Operational,"14 West 62 Terrace
Kansas City, MISSOURI 64113
(39.014858, -94.589253)"
104509,Midland Theater - Indie Bar,Midland Theater - Indie Bar,1228 Main St,,Kansas City,MISSOURI,65105,Open,Bar/Tavern 0-5 Employees,Bar/Tavern,,Operational,"1228 Main St
Kansas City, MISSOURI 65105
(39.098856, -94.583228)"
105010,Trailwoods Elementary School,Trailwoods Elementary School,6201 E. 17th Street,,Kansas City,MISSOURI,64129,Open,Fee Exempt,Fee Exempt,,Operational,"6201 E. 17th Street
Kansas City, MISSOURI 64129
(39.090225, -94.510137)"
104186,Royals Aramark C-239 (Fry Works/Farmland),Royals Aramark C-239 (Fry Works/Farmland),1 Royal Way,,Kansas City,MISSOURI,64129,Open,Restaurant/Deli 10-20 Employees,Restaurant/Deli,,Operational,"1 Royal Way
Kansas City, MISSOURI 64129
(39.054727, -94.486227)"
F00034,Fahrmeier Bros Produce LLC,Fahrmeier Bros Produce LLC,20 E.  5th St.,,Kansas City ,MISSOURI,64106,Open,Farmers Market Permit,Farmers Market Permit,,Operational,"20 E. 5th St.
Kansas City, MISSOURI 64106
(39.108645, -94.581167)"
104248,Metro Thriftway,Metro Thriftway,1616 E 63rd St,,Kansas City,MISSOURI,64110,Open,Retail Grocery/Market 30001-40000 sq. ft.,Retail Grocery/Market,,Operational,"1616 E 63rd St
Kansas City, MISSOURI 64110
(39.012946, -94.566974)"
104992,Sonic Drive In #5585,Sonic Drive In #5585,4520 Blue Parkway,,Kansas City,MISSOURI,64130,Open,Restaurant/Deli 10-20 Employees,Restaurant/Deli,,Operational,"4520 Blue Parkway
Kansas City, MISSOURI 64130
(39.034769, -94.53204)"
104405,Chili's Grill & Bar,Chili's Grill & Bar,8350 NW Roanridge Rd,,Kansas City,MISSOURI,64151,Open,Restaurant/Deli 41-60 Employees,Restaurant/Deli,,Operational,"8350 NW Roanridge Rd
Kansas City, MISSOURI 64151
(39.246023, -94.65534)"
103890,Kate's Kitchen,Kate's Kitchen,8002 North Oak,,Kansas City,MISSOURI,64118,Open,Restaurant/Deli 10-20 Employees,Restaurant/Deli,,Operational,"8002 North Oak
Kansas City, MISSOURI 64118
(39.239574, -94.575998)"
104243,Express Stop #3 (Deli),Express Stop #3 (Deli),6201 St. John,,Kansas City,MISSOURI,64123,Open,Restaurant/Deli 0-5 Employees,Restaurant/Deli,,Operational,"6201 St. John
Kansas City, MISSOURI 64123
(39.112084, -94.50842)"
603513,Grinders Southeast Gate Bar,Grinders Southeast Gate Bar,1828 Locust,,Kansas City,MISSOURI,64108,Open,Seasonal Permit,Seasonal Permit,,Operational,"1828 Locust
Kansas City, MISSOURI 64108
(39.091223, -94.577809)"
105366,D'Bronx,D'Bronx,2450 Grand,124,Kansas City,MISSOURI,64108,Open,Restaurant/Deli 10-20 Employees,Restaurant/Deli,,Operational,"2450 Grand
Kansas City, MISSOURI 64108
(39.082903, -94.581877)"
531016,Frosty Treats #54 531016,Frosty Treats #54 531016,620 E Linwood Blvd,,Kansas City,MISSOURI,64109,Open,Ice Cream Moblie Vendor,Ice Cream Moblie Vendor,,Operational,"620 E Linwood Blvd
Kansas City, MISSOURI 64109
(39.06889, -94.577547)"
105208,The Daily Limit Cafe & Pub,The Daily Limit Cafe & Pub,523 E. Red Bridge Rd.,,Kansas City,MISSOURI,64131,Open,Restaurant/Deli 6-9 Employees,Restaurant/Deli,http://anaudy@aol.com,Operational,"523 E. Red Bridge Rd.
Kansas City, MISSOURI 64131
(38.925834, -94.585464)"
105570,Worlds of Fun Caribou Coffee,Worlds of Fun Caribou Coffee,4545 Worlds of Fun Ave,,Kansas City,MISSOURI,64161,Open,Restaurant/Deli 6-9 Employees,Restaurant/Deli,,Operational,"4545 Worlds of Fun Ave
Kansas City, MISSOURI 64161
(39.174532, -94.492423)"
104277,All Halal Deli,All Halal Deli,8330 E Bannister Rd,,Kanas City,MISSOURI,64134,Open,Restaurant/Deli 0-5 Employees,Restaurant/Deli,,Operational,"8330 E Bannister Rd
Kanas City, MISSOURI 64134
(38.951682, -94.491945)"
508716,Frosty Treats #41 508716,Frosty Treats #41 508716,620 E LINWOOD BLVD,,KANSAS CITY,MISSOURI,64109,Open,Ice Cream Moblie Vendor,Ice Cream Moblie Vendor,,Operational,"620 E LINWOOD BLVD
KANSAS CITY, MISSOURI 64109
(39.06889, -94.577547)"
800086,Garozzo's (catering),Garozzo's (catering),526 Harrison St,,Kansas City,MISSOURI,64106,Open,Catering Permit,Catering Permit,,Operational,"526 Harrison St
Kansas City, MISSOURI 64106
(39.109436, -94.571854)"
103693,Chipotle Mexican Grill #859,Chipotle Mexican Grill #859,1370 Walnut St,,Kansas City,MISSOURI,64105,Open,Restaurant/Deli 21-40 Employees,Restaurant/Deli,,Operational,"1370 Walnut St
Kansas City, MISSOURI 64105
(39.097457, -94.582212)"
105574,Worlds of Fun Nordic Nook,Worlds of Fun Nordic Nook,4545 Worlds of Fun Ave,,Kansas City,MISSOURI,64161,Open,Restaurant/Deli 0-5 Employees,Restaurant/Deli,,Operational,"4545 Worlds of Fun Ave
Kansas City, MISSOURI 64161
(39.174532, -94.492423)"
105427,China Feast,China Feast,6216 Troost ,,Kansas City,MISSOURI,64110,Open,Restaurant/Deli 0-5 Employees,Restaurant/Deli,,Operational,"6216 Troost
Kansas City, MISSOURI 64110
(39.014178, -94.574527)"
105717,The Bay at Longview Tract,The Bay at Longview Tract,7101  Longview Rd,,Kansas City,MISSOURI,64134,Open,Restaurant/Deli 0-5 Employees,Restaurant/Deli,,Operational,"7101 Longview Rd
Kansas City, MISSOURI 64134
(38.915144, -94.508655)"
103673,Bread of Life Food Pantry (NALWC),Bread of Life Food Pantry (NALWC),7700 N Church Rd.,,Kansas City,MISSOURI,64158,Open,Retail Grocery/Market Under 3000 sq. ft.,Retail Grocery/Market,,Operational,"7700 N Church Rd.
Kansas City, MISSOURI 64158
(39.232061, -94.465084)"
104895,Chiefs Aramark Stand U322B,Chiefs Aramark Stand U322B,1 Arrowhead Drive,,Kansas City,MISSOURI,64129,Open,Restaurant/Deli 6-9 Employees,Restaurant/Deli,,Operational,"1 Arrowhead Drive
Kansas City, MISSOURI 64129
(39.051361, -94.49361)"
104709,Unicorn Theatre,Unicorn Theatre,3828  Main St.,,Kansas City,MISSOURI,64111,Open,Bar/Tavern 0-5 Employees,Bar/Tavern,,Operational,"3828 Main St.
Kansas City, MISSOURI 64111
(39.057328, -94.586061)"
104987,Texas Tom's Fried Chicken,Texas Tom's Fried Chicken,5522 Independence Ave,,Kansas City,MISSOURI,64123,Open,Restaurant/Deli 0-5 Employees,Restaurant/Deli,,Operational,"5522 Independence Ave
Kansas City, MISSOURI 64123
(39.10513, -94.517032)"
104099,Taqueria El Torito LLC,Taqueria El Torito LLC,6126 Independence Ave.,,Kansas City,MISSOURI,64125,Open,Restaurant/Deli 6-9 Employees,Restaurant/Deli,,Operational,"6126 Independence Ave.
Kansas City, MISSOURI 64125
(39.104865, -94.510035)"
512716,Royals Stadium Aramark PG 234 512716,Royals Stadium Aramark PG 234 512716,1  Royal Way,,Kansas City,MISSOURI,64129,Open,Mobile Unit/Pushcart,Mobile Unit/Pushcart,,Operational,"1 Royal Way
Kansas City, MISSOURI 64129
(39.054727, -94.486227)"
104088,Teris Bigger Jigger,Teris Bigger Jigger,6120 St. John Avenue,,Kansas City,MISSOURI,64123,Open,Bar/Tavern 0-5 Employees,Bar/Tavern,,Operational,"6120 St. John Avenue
Kansas City, MISSOURI 64123
(39.112131, -94.509616)"
103674,Kansas City Art Institute,Kansas City Art Institute,4415  Warwick Boulevard,,Kansas City,MISSOURI,64111,Open,Restaurant/Deli 10-20 Employees,Restaurant/Deli,,Operational,"4415 Warwick Boulevard
Kansas City, MISSOURI 64111
(39.045678, -94.583833)"
521715,Angelitos Mexican Food 521715,Angelitos Mexican Food 521715,1656 Broadway,,Kansas City,MISSOURI,64108,Open,Mobile Unit/Pushcart,Mobile Unit/Pushcart,,Operational,"1656 Broadway
Kansas City, MISSOURI 64108
(39.093261, -94.58873)"
105603,Leo's Pizza,Leo's Pizza,408  NW Englewood,,Kansas City,MISSOURI,64118,Open,Restaurant/Deli 0-5 Employees,Restaurant/Deli,,Operational,"408 NW Englewood
Kansas City, MISSOURI 64118
(39.196185, -94.586052)"
104083,Noodles & Company,Noodles & Company,540 Nichols Rd,,Kansas City,MISSOURI,64112,Open,Restaurant/Deli 21-40 Employees,Restaurant/Deli,,Operational,"540 Nichols Rd
Kansas City, MISSOURI 64112
(39.041377, -94.594613)"
526016,Eduardo's Pueblito 526016,Eduardo's Pueblito 526016,810  SW Blvd,,Kansas City,MISSOURI,64108,Open,Mobile Unit/Pushcart,Mobile Unit/Pushcart,,Operational,"810 SW Blvd
Kansas City, MISSOURI 64108
(39.08452, -94.594147)"
105118,KFC,KFC,3014 Independence Ave,,Kansas CIty,MISSOURI,64124,Open,Restaurant/Deli 10-20 Employees,Restaurant/Deli,,Operational,"3014 Independence Ave
Kansas CIty, MISSOURI 64124
(39.106091, -94.545144)"
105486,Up In Smoke - Deli,Up In Smoke - Deli,8360 E Bannister Rd.,,Kansas City,MISSOURI,64134,Open,Restaurant/Deli 0-5 Employees,Restaurant/Deli,,Operational,"8360 E Bannister Rd.
Kansas City, MISSOURI 64134
(38.951673, -94.491589)"
532816,Intercontinental KC at the Plaza Pool Bar 532816,Intercontinental KC at the Plaza Pool Bar 532816,401 Ward Parkway,,Kansas City,MISSOURI,64112,Open,Mobile Unit/Pushcart,Mobile Unit/Pushcart,,Operational,"401 Ward Parkway
Kansas City, MISSOURI 64112
(39.039659, -94.592655)"
546216,K.C. Zoo Dippin' Dots #1 546216,K.C. Zoo Dippin' Dots #1 546216,6800 Zoo Drive,,Kansas City,MISSOURI,64132,Open,Mobile Unit/Pushcart,Mobile Unit/Pushcart,,Operational,"6800 Zoo Drive
Kansas City, MISSOURI 64132
(39.00682, -94.53141)"
106320,Royals Aramark C-210A (Reserve Bar),Royals Aramark C-210A (Reserve Bar),1 Royal Way,,Kansas City,MISSOURI,64129,Open,Bar/Tavern 0-5 Employees,Bar/Tavern,,Operational,"1 Royal Way
Kansas City, MISSOURI 64129
(39.054727, -94.486227)"
106338,Taste of Brazil Market (market),Taste of Brazil Market (market),25 E 3rd St,,Kansas City,MISSOURI,64106,Open,Retail Grocery/Market Under 3000 sq. ft.,Retail Grocery/Market,,Operational,"25 E 3rd St
Kansas City, MISSOURI 64106
(39.10991, -94.583055)"
106083,The Corner Restaurant,The Corner Restaurant,4059 Broadway ,,Kansas City ,MISSOURI,64111,Open,Restaurant/Deli 10-20 Employees,Restaurant/Deli,,Operational,"4059 Broadway
Kansas City, MISSOURI 64111
(39.053524, -94.590347)"
107801,The Oliver,The Oliver,4807 Jefferson,,Kansas City,MISSOURI,64112,Open,Restaurant/Deli 41-60 Employees,Restaurant/Deli,,Operational,"4807 Jefferson
Kansas City, MISSOURI 64112
(39.040398, -94.595172)"
106234,Shang Tea,Shang Tea,2450 Grand Blvd,106,Kansas City,MISSOURI,64108,Open,Restaurant/Deli 0-5 Employees,Restaurant/Deli,,Operational,"2450 Grand Blvd
Kansas City, MISSOURI 64108
(39.082903, -94.581877)"
531515,Tacos Y Gorditas El Tio 531515,Tacos Y Gorditas El Tio 531515,5510 Truman Rd.,,Kansas City,MISSOURI,64127,Open,Mobile Unit/Pushcart,Mobile Unit/Pushcart,,Operational,"5510 Truman Rd.
Kansas City, MISSOURI 64127
(39.094077, -94.517919)"
107714,Treat America @ Lockton Valencia Place - CK Kiosk,Treat America @ Lockton Valencia Place - CK Kiosk,444 W 47th St,,Kansas City,MISSOURI,64112,Open,Retail Grocery/Market Under 3000 sq. ft.,Retail Grocery/Market,,Operational,"444 W 47th St
Kansas City, MISSOURI 64112
(39.042434, -94.59328)"
106480,KCI CPK/Stella Kiosk,KCI CPK/Stella Kiosk,56 Rome Circle,"Terminal B, Gate 45",Kansas City,MISSOURI,64153,Open,Bar/Tavern 0-5 Employees,Bar/Tavern,,Operational,"56 Rome Circle
Kansas City, MISSOURI 64153
(39.29389, -94.718304)"
107218,Marriott Country Club Plaza Hotel (Cafe Express),Marriott Country Club Plaza Hotel (Cafe Express),4445  Main St,,Kansas City ,MISSOURI,64111,Open,Restaurant/Deli 0-5 Employees,Restaurant/Deli,,Operational,"4445 Main St
Kansas City, MISSOURI 64111
(39.046932, -94.586666)"
105913,Salvation Army Emergency Disaster Services,Salvation Army Emergency Disaster Services,1110 E Truman,,Kansas CIty,MISSOURI,64106,Open,Restaurant/Deli 0-5 Employees,Restaurant/Deli,,Operational,"1110 E Truman
Kansas CIty, MISSOURI 64106
(39.095348, -94.569401)"
107361,Border Brewing Company,Border Brewing Company,406 E 18th St.,,Kansas City,MISSOURI,64108,Open,Bar/Tavern 0-5 Employees,Bar/Tavern,,Operational,"406 E 18th St.
Kansas City, MISSOURI 64108
(39.091638, -94.578897)"
107369,Up Down- Upstairs Bar,Up Down- Upstairs Bar,101 Southwest Blvd.,,Kansas City,MISSOURI,64108,Open,Bar/Tavern 0-5 Employees,Bar/Tavern,,Operational,"101 Southwest Blvd.
Kansas City, MISSOURI 64108
(39.090133, -94.585306)"
106210,Teavana 282,Teavana 282,427 Nichols Rd,,Kansas City,MISSOURI,64112,Open,Restaurant/Deli 6-9 Employees,Restaurant/Deli,,Operational,"427 Nichols Rd
Kansas City, MISSOURI 64112
(39.041269, -94.592153)"
106759,Luna Azteca II,Luna Azteca II,5918 NW 63rd Ter,,Kansas City,MISSOURI,64151,Open,Restaurant/Deli 10-20 Employees,Restaurant/Deli,,Operational,"5918 NW 63rd Ter
Kansas City, MISSOURI 64151
(39.209181, -94.650798)"
106221,American Food & Vending Svcs @ Polsinelli,American Food & Vending Svcs @ Polsinelli,900 W 48th Plaza,,Kansas City,MISSOURI,64112,Open,Restaurant/Deli 0-5 Employees,Restaurant/Deli,,Operational,"900 W 48th Plaza
Kansas City, MISSOURI 64112
(39.04069, -94.597799)"
107408,Popeyes Louisana Kitchen #3114,Popeyes Louisana Kitchen #3114,6330 Troost,,Kansas City,MISSOURI,64131,Open,Restaurant/Deli 41-60 Employees,Restaurant/Deli,,Operational,"6330 Troost
Kansas City, MISSOURI 64131
(39.012369, -94.574612)"
107471,Barista de Casa,Barista de Casa,8900 N. Flintlock Rd.,,Kansas City,MISSOURI,64157,Open,Restaurant/Deli 6-9 Employees,Restaurant/Deli,,Operational,"8900 N. Flintlock Rd.
Kansas City, MISSOURI 64157
(39.2536, -94.465286)"
107364,Terrace on Grand and Taste Catering KC,Terrace on Grand and Taste Catering KC,1520 Grand Blvd.,3rd Floor,Kansas City,MISSOURI,64108,Open,Restaurant/Deli 10-20 Employees,Restaurant/Deli,,Operational,"1520 Grand Blvd.
Kansas City, MISSOURI 64108
(39.095063, -94.581153)"
106482,Stadium BP,Stadium BP,4009  Blue Ridge Cut Off,,Kansas City,MISSOURI,64113,Open,Retail Grocery/Market Under 3000 sq. ft.,Retail Grocery/Market,,Operational,"4009 Blue Ridge Cut Off
Kansas City, MISSOURI 64113
(39.050214, -94.475506)"
107284,BP Midwest Fuels,BP Midwest Fuels,8025  Hickman Mills Drive,,Kansas City,MISSOURI,64132,Open,Retail Grocery/Market Under 3000 sq. ft.,Retail Grocery/Market,,Operational,"8025 Hickman Mills Drive
Kansas City, MISSOURI 64132
(38.981288, -94.558572)"
106441,Guadualupe Centers-Academie Lafayette Campus B,Guadualupe Centers-Academie Lafayette Campus B,3421  Cherry Street,,Kansas City,MISSOURI,64109,Open,School - Private 0-5 Employees,School - Private,,Operational,"3421 Cherry Street
Kansas City, MISSOURI 64109
(39.064912, -94.578627)"
105936,Macabre Haunted House - Rumely Tractor Concession Stand,Macabre Haunted House - Rumely Tractor Concession Stand,1401 W 13th St,,Kansas City,MISSOURI,64102,Open,Restaurant/Deli 0-5 Employees,Restaurant/Deli,,Operational,"1401 W 13th St
Kansas City, MISSOURI 64102
(39.099693, -94.601824)"
105636,Texas Toms,Texas Toms,840  N. Montgall Ave ,,Kansas City,MISSOURI,64120,Open,Restaurant/Deli 0-5 Employees,Restaurant/Deli,,Operational,"840 N. Montgall Ave
Kansas City, MISSOURI 64120
(39.124302, -94.54916)"
107322,Atlantic Aviation,Atlantic Aviation,1001 NW Lou Holland Dr,,Kansas City,MISSOURI,64116,Open,Restaurant/Deli 0-5 Employees,Restaurant/Deli,,Operational,"1001 NW Lou Holland Dr
Kansas City, MISSOURI 64116
(39.12757, -94.595333)"
106972,Jerry's Cafe,Jerry's Cafe,1209 W. 103rd St.,,Kansas City,MISSOURI,64114,Open,Restaurant/Deli 6-9 Employees,Restaurant/Deli,,Operational,"1209 W. 103rd St.
Kansas City, MISSOURI 64114
(38.941997, -94.606489)"
106214,IT'SUGAR,IT'SUGAR,445 W 47th St,,Kansas City,MISSOURI,64112,Open,Retail Grocery/Market Under 3000 sq. ft.,Retail Grocery/Market,,Operational,"445 W 47th St
Kansas City, MISSOURI 64112
(39.042295, -94.593289)"
105948,The Nine Muses Cafe,The Nine Muses Cafe,14 W 10th St,,Kansas City,MISSOURI,64105,Open,Restaurant/Deli 0-5 Employees,Restaurant/Deli,,Operational,"14 W 10th St
Kansas City, MISSOURI 64105
(39.102239, -94.583871)"
106064,Courtyard by Marriott at Briarcliff (bistro),Courtyard by Marriott at Briarcliff (bistro),4000 N Mulberry Dr,,Kansas City ,MISSOURI,64116,Open,Restaurant/Deli 0-5 Employees,Restaurant/Deli,,Operational,"4000 N Mulberry Dr
Kansas City, MISSOURI 64116
(39.165588, -94.594123)"
540016,Chiefs Aramark PG 301 540016,Chiefs Aramark PG 301 540016,1 Red Coat Ln,,Kansas City,MISSOURI,64129,Open,Mobile Unit/Pushcart,Mobile Unit/Pushcart,,Operational,"1 Red Coat Ln
Kansas City, MISSOURI 64129
(39.046976, -94.484283)"
107665,Family Mini Mart - Market,Family Mini Mart - Market,2221 E. 12th St.,,Kanasas City,MISSOURI,64127,Open,Retail Grocery/Market Under 3000 sq. ft.,Retail Grocery/Market,,Operational,"2221 E. 12th St.
Kanasas City, MISSOURI 64127
(39.099016, -94.555564)"
106447,Prospect Xpress Mart-deli,Prospect Xpress Mart-deli,7033 Prospect Avenue,,Kansas City,MISSOURI,64132,Open,Restaurant/Deli 0-5 Employees,Restaurant/Deli,,Operational,"7033 Prospect Avenue
Kansas City, MISSOURI 64132
(38.998693, -94.556876)"
107315,Treat America @ UMB Bank - CK Kiosk,Treat America @ UMB Bank - CK Kiosk,928 Grand Ave,,Kansas City,MISSOURI,64106,Open,Retail Grocery/Market Under 3000 sq. ft.,Retail Grocery/Market,,Operational,"928 Grand Ave
Kansas City, MISSOURI 64106
(39.103154, -94.580717)"
107357,The Sundry,The Sundry,1706 Baltimore Ave.,,Kansas City,MISSOURI,64108,Open,Restaurant/Deli 10-20 Employees,Restaurant/Deli,,Operational,"1706 Baltimore Ave.
Kansas City, MISSOURI 64108
(39.092524, -94.584721)"
107460,KC Sushi,KC Sushi,7753 NW Prairie View Rd,,Kansas City,MISSOURI,64151,Open,Restaurant/Deli 0-5 Employees,Restaurant/Deli,,Operational,"7753 NW Prairie View Rd
Kansas City, MISSOURI 64151
(39.234948, -94.658832)"
105682,Holiday Inn Express and Suites KCI,Holiday Inn Express and Suites KCI,9550 Polo Drive,,Kansas City,MISSOURI,64153,Open,Restaurant/Deli 0-5 Employees,Restaurant/Deli,,Operational,"9550 Polo Drive
Kansas City, MISSOURI 64153
(39.270721, -94.664428)"
106755,Moonlight Japanese Steakhouse & Sushi,Moonlight Japanese Steakhouse & Sushi,8634 N Boardwalk Ave,,Kansas City,MISSOURI,64154,Open,Restaurant/Deli 6-9 Employees,Restaurant/Deli,,Operational,"8634 N Boardwalk Ave
Kansas City, MISSOURI 64154
(39.252553, -94.652356)"
106148,Conoco (market),Conoco (market),11200 NW Ambassador,,Kansas City,MISSOURI,64153,Open,Retail Grocery/Market Under 3000 sq. ft.,Retail Grocery/Market,,Operational,"11200 NW Ambassador
Kansas City, MISSOURI 64153
(39.297401, -94.681712)"
539116,Mad Jacks On Wheels #2 539116,Mad Jacks On Wheels #2 539116,6200 Troost Ave.,,Kansas City,MISSOURI,64114,Open,Mobile Unit/Pushcart,Mobile Unit/Pushcart,,Operational,"6200 Troost Ave.
Kansas City, MISSOURI 64114
(39.01465, -94.574502)"
800240,Hy-Vee - Lee's Summit #2 (Catering Permit),Hy-Vee - Lee's Summit #2 (Catering Permit),310 SW Ward Rd,,Lee's Summit,MISSOURI,64081,Open,Catering Permit,Catering Permit,,Operational,"310 SW Ward Rd
Lee's Summit, MISSOURI 64081
(38.910732, -94.395865)"
106152,Kansas City Masonic Temple Historic Preservation Society,Kansas City Masonic Temple Historic Preservation Society,903 Harrison St,,Kansas City,MISSOURI,64106,Open,Restaurant/Deli 0-5 Employees,Restaurant/Deli,,Operational,"903 Harrison St
Kansas City, MISSOURI 64106
(39.102943, -94.570983)"
105498,Smallcakes,Smallcakes,13165 Stateline Rd.,,Kansas City,MISSOURI,64145,Open,Retail Bakery Under 3000 sq. ft.,Retail Bakery,,Operational,"13165 Stateline Rd.
Kansas City, MISSOURI 64145
(38.889825, -94.607981)"
107464,Fujisan Sushi Bar @ Sams Club,Fujisan Sushi Bar @ Sams Club,8130 N. Church Rd.,,Kansas City,MISSOURI,64158,Open,Restaurant/Deli 0-5 Employees,Restaurant/Deli,,Operational,"8130 N. Church Rd.
Kansas City, MISSOURI 64158
(39.239759, -94.460423)"
106718,Networks Bistro (Cerner South),Networks Bistro (Cerner South),10234 Marion Park Dr.,,Kansas City,MISSOURI,64137,Open,Restaurant/Deli 10-20 Employees,Restaurant/Deli,,Operational,"10234 Marion Park Dr.
Kansas City, MISSOURI 64137
(38.945247, -94.530859)"
107225,Midtown Conveinence Store-deli,Midtown Conveinence Store-deli,4300  Indiana Avenue,,Kansas City,MISSOURI,64130,Open,Restaurant/Deli 0-5 Employees,Restaurant/Deli,,Operational,"4300 Indiana Avenue
Kansas City, MISSOURI 64130
(39.047616, -94.544766)"
F00055,"Busy Bee Acres, Inc.","Busy Bee Acres, Inc.",20 E 5th St,,Kansas City,MISSOURI,64106,Open,Farmers Market Permit,Farmers Market Permit,,Operational,"20 E 5th St
Kansas City, MISSOURI 64106
(39.108645, -94.581167)"
513816,Taste of Kansas City BBQ & Grill 513816,Taste of Kansas City BBQ & Grill 513816,7222 W. 75th St.,,Overland Park,KANSAS,66204,Open,Mobile Unit/Pushcart,Mobile Unit/Pushcart,,Operational,"7222 W. 75th St.
Overland Park, KANSAS 66204
(38.993176, -94.669229)"
106202,Quick Shop #6,Quick Shop #6,4047 Troost Ave,,Kansas City,MISSOURI,64110,Open,Retail Grocery/Market Under 3000 sq. ft.,Retail Grocery/Market,,Operational,"4047 Troost Ave
Kansas City, MISSOURI 64110
(39.05267, -94.572318)"
106226,FireFly Lounge,FireFly Lounge,4118  Pennsylvania Ave.,,Kansas City ,MISSOURI,64111,Open,Bar/Tavern 6-9 Employees,Bar/Tavern,,Operational,"4118 Pennsylvania Ave.
Kansas City, MISSOURI 64111
(39.05227, -94.590997)"
106257,Mosaic Heartland Medical Offices,Mosaic Heartland Medical Offices,8870 NE 82nd Terr.,Bldg. A,Kansas City,MISSOURI,64158,Open,Restaurant/Deli 0-5 Employees,Restaurant/Deli,,Operational,"8870 NE 82nd Terr.
Kansas City, MISSOURI 64158
(39.242231, -94.466082)"
107291,Joe Joe's Catering@Genesis School,Joe Joe's Catering@Genesis School,3800 E. 44th Street,,Kansas City,MISSOURI,64130,Open,School - Public 0-5 Employees,School - Public; School - Public,,Operational,"3800 E. 44th Street
Kansas City, MISSOURI 64130
(39.045929, -94.540234)"
106197,Angel's Rock Bar,Angel's Rock Bar,1323 Walnut,,Kansas City,MISSOURI,64106,Open,Bar/Tavern 21-40 Employees,Bar/Tavern,http://Sharris@ecioperations.com,Operational,"1323 Walnut
Kansas City, MISSOURI 64106
(39.098114, -94.582179)"
106772,Impact Elite Gym & MMA,Impact Elite Gym & MMA,7932 N Oak Trafficway,,Kansas City ,MISSOURI,64118,Open,Restaurant/Deli 0-5 Employees,Restaurant/Deli,,Operational,"7932 N Oak Trafficway
Kansas City, MISSOURI 64118
(39.238703, -94.576007)"
106167,Hilton (retail),Hilton (retail),8801 NW 112th Street,,Kansas City,MISSOURI,64153,Open,Retail Grocery/Market Under 3000 sq. ft.,Retail Grocery/Market,,Operational,"8801 NW 112th Street
Kansas City, MISSOURI 64153
(39.296617, -94.682624)"
106008,7-Eleven #26590E (Deli),7-Eleven #26590E (Deli),4251  NE Antioch,,Kansas City,MISSOURI,64117,Open,Restaurant/Deli 6-9 Employees,Restaurant/Deli,,Operational,"4251 NE Antioch
Kansas City, MISSOURI 64117
(39.171168, -94.549029)"
106758,Domino's Pizza,Domino's Pizza,7759 NW Prairie View Rd,,Kansas City ,MISSOURI,64151,Open,Restaurant/Deli 10-20 Employees,Restaurant/Deli,,Operational,"7759 NW Prairie View Rd
Kansas City, MISSOURI 64151
(39.236112, -94.658853)"
107488,Midwest Baptist Theological Seminary,Midwest Baptist Theological Seminary,5001 N. Oak Trafficway,,Kansas City,MISSOURI,64118,Open,Restaurant/Deli 6-9 Employees,Restaurant/Deli,,Operational,"5001 N. Oak Trafficway
Kansas City, MISSOURI 64118
(39.186278, -94.576601)"
105931,"Kansas City Bier Company, LLC","Kansas City Bier Company, LLC",310 W. 79th Street,,Kansas City,MISSOURI,64114,Open,Restaurant/Deli 6-9 Employees,Restaurant/Deli,,Operational,"310 W. 79th Street
Kansas City, MISSOURI 64114
(38.985008, -94.593101)"
107706,Treat America @ Tension Envelope - CK Kiosk,Treat America @ Tension Envelope - CK Kiosk,819 East 19th Street,,Kansas City,MISSOURI,64108,Open,Retail Grocery/Market Under 3000 sq. ft.,Retail Grocery/Market,,Operational,"819 East 19th Street
Kansas City, MISSOURI 64108
(39.090143, -94.573747)"
106296,Shell Express,Shell Express,15740 E 40 Highway,,Kansas City,MISSOURI,64136,Open,Retail Grocery/Market Under 3000 sq. ft.,Retail Grocery/Market,,Operational,"15740 E 40 Highway
Kansas City, MISSOURI 64136
(39.034791, -94.395549)"
107722,Treat America @ Affinity Group Management - CK Kiosk,Treat America @ Affinity Group Management - CK Kiosk,7505 NW Tiffany Springs Pkwy,,Kansas City,MISSOURI,64153,Open,Retail Grocery/Market Under 3000 sq. ft.,Retail Grocery/Market,,Operational,"7505 NW Tiffany Springs Pkwy
Kansas City, MISSOURI 64153
(39.27322, -94.665256)"
105943,Royals Aramark Belfonte Store,Royals Aramark Belfonte Store,1 Royal Way,,Kansas City,MISSOURI,64129,Open,Restaurant/Deli 0-5 Employees,Restaurant/Deli,,Operational,"1 Royal Way
Kansas City, MISSOURI 64129
(39.054727, -94.486227)"
105626,Baskin Robbins,Baskin Robbins,7711  N Oak Trafficway,,Kansas City,MISSOURI,64118,Open,Restaurant/Deli 10-20 Employees,Restaurant/Deli,,Operational,"7711 N Oak Trafficway
Kansas City, MISSOURI 64118
(39.234413, -94.57606)"
106449,K.C. City Zoo Tuxedo Grill Express,K.C. City Zoo Tuxedo Grill Express,6800 Zoo Drive,,Kansas City,MISSOURI,64132,Open,Restaurant/Deli 6-9 Employees,Restaurant/Deli,,Operational,"6800 Zoo Drive
Kansas City, MISSOURI 64132
(39.00682, -94.53141)"
106853,Treat America @ Off Broadway - CKLive Kiosk,Treat America @ Off Broadway - CKLive Kiosk,330 W 9th St,,Kansas City,MISSOURI,64105,Open,Retail Grocery/Market Under 3000 sq. ft.,Retail Grocery/Market,,Operational,"330 W 9th St
Kansas City, MISSOURI 64105
(39.103735, -94.587827)"
549716,Calypso Flavor 549716,Calypso Flavor 549716,3415  Main,,Kansas City,MISSOURI,64128,Open,Mobile Unit/Pushcart,Mobile Unit/Pushcart,,Operational,"3415 Main
Kansas City, MISSOURI 64128
(39.065079, -94.585608)"
105630,Pizza Ranch,Pizza Ranch,4801  N Oak Trafficway,,Kansas City,MISSOURI,64118,Open,Restaurant/Deli 41-60 Employees,Restaurant/Deli,,Operational,"4801 N Oak Trafficway
Kansas City, MISSOURI 64118
(39.18149, -94.576571)"
532315,Schwan's Truck #3946 - 532315,Schwan's Truck #3946 - 532315,6225 NW Kelly Dr.,,Parkville,MISSOURI,64152,Open,Truck/Tent Sales,Truck/Tent Sales,,Operational,"6225 NW Kelly Dr.
Parkville, MISSOURI 64152
(39.207933, -94.689165)"
107755,Bizz and Weezys Confections,Bizz and Weezys Confections,1800 Baltimore,,Kansas City,MISSOURI,64108,Open,Retail Bakery Under 3000 sq. ft.,Retail Bakery,,Operational,"1800 Baltimore
Kansas City, MISSOURI 64108
(39.091724, -94.584763)"
105633,Caseys General Store #3241 (market),Caseys General Store #3241 (market),7907  N. Oak Trafficway,,Kansas City,MISSOURI,64118,Open,Retail Grocery/Market 3001-30000 sq. ft.,Retail Grocery/Market,,Operational,"7907 N. Oak Trafficway
Kansas City, MISSOURI 64118
(39.237721, -94.576015)"
107468,Hissho Sushi @ Sprouts #722,Hissho Sushi @ Sprouts #722,6061 NW 64th St,,Kansas City,MISSOURI,64151,Open,Restaurant/Deli 0-5 Employees,Restaurant/Deli,,Operational,"6061 NW 64th St
Kansas City, MISSOURI 64151
(39.210441, -94.650221)"
543016,American Fusion 543016,American Fusion 543016,7103 NW Barry Rd.,,Kansas City,MISSOURI,64153,Open,Mobile Unit/Pushcart,Mobile Unit/Pushcart,,Operational,"7103 NW Barry Rd.
Kansas City, MISSOURI 64153
(39.246841, -94.66161)"
544816,Flossie Mae 544816,Flossie Mae 544816,3801 E. 35th St.,,Kansas City,MISSOURI,64128,Open,Mobile Unit/Pushcart,Mobile Unit/Pushcart,,Operational,"3801 E. 35th St.
Kansas City, MISSOURI 64128
(39.062192, -94.539186)"
106848,Squirrely's,Squirrely's,4545 N Brighton,,Kansas City,MISSOURI,64117,Open,Restaurant/Deli 6-9 Employees,Restaurant/Deli,,Operational,"4545 N Brighton
Kansas City, MISSOURI 64117
(39.177016, -94.521343)"
106465,Quik Trip #178 (market),Quik Trip #178 (market),10601 State Line Rd.,,Kansas City,MISSOURI,64114,Open,Retail Grocery/Market 3001-30000 sq. ft.,Retail Grocery/Market,,Operational,"10601 State Line Rd.
Kansas City, MISSOURI 64114
(38.934889, -94.607966)"
800301,Hy-Vee,Hy-Vee,13550 W 63rd St,,Shawnee,KANSAS,66216,Open,Catering Permit,Catering Permit,,Operational,"13550 W 63rd St
Shawnee, KANSAS 66216
(39.014802, -94.743456)"
106283,Novel,Novel,815  W 17TH ST,,KANSAS CITY,MISSOURI,64108,Open,Restaurant/Deli 10-20 Employees,Restaurant/Deli,http://rbrazeal@gmail.com,Operational,"815 W 17TH ST
KANSAS CITY, MISSOURI 64108
(39.093066, -94.594057)"
105627,New China Star,New China Star,502  NW Englewood Rd,,Kansas City,MISSOURI,64118,Open,Restaurant/Deli 0-5 Employees,Restaurant/Deli,,Operational,"502 NW Englewood Rd
Kansas City, MISSOURI 64118
(39.196034, -94.586507)"
107165,Minit Mart Market,Minit Mart Market,4111  Blue Ridge Cutoff,,Kansas City,MISSOURI,64133,Open,Retail Grocery/Market 3001-30000 sq. ft.,Retail Grocery/Market,,Operational,"4111 Blue Ridge Cutoff
Kansas City, MISSOURI 64133
(39.048017, -94.475661)"
105282,Chiefs Aramark Stand 131C,Chiefs Aramark Stand 131C,1 Arrowhead Dr,,Kansas City,MISSOURI,64129,Open,Restaurant/Deli 6-9 Employees,Restaurant/Deli,,Operational,"1 Arrowhead Dr
Kansas City, MISSOURI 64129
(39.051361, -94.49361)"
534414,Iowa Steaks 534414,Iowa Steaks 534414,1441 29th St.,Suite 210,West Des Moin,IOWA,50266,Open,Truck/Tent Sales,Truck/Tent Sales,,Operational,"1441 29th St.
West Des Moin, IOWA 50266
(41.594054, -93.744796)"
106788,St. James Lutheran Church,St. James Lutheran Church,1104  NE Vivion Rd,,Kansas City,MISSOURI,64118,Open,Restaurant/Deli 0-5 Employees,Restaurant/Deli,,Operational,"1104 NE Vivion Rd
Kansas City, MISSOURI 64118
(39.181092, -94.565769)"
106470,American Food & Vending Svcs @ FreightQuote,American Food & Vending Svcs @ FreightQuote,901 W Carondelet Dr.,,Kansas City,MISSOURI,64114,Open,Restaurant/Deli 0-5 Employees,Restaurant/Deli,,Operational,"901 W Carondelet Dr.
Kansas City, MISSOURI 64114
(38.934115, -94.604939)"
532115,Steaks Express #3 532115,Steaks Express #3 532115,3950 NE 33rd Ter.,3,Kanasas City,MISSOURI,64117,Open,Truck/Tent Sales,Truck/Tent Sales,,Operational,"3950 NE 33rd Ter.
Kanasas City, MISSOURI 64117
(39.154178, -94.533741)"
541716,Bishop's Cart 541716,Bishop's Cart 541716,3838 Cleaver Blvd.,,Kansas City,MISSOURI,64128,Open,Mobile Unit/Pushcart,Mobile Unit/Pushcart,,Operational,"3838 Cleaver Blvd.
Kansas City, MISSOURI 64128
(39.05511, -94.520837)"
107277,Central Presbyterian Church Food Panty,Central Presbyterian Church Food Panty,3501  Campbell,,Kansas City ,MISSOURI,64109,Open,Retail Grocery/Market Under 3000 sq. ft.,Retail Grocery/Market,,Operational,"3501 Campbell
Kansas City, MISSOURI 64109
(39.062713, -94.574073)"
535115,Schwan's #519596 535115,Schwan's #519596 535115,115 West College Dr.,,Marshall,MINNESOTA,56258,Open,Truck/Tent Sales,Truck/Tent Sales,,Operational,"115 West College Dr.
Marshall, MINNESOTA 56258
(44.445739, -95.790376)"
106350,Baked in KC,Baked in KC,706 Westport Rd,,Kansas City,MISSOURI,64111,Open,Restaurant/Deli 6-9 Employees,Restaurant/Deli,,Operational,"706 Westport Rd
Kansas City, MISSOURI 64111
(39.051455, -94.594886)"
107167,Applebee's Neighborhood Grill & Bar,Applebee's Neighborhood Grill & Bar,4181  Sterling Ave,,Kansas City ,MISSOURI,64133,Open,Restaurant/Deli 41-60 Employees,Restaurant/Deli,,Operational,"4181 Sterling Ave
Kansas City, MISSOURI 64133
(39.046624, -94.447598)"
503516,Rainbow Snacks & Ice Cones 503516,Rainbow Snacks & Ice Cones 503516,8200  E 63rd St,,Kansas City ,MISSOURI,64133,Open,Seasonal Permit,Seasonal Permit,,Operational,"8200 E 63rd St
Kansas City, MISSOURI 64133
(39.010013, -94.492014)"
533515,K.C. Zoo Hot Dog Cart #1 533515,K.C. Zoo Hot Dog Cart #1 533515,6800 Zoo Drive,,Kansas City,MISSOURI,64132,Open,Mobile Unit/Pushcart,Mobile Unit/Pushcart,,Operational,"6800 Zoo Drive
Kansas City, MISSOURI 64132
(39.00682, -94.53141)"
800356,Chris Cakes,Chris Cakes,33665  W 199th st ,,Edgerton ,KANSAS,66021,Open,Catering Permit,Catering Permit,http://Pancakes@chriscakes.com,Operational,"33665 W 199th st
Edgerton, KANSAS 66021
(38.767626, -94.974774)"
107679,Twisted Spoke Saloon,Twisted Spoke Saloon,5304 E. 24th St.,,Kansas City,MISSOURI,64127,Open,Bar/Tavern 0-5 Employees,Bar/Tavern,,Operational,"5304 E. 24th St.
Kansas City, MISSOURI 64127
(39.081423, -94.520722)"
106747,Charlie Hooper's,Charlie Hooper's,12 W. 63rd St.,,Kansas City,MISSOURI,64113,Open,Restaurant/Deli 21-40 Employees,Restaurant/Deli,,Operational,"12 W. 63rd St.
Kansas City, MISSOURI 64113
(39.013862, -94.588464)"
106492,Sam's Club #6247 - Bakery,Sam's Club #6247 - Bakery,8130 N. Church Rd.,,Kansas City,MISSOURI,64158,Open,Restaurant/Deli 6-9 Employees,Restaurant/Deli,,Operational,"8130 N. Church Rd.
Kansas City, MISSOURI 64158
(39.239759, -94.460423)"
S0020,"Kansas City Cupcake Co., LLC","Kansas City Cupcake Co., LLC",5417  W. 132nd Terrace ,,Overland Park,KANSAS,66282,Open,Sampling Permit,Sampling Permit,,Operational,"5417 W. 132nd Terrace
Overland Park, KANSAS 66282
(38.888176, -94.648198)"
106775,Dollar Tree #2054,Dollar Tree #2054,450 NE Barry Rd ,,Kansas City ,MISSOURI,64155,Open,Retail Grocery/Market 3001-30000 sq. ft.,Retail Grocery/Market,,Operational,"450 NE Barry Rd
Kansas City, MISSOURI 64155
(39.246353, -94.574332)"
107754,Woody's Classic Sports Pub,Woody's Classic Sports Pub,3740  Broadway ,,Kansas City ,MISSOURI,64111,Open,Restaurant/Deli 10-20 Employees,Restaurant/Deli,http://barefootguy1966@gmail.com,Operational,"3740 Broadway
Kansas City, MISSOURI 64111
(39.059631, -94.590598)"
107731,Chiefs Levy North Club Grab and Go,Chiefs Levy North Club Grab and Go,1 Arrowhead Dr,,Kansas City,MISSOURI,64129,Open,Restaurant/Deli 6-9 Employees,Restaurant/Deli,,Operational,"1 Arrowhead Dr
Kansas City, MISSOURI 64129
(39.051361, -94.49361)"
106249,Thou Mayest Coffee Roasters,Thou Mayest Coffee Roasters,419 E. 18th St.,,Kansas City,MISSOURI,64108,Open,Bar/Tavern 10-20 Employees,Bar/Tavern,,Operational,"419 E. 18th St.
Kansas City, MISSOURI 64108
(39.091607, -94.577996)"
106129,Oceans of Fun Subway,Oceans of Fun Subway,4545  Worlds of Fun Ave,,Kansas City,MISSOURI,64161,Open,Restaurant/Deli 0-5 Employees,Restaurant/Deli,,Operational,"4545 Worlds of Fun Ave
Kansas City, MISSOURI 64161
(39.174532, -94.492423)"
107279,Swope Soccer Village-South Stand,Swope Soccer Village-South Stand,6310 Lewis Rd,,Kansas City ,MISSOURI,64132,Open,Restaurant/Deli 10-20 Employees,Restaurant/Deli,http://Legends.net,Operational,"6310 Lewis Rd
Kansas City, MISSOURI 64132
(39.013894, -94.520656)"
107495,All Star Grill & Bar,All Star Grill & Bar,7210 NE 43rd St,,Kansas City,MISSOURI,64117,Open,Restaurant/Deli 10-20 Employees,Restaurant/Deli,,Operational,"7210 NE 43rd St
Kansas City, MISSOURI 64117
(39.170639, -94.4945)"
107367,Spin Neapolitan Pizza,Spin Neapolitan Pizza,2450 Grand Blvd.,110,Kansas City,MISSOURI,64108,Open,Restaurant/Deli 21-40 Employees,Restaurant/Deli,,Operational,"2450 Grand Blvd.
Kansas City, MISSOURI 64108
(39.082903, -94.581877)"
105926,IPho Tower,IPho Tower,3623  Broadway,,Kansas City ,MISSOURI,64111,Open,Restaurant/Deli 10-20 Employees,Restaurant/Deli,,Operational,"3623 Broadway
Kansas City, MISSOURI 64111
(39.061266, -94.590503)"
F00068,H&C Ice Cream,H&C Ice Cream,4175 N Mulberry,,Kansas City,MISSOURI,64116,Open,Farmers Market Permit,Farmers Market Permit,,Operational,"4175 N Mulberry
Kansas City, MISSOURI 64116
(39.170047, -94.59927)"
105339,Discount Tobacco,Discount Tobacco,7444 Homes Rd.,,Kansas City,MISSOURI,64131,Open,Retail Grocery/Market Under 3000 sq. ft.,Retail Grocery/Market,,Operational,"7444 Homes Rd.
Kansas City, MISSOURI 64131
(38.991972, -94.580282)"
106459,t. Loft,t. Loft,8025 State Line Rd.,,Kansas City,MISSOURI,64114,Open,Restaurant/Deli 10-20 Employees,Restaurant/Deli,,Operational,"8025 State Line Rd.
Kansas City, MISSOURI 64114
(38.984263, -94.608199)"
526116,Bartle Hall Aramark Bar #3 526116,Bartle Hall Aramark Bar #3 526116,301 W. 13th St.,,Kansas City,MISSOURI,64105,Open,Mobile Unit/Pushcart,Mobile Unit/Pushcart,,Operational,"301 W. 13th St.
Kansas City, MISSOURI 64105
(39.0988, -94.58697)"
106108,Chubbys on Broadway,Chubbys on Broadway,3756 Broadway,,Kansas City,MISSOURI,64111,Open,Restaurant/Deli 21-40 Employees,Restaurant/Deli,,Operational,"3756 Broadway
Kansas City, MISSOURI 64111
(39.059013, -94.590632)"
106448,Prospect Xpress Mart-retail,Prospect Xpress Mart-retail,7033  Prospect Avenue,,Kansas City,MISSOURI,64132,Open,Retail Grocery/Market Under 3000 sq. ft.,Retail Grocery/Market,,Operational,"7033 Prospect Avenue
Kansas City, MISSOURI 64132
(38.998693, -94.556876)"
532715,Schwan's Truck #13887 - 532715,Schwan's Truck #13887 - 532715,6225 NW Kelly Dr.,,Parkville,MISSOURI,64152,Open,Truck/Tent Sales,Truck/Tent Sales,,Operational,"6225 NW Kelly Dr.
Parkville, MISSOURI 64152
(39.207933, -94.689165)"
106308,Christ Presbyterian Church,Christ Presbyterian Church,544 Wabash,,Kansas City,MISSOURI,64124,Open,Restaurant/Deli 0-5 Employees,Restaurant/Deli,,Operational,"544 Wabash
Kansas City, MISSOURI 64124
(39.106855, -94.552617)"
107705,Treat America @ Barkley - CK Kiosk,Treat America @ Barkley - CK Kiosk,1740 Main St,,Kansas City,MISSOURI,64108,Open,Retail Grocery/Market Under 3000 sq. ft.,Retail Grocery/Market,,Operational,"1740 Main St
Kansas City, MISSOURI 64108
(39.092763, -94.583537)"
523316,Kansas City Ice Cream Co. Inc. (Van #H) 523316,Kansas City Ice Cream Co. Inc. (Van #H) 523316,5300 Gardner,,Kansas City,MISSOURI,64120,Open,Ice Cream Moblie Vendor,Ice Cream Moblie Vendor,,Operational,"5300 Gardner
Kansas City, MISSOURI 64120
(39.126969, -94.520603)"
107219,Marriott Country Club Plaza Hotel (Restaurant),Marriott Country Club Plaza Hotel (Restaurant),4445 Main St,,Kansas City ,MISSOURI,64111,Open,Restaurant/Deli 41-60 Employees,Restaurant/Deli,,Operational,"4445 Main St
Kansas City, MISSOURI 64111
(39.046932, -94.586666)"
106301,Cooper's Hawk Kansas City,Cooper's Hawk Kansas City,4686 Broadway,,Kansas City,MISSOURI,64112,Open,Restaurant/Deli 111-120 Employees,Restaurant/Deli,,Operational,"4686 Broadway
Kansas City, MISSOURI 64112
(39.042569, -94.591548)"
800223,Grand Street Cafe Catering,Grand Street Cafe Catering,4740 Grand,,Kansas City,MISSOURI,64112,Open,Catering Permit,Catering Permit,,Operational,"4740 Grand
Kansas City, MISSOURI 64112
(39.041294, -94.585227)"
107458,Sprouts Farmers Market,Sprouts Farmers Market,8383 N. Booth Ave,,Kansas City,MISSOURI,64158,Open,Retail Grocery/Market 3001-30000 sq. ft.,Retail Grocery/Market,,Operational,"8383 N. Booth Ave
Kansas City, MISSOURI 64158
(39.243649, -94.475018)"
105945,KC's Garage Bar and Kitchen,KC's Garage Bar and Kitchen,813 Walnut St,,Kansas City,MISSOURI,64106,Open,Restaurant/Deli 0-5 Employees,Restaurant/Deli,,Operational,"813 Walnut St
Kansas City, MISSOURI 64106
(39.104336, -94.581818)"
540316,Burritos Lagos 540316,Burritos Lagos 540316,4141 Mulberry,,Kansas City,MISSOURI,64116,Open,Mobile Unit/Pushcart,Mobile Unit/Pushcart,,Operational,"4141 Mulberry
Kansas City, MISSOURI 64116
(39.170319, -94.599048)"
106092,Oak Street Mansion,Oak Street Mansion,4343 Oak St. ,,Kansas City ,MISSOURI,64111,Open,Restaurant/Deli 0-5 Employees,Restaurant/Deli,,Operational,"4343 Oak St.
Kansas City, MISSOURI 64111
(39.047891, -94.581925)"
106137,Treat America @ Bayer Crop Service,Treat America @ Bayer Crop Service,8400 Hawthorne,,Kansas City,MISSOURI,64120,Open,Restaurant/Deli 0-5 Employees,Restaurant/Deli,,Operational,"8400 Hawthorne
Kansas City, MISSOURI 64120
(39.124409, -94.482239)"
105451,Ambassador BP,Ambassador BP,8787 NW 112th St,,Kansas City,MISSOURI,64153,Open,Restaurant/Deli 0-5 Employees,Restaurant/Deli,,Operational,"8787 NW 112th St
Kansas City, MISSOURI 64153
(39.296618, -94.682221)"
F00062,Stephen's Orchard & Apiary,Stephen's Orchard & Apiary,20  E. 5th St.,,Kansas City ,MISSOURI,64106,Open,Farmers Market Permit,Farmers Market Permit,,Operational,"20 E. 5th St.
Kansas City, MISSOURI 64106
(39.108645, -94.581167)"
107271,Domino's Pizza #1691,Domino's Pizza #1691,4201 E Blue Parkway,Suite A,Kansas City ,MISSOURI,64130,Open,Restaurant/Deli 10-20 Employees,Restaurant/Deli,,Operational,"4201 E Blue Parkway
Kansas City, MISSOURI 64130
(39.034645, -94.535683)"
107223,AC Hotel By Marriott (Lounge),AC Hotel By Marriott (Lounge),560 Westport Rd ,,Kansas City ,MISSOURI,64111,Open,Restaurant/Deli 0-5 Employees,Restaurant/Deli,http://luther.soloma@interstatehotels,Operational,"560 Westport Rd
Kansas City, MISSOURI 64111
(39.051954, -94.593341)"
105481,Richardson Early Learning Center,Richardson Early Learning Center,3515  Park,,Kansas City,MISSOURI,64109,Open,School - Public 0-5 Employees,School - Public; School - Public,,Operational,"3515 Park
Kansas City, MISSOURI 64109
(39.061838, -94.556725)"
520416,Kansas City Ice Cream Co. Inc. (Cart A) 520416,Kansas City Ice Cream Co. Inc. (Cart A) 520416,5300 Gardner,,Kansas City,MISSOURI,64120,Open,Mobile Unit/Pushcart,Mobile Unit/Pushcart,,Operational,"5300 Gardner
Kansas City, MISSOURI 64120
(39.126969, -94.520603)"
542016,Johnny's Bar-B-Q 4U 542016,Johnny's Bar-B-Q 4U 542016,8910 N Lathrop Dr,,Kansas City,MISSOURI,64155,Open,Mobile Unit/Pushcart,Mobile Unit/Pushcart,,Operational,"8910 N Lathrop Dr
Kansas City, MISSOURI 64155
(39.255929, -94.563223)"
107229,Awaze,Awaze,3415 Main St.,,Kansas City ,MISSOURI,64111,Open,Restaurant/Deli 0-5 Employees,Restaurant/Deli,,Operational,"3415 Main St.
Kansas City, MISSOURI 64111
(39.065079, -94.585608)"
800107,Cinzetti's Restaurant - Plaza Catering/Catering,Cinzetti's Restaurant - Plaza Catering/Catering,7201 W 91st St,,Overland Park,KANSAS,66212,Open,Catering Permit,Catering Permit,,Operational,"7201 W 91st St
Overland Park, KANSAS 66212
(38.963915, -94.669137)"
106910,Northeast Middle School,Northeast Middle School,4904 Independence Ave,,Kansas City,MISSOURI,64134,Open,School - Public 0-5 Employees,School - Public; School - Public,,Operational,"4904 Independence Ave
Kansas City, MISSOURI 64134
(39.105351, -94.523379)"
545016,Express Foods Mobile 545016,Express Foods Mobile 545016,3415 Main,,Kansas City,MISSOURI,64111,Open,Mobile Unit/Pushcart,Mobile Unit/Pushcart,,Operational,"3415 Main
Kansas City, MISSOURI 64111
(39.065079, -94.585608)"
530916,Allenbrand's Copper Kettle Corn 530916,Allenbrand's Copper Kettle Corn 530916,3630 N. 65th St.,,Kansas City,KANSAS,66104,Open,Mobile Unit/Pushcart,Mobile Unit/Pushcart,,Operational,"3630 N. 65th St.
Kansas City, KANSAS 66104
(39.153661, -94.729145)"
106959,Rainbow China,Rainbow China,8017 State Line Rd.,,Kansas City,MISSOURI,64114,Open,Restaurant/Deli 0-5 Employees,Restaurant/Deli,,Operational,"8017 State Line Rd.
Kansas City, MISSOURI 64114
(38.982962, -94.608271)"
106405,Supreme Bakery and Deli,Supreme Bakery and Deli,4106 Prospect Avenue,,Kansas City,MISSOURI,64130,Open,Restaurant/Deli 0-5 Employees,Restaurant/Deli,,Operational,"4106 Prospect Avenue
Kansas City, MISSOURI 64130
(39.051533, -94.553798)"
107336,Jimmy John's Gourmet Sandwiches #2219,Jimmy John's Gourmet Sandwiches #2219,923 Broadway Blvd,,Kansas City,MISSOURI,64105,Open,Restaurant/Deli 10-20 Employees,Restaurant/Deli,,Operational,"923 Broadway Blvd
Kansas City, MISSOURI 64105
(39.102842, -94.58827)"
106706,Express Mart,Express Mart,1331 E. Bannister Rd.,,Kansas City,MISSOURI,64131,Open,Retail Grocery/Market 3001-30000 sq. ft.,Retail Grocery/Market,,Operational,"1331 E. Bannister Rd.
Kansas City, MISSOURI 64131
(38.955082, -94.573261)"
106128,Oceans of Fun Mix-it-Up,Oceans of Fun Mix-it-Up,4545 Worlds of Fun,,Kansas City,MISSOURI,64161,Open,Restaurant/Deli 0-5 Employees,Restaurant/Deli,,Operational,"4545 Worlds of Fun
Kansas City, MISSOURI 64161
(39.174532, -94.492423)"
F00065,Three Forks Farm,Three Forks Farm,303 E 79th St,,Kansas City,MISSOURI,64114,Open,Farmers Market Permit,Farmers Market Permit,,Operational,"303 E 79th St
Kansas City, MISSOURI 64114
(38.984742, -94.586411)"
522816,Westport Munchies 522816,Westport Munchies 522816,431 Westport Rd.,,Kansas City,MISSOURI,64111,Open,Mobile Unit/Pushcart,Mobile Unit/Pushcart,,Operational,"431 Westport Rd.
Kansas City, MISSOURI 64111
(39.053155, -94.590839)"
106803,Aldi,Aldi,3830 Prospect,,Kansas City,MISSOURI,64128,Open,Retail Grocery/Market 3001-30000 sq. ft.,Retail Grocery/Market,,Operational,"3830 Prospect
Kansas City, MISSOURI 64128
(39.056746, -94.553509)"
106215,Hotel Sorella Restaurante Rosso,Hotel Sorella Restaurante Rosso,901 W 48th Pl,,Kansas City,MISSOURI,64112,Open,Restaurant/Deli 21-40 Employees,Restaurant/Deli,,Operational,"901 W 48th Pl
Kansas City, MISSOURI 64112
(39.04069, -94.597799)"
800352,Hy-Vee,Hy-Vee,18101 W 119th St,,Olathe,KANSAS,66061,Open,Catering Permit,Catering Permit,,Operational,"18101 W 119th St
Olathe, KANSAS 66061
(38.912651, -94.795373)"
106307,Baraka Market,Baraka Market,1447 Independence Ave,,Kansas City,MISSOURI,64106,Open,Retail Grocery/Market Under 3000 sq. ft.,Retail Grocery/Market,,Operational,"1447 Independence Ave
Kansas City, MISSOURI 64106
(39.106731, -94.56274)"
107343,Jimmy Johns #1034,Jimmy Johns #1034,3900 Broadway Blvd,,Kansas City ,MISSOURI,64111,Open,Restaurant/Deli 10-20 Employees,Restaurant/Deli,http://1034@freaky-fast.com ,Operational,"3900 Broadway Blvd
Kansas City, MISSOURI 64111
(39.056501, -94.59078)"
541014,Jersey Dogs Truck 541014,Jersey Dogs Truck 541014,1017 SE Sunny Side School Rd,,Blue Springs ,MISSOURI,64014,Open,Mobile Unit/Pushcart,Mobile Unit/Pushcart,,Operational,"1017 SE Sunny Side School Rd
Blue Springs, MISSOURI 64014
(39.004995, -94.257199)"
106471,Cafe Ha Tien,Cafe Ha Tien,1032 W 103rd St.,,Kansas City,MISSOURI,64114,Open,Restaurant/Deli 0-5 Employees,Restaurant/Deli,,Operational,"1032 W 103rd St.
Kansas City, MISSOURI 64114
(38.941863, -94.604096)"
105940,Midland Theater - Main Bar,Midland Theater - Main Bar,1228 Main St,,Kansas City,MISSOURI,64105,Open,Bar/Tavern 21-40 Employees,Bar/Tavern,,Operational,"1228 Main St
Kansas City, MISSOURI 64105
(39.098856, -94.583228)"
106484,"Taqueria El Paisa, LLC","Taqueria El Paisa, LLC",6406 E 87th Street,,Kansas City,MISSOURI,64138,Open,Restaurant/Deli 0-5 Employees,Restaurant/Deli,,Operational,"6406 E 87th Street
Kansas City, MISSOURI 64138
(38.967095, -94.512446)"
543916,Chubby's Hot Box Truck 543916,Chubby's Hot Box Truck 543916,3756 Broadway,,Kansas City,MISSOURI,64111,Open,Mobile Unit/Pushcart,Mobile Unit/Pushcart,,Operational,"3756 Broadway
Kansas City, MISSOURI 64111
(39.059013, -94.590632)"
107472,Joy Wok Super Buffet,Joy Wok Super Buffet,8320 N. Church Rd.,,Kansas City,MISSOURI,64158,Open,Restaurant/Deli 10-20 Employees,Restaurant/Deli,,Operational,"8320 N. Church Rd.
Kansas City, MISSOURI 64158
(39.24257, -94.461824)"
106191,El Paso del Norte (market),El Paso del Norte (market),3430 Independence Ave,,Kansas City,MISSOURI,64124,Open,Retail Grocery/Market Under 3000 sq. ft.,Retail Grocery/Market,,Operational,"3430 Independence Ave
Kansas City, MISSOURI 64124
(39.105945, -94.540678)"
105930,Q 39,Q 39,1000 W 39th ,,Kansas City ,MISSOURI,64111,Open,Restaurant/Deli 41-60 Employees,Restaurant/Deli,,Operational,"1000 W 39th
Kansas City, MISSOURI 64111
(39.057006, -94.597903)"
608413,Grinders Southwest Gate Bar,Grinders Southwest Gate Bar,1828 locust,,kansas city,MISSOURI,64108,Open,Seasonal Permit,Seasonal Permit,,Operational,"1828 locust
kansas city, MISSOURI 64108
(39.091223, -94.577809)"
106334,Scratch Bakery KC (restaurant),Scratch Bakery KC (restaurant),310 W 8th St,,Kansas City,MISSOURI,64105,Open,Restaurant/Deli 0-5 Employees,Restaurant/Deli,,Operational,"310 W 8th St
Kansas City, MISSOURI 64105
(39.104642, -94.58682)"
107407,Red Bridge Center - Cafeteria,Red Bridge Center - Cafeteria,3517 E Red Bridge Rd,,Kansas City,MISSOURI,64137,Open,Restaurant/Deli 6-9 Employees,Restaurant/Deli,,Operational,"3517 E Red Bridge Rd
Kansas City, MISSOURI 64137
(38.924507, -94.549042)"
106734,Academie Lafayette School (Guadalupe Centers Inc.),Academie Lafayette School (Guadalupe Centers Inc.),6903 Oak St.,,Kansas City,MISSOURI,64113,Open,School - Private 0-5 Employees,School - Private,,Operational,"6903 Oak St.
Kansas City, MISSOURI 64113
(39.002664, -94.584361)"
106969,Jimmy John's Gourmet Sandwiches #773,Jimmy John's Gourmet Sandwiches #773,8427 Wornall Rd.,,Kansas City,MISSOURI,64114,Open,Restaurant/Deli 10-20 Employees,Restaurant/Deli,,Operational,"8427 Wornall Rd.
Kansas City, MISSOURI 64114
(38.975064, -94.595054)"
106920,McDonald's,McDonald's,5347 Independence Ave,,Kansas City,MISSOURI,64124,Open,Restaurant/Deli 41-60 Employees,Restaurant/Deli,http://lisaessig@essigmanagement.com,Operational,"5347 Independence Ave
Kansas City, MISSOURI 64124
(39.105222, -94.519537)"
106091,Wendy's #6006,Wendy's #6006,3118  Main St. ,,Kansas City ,MISSOURI,64111,Open,Restaurant/Deli 21-40 Employees,Restaurant/Deli,,Operational,"3118 Main St.
Kansas City, MISSOURI 64111
(39.070332, -94.585343)"
105910,Chiefs Aramark Stand 127D,Chiefs Aramark Stand 127D,1 Arrowhead Dr,,Kansas City,MISSOURI,64129,Open,Restaurant/Deli 10-20 Employees,Restaurant/Deli,,Operational,"1 Arrowhead Dr
Kansas City, MISSOURI 64129
(39.051361, -94.49361)"
531616,Heroes NY Griddle 531616,Heroes NY Griddle 531616,21 E. 3rd St.,,Kansas City,MISSOURI,64106,Open,Mobile Unit/Pushcart,Mobile Unit/Pushcart,,Operational,"21 E. 3rd St.
Kansas City, MISSOURI 64106
(39.1099, -94.583104)"
107711,Treat America @ Community Blood Center - CK Kiosk,Treat America @ Community Blood Center - CK Kiosk,4040 Main St,,Kansas City,MISSOURI,64111,Open,Retail Grocery/Market Under 3000 sq. ft.,Retail Grocery/Market,,Operational,"4040 Main St
Kansas City, MISSOURI 64111
(39.052608, -94.586339)"
107352,2016 Main,2016 Main,2016 Main St,,Kansas City,MISSOURI,64108,Open,Bar/Tavern 0-5 Employees,Bar/Tavern,,Operational,"2016 Main St
Kansas City, MISSOURI 64108
(39.088878, -94.583726)"
107216,Hamburger Mary's Kansas City,Hamburger Mary's Kansas City,3700  Broadway ,110,Kansas City ,MISSOURI,64111,Open,Restaurant/Deli 21-40 Employees,Restaurant/Deli,http://barefootguy1966@gmail.com,Operational,"3700 Broadway
Kansas City, MISSOURI 64111
(39.06095, -94.590523)"
106765,Wexford Place Assisted Living and Memory Support,Wexford Place Assisted Living and Memory Support,6460 N Cosby Ave,,Kansas City,MISSOURI,64151,Open,Restaurant/Deli 0-5 Employees,Restaurant/Deli,,Operational,"6460 N Cosby Ave
Kansas City, MISSOURI 64151
(39.212543, -94.646339)"
800256,Westport Flea Market (catering),Westport Flea Market (catering),817 Westport Rd,,Kansas City,MISSOURI,64111,Open,Catering Permit,Catering Permit,,Operational,"817 Westport Rd
Kansas City, MISSOURI 64111
(39.051002, -94.596243)"
106731,Dollar General Store #14084,Dollar General Store #14084,8411 Holmes Rd.,,Kansas City,MISSOURI,64131,Open,Retail Grocery/Market 3001-30000 sq. ft.,Retail Grocery/Market,,Operational,"8411 Holmes Rd.
Kansas City, MISSOURI 64131
(38.974613, -94.581137)"
105909,Chiefs Aramark Stand 107F,Chiefs Aramark Stand 107F,1 Arrowhead Dr,,Kansas City,MISSOURI,64129,Open,Restaurant/Deli 6-9 Employees,Restaurant/Deli,,Operational,"1 Arrowhead Dr
Kansas City, MISSOURI 64129
(39.051361, -94.49361)"
106847,Tofig Market,Tofig Market,4430 St. John Ave,,Kansas City,MISSOURI,64123,Open,Retail Grocery/Market Under 3000 sq. ft.,Retail Grocery/Market,,Operational,"4430 St. John Ave
Kansas City, MISSOURI 64123
(39.112795, -94.529085)"
800218,Taking it to the Streets,Taking it to the Streets,1301  Doc Henry Rd,,Greenwood,MISSOURI,64034,Open,Fee Exempt,Fee Exempt,,Operational,"1301 Doc Henry Rd
Greenwood, MISSOURI 64034
(38.84064, -94.361831)"
512615,Top Stars Ice Cream 512615,Top Stars Ice Cream 512615,620 E. Linwood ,,Kansas City,MISSOURI,64109,Open,Ice Cream Moblie Vendor,Ice Cream Moblie Vendor,,Operational,"620 E. Linwood
Kansas City, MISSOURI 64109
(39.06889, -94.577547)"
106397,Empanada Madness,Empanada Madness,906 South West Blvd,,Kansas city,MISSOURI,64108,Open,Restaurant/Deli 0-5 Employees,Restaurant/Deli,http://andreapenaloza@gmail.com,Operational,"906 South West Blvd
Kansas city, MISSOURI 64108
(39.084036, -94.595006)"
800262,King of Kings Catering,King of Kings Catering,201 N Forest,,Independence,MISSOURI,64050,Open,Catering Permit,Catering Permit,,Operational,"201 N Forest
Independence, MISSOURI 64050
(39.093654, -94.436407)"
F00078,Chava's Farm,Chava's Farm,20 East 5th Street,,Kansas City,MISSOURI,64106,Open,Farmers Market Permit,Farmers Market Permit,,Operational,"20 East 5th Street
Kansas City, MISSOURI 64106
(39.108645, -94.581167)"
106793,Wendy's,Wendy's,13601 Madison Ave.,,Kansas City,MISSOURI,64145,Open,Restaurant/Deli 21-40 Employees,Restaurant/Deli,,Operational,"13601 Madison Ave.
Kansas City, MISSOURI 64145
(38.880947, -94.60447)"
106967,American Food & Vending Svcs of MO. Inc. @ Freightquote- Refresh K,American Food & Vending Svcs of MO. Inc. @ Freightquote- Refresh K,901 Carondelet Dr.,,Kansas City,MISSOURI,64114,Open,Retail Grocery/Market Under 3000 sq. ft.,Retail Grocery/Market,,Operational,"901 Carondelet Dr.
Kansas City, MISSOURI 64114
(38.934115, -94.604939)"
105442,UMKC Smart Market (Deli Permit),UMKC Smart Market (Deli Permit),5051 Oak,,Kansas City,MISSOURI,64110,Open,Restaurant/Deli 0-5 Employees,Restaurant/Deli,,Operational,"5051 Oak
Kansas City, MISSOURI 64110
(39.035219, -94.582648)"
106343,Chiefs Sheridan's @ the K - Vending 315,Chiefs Sheridan's @ the K - Vending 315,1 Red Coat Lane,,Kansas City,MISSOURI,64129,Open,Restaurant/Deli 0-5 Employees,Restaurant/Deli,,Operational,"1 Red Coat Lane
Kansas City, MISSOURI 64129
(39.046976, -94.484283)"
106493,Sam's Club #6247 - Snack Bar,Sam's Club #6247 - Snack Bar,8130 N. Church Rd.,,Kansas City,MISSOURI,64158,Open,Restaurant/Deli 10-20 Employees,Restaurant/Deli,,Operational,"8130 N. Church Rd.
Kansas City, MISSOURI 64158
(39.239759, -94.460423)"
107321,Neo Delicatessen,Neo Delicatessen,1000 Walnut St,,Kansas City,MISSOURI,64105,Open,Restaurant/Deli 0-5 Employees,Restaurant/Deli,,Operational,"1000 Walnut St
Kansas City, MISSOURI 64105
(39.1027, -94.581913)"
538516,Humdinger Drive In 538516,Humdinger Drive In 538516,2504  E 9th St,,Kansas City,MISSOURI,64124,Open,Mobile Unit/Pushcart,Mobile Unit/Pushcart,,Operational,"2504 E 9th St
Kansas City, MISSOURI 64124
(39.102512, -94.552119)"
106150,Culvers,Culvers,5091 NW 64th St,,Kansas City,MISSOURI,64151,Open,Restaurant/Deli 41-60 Employees,Restaurant/Deli,,Operational,"5091 NW 64th St
Kansas City, MISSOURI 64151
(39.210584, -94.63758)"
106070,Courtyard by Marriott at Briarcliff - The Main Event,Courtyard by Marriott at Briarcliff - The Main Event,4000 N Mulberry Dr,,Kansas City ,MISSOURI,64116,Open,Restaurant/Deli 0-5 Employees,Restaurant/Deli,,Operational,"4000 N Mulberry Dr
Kansas City, MISSOURI 64116
(39.165588, -94.594123)"
107391,ArtsTech,ArtsTech,1522 Holmes,,Kansas City,MISSOURI,64108,Open,Restaurant/Deli 0-5 Employees,Restaurant/Deli,,Operational,"1522 Holmes
Kansas City, MISSOURI 64108
(39.094781, -94.575311)"
106955,KC Smokehouse Pub,KC Smokehouse Pub,8431 Wornall Rd.,,Kansas City,MISSOURI,64114,Open,Restaurant/Deli 10-20 Employees,Restaurant/Deli,,Operational,"8431 Wornall Rd.
Kansas City, MISSOURI 64114
(38.974789, -94.595068)"
106180,"American Food & Vending Services of Mo, Inc.","American Food & Vending Services of Mo, Inc.",100  W 26th,,Kansas City,MISSOURI,64108,Open,Restaurant/Deli 6-9 Employees,Restaurant/Deli,,Operational,"100 W 26th
Kansas City, MISSOURI 64108
(39.080285, -94.589597)"
546416,K.C. Zoo Dippin' Dots #3 546416,K.C. Zoo Dippin' Dots #3 546416,6800  Zoo Drive,,Kansas City,MISSOURI,64132,Open,Mobile Unit/Pushcart,Mobile Unit/Pushcart,,Operational,"6800 Zoo Drive
Kansas City, MISSOURI 64132
(39.00682, -94.53141)"
530816,Cheesy Pop's Pizza 530816,Cheesy Pop's Pizza 530816,11950 W. 95th St.,,Lenexa,KANSAS,66215,Open,Mobile Unit/Pushcart,Mobile Unit/Pushcart,,Operational,"11950 W. 95th St.
Lenexa, KANSAS 66215
(38.956611, -94.724978)"
106351,China Hut,China Hut,4922 NE 81st St.,,Kansas City,MISSOURI,64119,Open,Restaurant/Deli 0-5 Employees,Restaurant/Deli,,Operational,"4922 NE 81st St.
Kansas City, MISSOURI 64119
(39.240718, -94.522785)"
107162,Dollar General #15388,Dollar General #15388,5100 Blue Ridge Cutoff,,Kansas City ,MISSOURI,64129,Open,Retail Grocery/Market 3001-30000 sq. ft.,Retail Grocery/Market,http://tax-beerandwinelincense@dollar,Operational,"5100 Blue Ridge Cutoff
Kansas City, MISSOURI 64129
(39.030293, -94.480817)"
107709,Treat America @ DST Systems Output - CK Kiosk (Production),Treat America @ DST Systems Output - CK Kiosk (Production),2600 Southwest Blvd,,Kansas City,MISSOURI,64108,Open,Retail Grocery/Market Under 3000 sq. ft.,Retail Grocery/Market,,Operational,"2600 Southwest Blvd
Kansas City, MISSOURI 64108
(39.0802, -94.598853)"
107354,Function Junction,Function Junction,2450 Grand Blvd.,,Kansas City,MISSOURI,64108,Open,Restaurant/Deli 6-9 Employees,Restaurant/Deli,,Operational,"2450 Grand Blvd.
Kansas City, MISSOURI 64108
(39.082903, -94.581877)"
541316,Chiefs Aramark Tanteo Margarita Cart 541316,Chiefs Aramark Tanteo Margarita Cart 541316,1  Red Coat Ln,,Kansas City ,MISSOURI,64129,Open,Mobile Unit/Pushcart,Mobile Unit/Pushcart,,Operational,"1 Red Coat Ln
Kansas City, MISSOURI 64129
(39.046976, -94.484283)"
106160,The Draft Pick Grill & Cantina,The Draft Pick Grill & Cantina,240 NE Barry Rd,,Kansas City,MISSOURI,64155,Open,Restaurant/Deli 10-20 Employees,Restaurant/Deli,,Operational,"240 NE Barry Rd
Kansas City, MISSOURI 64155
(39.246416, -94.577831)"
106968,Sherwood Center,Sherwood Center,8030 Ward Parkway Plaza,,Kansas City,MISSOURI,64114,Open,School - Private 0-5 Employees,School - Private,,Operational,"8030 Ward Parkway Plaza
Kansas City, MISSOURI 64114
(38.981969, -94.60402)"
511316,Kin Kin's Little Truck 511316,Kin Kin's Little Truck 511316,202 Grand Blvd,,Kansas City,MISSOURI,64106,Open,Mobile Unit/Pushcart,Mobile Unit/Pushcart,,Operational,"202 Grand Blvd
Kansas City, MISSOURI 64106
(39.110821, -94.581124)"
107668,Pirate's Bone,Pirate's Bone,645 E 59th St.,,Kansas City,MISSOURI,64110,Open,Restaurant/Deli 0-5 Employees,Restaurant/Deli,,Operational,"645 E 59th St.
Kansas City, MISSOURI 64110
(39.020145, -94.579804)"
107717,Treat America @ DST Systems - CK Kiosk,Treat America @ DST Systems - CK Kiosk,7201 E 64th Ct,,Kansas City,MISSOURI,64133,Open,Retail Grocery/Market Under 3000 sq. ft.,Retail Grocery/Market,,Operational,"7201 E 64th Ct
Kansas City, MISSOURI 64133
(39.010908, -94.502024)"
106779,White Horse Pub,White Horse Pub,10221  N Oak Trafficway,,Kansas City,MISSOURI,64155,Open,Restaurant/Deli 10-20 Employees,Restaurant/Deli,,Operational,"10221 N Oak Trafficway
Kansas City, MISSOURI 64155
(39.279292, -94.5755)"
S0035,Buds & Berries,Buds & Berries,20 E 5th St,,Kansas City,MISSOURI,64106,Open,Sampling Permit,Sampling Permit,,Operational,"20 E 5th St
Kansas City, MISSOURI 64106
(39.108645, -94.581167)"
106499,Price Rite Market & Deli (deli),Price Rite Market & Deli (deli),6400 NW Waukomis,,Kansas City,MISSOURI,64151,Open,Restaurant/Deli 0-5 Employees,Restaurant/Deli,,Operational,"6400 NW Waukomis
Kansas City, MISSOURI 64151
(39.210578, -94.612198)"
S0033,Landeria Farm,Landeria Farm,20 E 5th St,,Kansas City,MISSOURI,64106,Open,Sampling Permit,Sampling Permit,,Operational,"20 E 5th St
Kansas City, MISSOURI 64106
(39.108645, -94.581167)"
106846,Aza Restaurant,Aza Restaurant,4432 St. John Ave,,Kansas City,MISSOURI,64123,Open,Restaurant/Deli 0-5 Employees,Restaurant/Deli,,Operational,"4432 St. John Ave
Kansas City, MISSOURI 64123
(39.112794, -94.529058)"
106353,Fuel Expresso 9 - Deli,Fuel Expresso 9 - Deli,10500 NE Cookingham Dr,,Kansas City,MISSOURI,64157,Open,Restaurant/Deli 0-5 Employees,Restaurant/Deli,,Operational,"10500 NE Cookingham Dr
Kansas City, MISSOURI 64157
(39.266629, -94.448622)"
539614,Claudia Fired Up 539614,Claudia Fired Up 539614,7320 Falmouth,,Prairie Villa,KANSAS,66208,Open,Mobile Unit/Pushcart,Mobile Unit/Pushcart,,Operational,"7320 Falmouth
Prairie Villa, KANSAS 66208
(38.996596, -94.624841)"
106807,One Stop Shop Market,One Stop Shop Market,5805 E. 17th St.,,Kansas City,MISSOURI,64126,Open,Retail Grocery/Market Under 3000 sq. ft.,Retail Grocery/Market,,Operational,"5805 E. 17th St.
Kansas City, MISSOURI 64126
(39.090343, -94.514644)"
106239,The Masquerade,The Masquerade,3027 Walnut,,Kansas City,MISSOURI,64108,Open,Restaurant/Deli 0-5 Employees,Restaurant/Deli,,Operational,"3027 Walnut
Kansas City, MISSOURI 64108
(39.071697, -94.584101)"
106751,Smoothie King #1153,Smoothie King #1153,6368 N Cosby Ave,,Kansas City,MISSOURI,64151,Open,Restaurant/Deli 10-20 Employees,Restaurant/Deli,,Operational,"6368 N Cosby Ave
Kansas City, MISSOURI 64151
(39.210108, -94.646814)"
105622,Red Wok,Red Wok,9322 N Oak Trafficway,,Kansas City,MISSOURI,64155,Open,Restaurant/Deli 6-9 Employees,Restaurant/Deli,,Operational,"9322 N Oak Trafficway
Kansas City, MISSOURI 64155
(39.26332, -94.575807)"
106837,Subway,Subway,4315 NE Chouteau Tfwy,,Kansas City,MISSOURI,64117,Open,Restaurant/Deli 10-20 Employees,Restaurant/Deli,,Operational,"4315 NE Chouteau Tfwy
Kansas City, MISSOURI 64117
(39.186493, -94.54351)"
107253,Swope Xpress Mart-retail,Swope Xpress Mart-retail,2601 Swope Parkway,,Kansas City,MISSOURI,64130,Open,Retail Grocery/Market 3001-30000 sq. ft.,Retail Grocery/Market,,Operational,"2601 Swope Parkway
Kansas City, MISSOURI 64130
(39.038772, -94.553954)"
F00070,Golden Rule Meats,Golden Rule Meats,4151 N Mulberry,,Kansas City,MISSOURI,64116,Open,Farmers Market Permit,Farmers Market Permit,,Operational,"4151 N Mulberry
Kansas City, MISSOURI 64116
(39.169745, -94.59934)"
107463,Smallcakes,Smallcakes,6127 NW 63rd Ter,,Kansas City,MISSOURI,64151,Open,Retail Bakery Under 3000 sq. ft.,Retail Bakery,,Operational,"6127 NW 63rd Ter
Kansas City, MISSOURI 64151
(39.20971, -94.652463)"
105681,KCI Boulevard TO-GO,KCI Boulevard TO-GO,17 N Rome Circle,,Kansas City,MISSOURI,64153,Open,Restaurant/Deli 10-20 Employees,Restaurant/Deli,,Operational,"17 N Rome Circle
Kansas City, MISSOURI 64153
(39.295698, -94.719518)"
106185,"Guadalupe Center, Inc -Alta Vista High School","Guadalupe Center, Inc -Alta Vista High School",2640 Belleview,,Kansas City,MISSOURI,64108,Open,Restaurant/Deli 0-5 Employees,Restaurant/Deli,http://Slopez@guadalupecenters.org,Operational,"2640 Belleview
Kansas City, MISSOURI 64108
(39.079193, -94.596449)"
106195,The Bite,The Bite,23 E 3rd st,,Kansas City,MISSOURI,64106,Open,Restaurant/Deli 0-5 Employees,Restaurant/Deli,,Operational,"23 E 3rd st
Kansas City, MISSOURI 64106
(39.109905, -94.58308)"
106824,McCrite Plaza at Briarcliff - Main Kitchen,McCrite Plaza at Briarcliff - Main Kitchen,1201 NW Tullison Rd,,Kansas City,MISSOURI,64116,Open,Restaurant/Deli 6-9 Employees,Restaurant/Deli,,Operational,"1201 NW Tullison Rd
Kansas City, MISSOURI 64116
(39.164463, -94.59864)"
106851,Treat America @ Cafe 1055 - CKLive Kiosk,Treat America @ Cafe 1055 - CKLive Kiosk,1055 Broadway Blvd,,Kansas City,MISSOURI,64105,Open,Retail Grocery/Market Under 3000 sq. ft.,Retail Grocery/Market,,Operational,"1055 Broadway Blvd
Kansas City, MISSOURI 64105
(39.101476, -94.588354)"
532616,Worlds of Fun - Food Truck 532616,Worlds of Fun - Food Truck 532616,4545 Worlds of Fun Ave,,Kansas City,MISSOURI,64161,Open,Mobile Unit/Pushcart,Mobile Unit/Pushcart,,Operational,"4545 Worlds of Fun Ave
Kansas City, MISSOURI 64161
(39.174532, -94.492423)"
106171,Power Play Metro North Inc.,Power Play Metro North Inc.,509 NW Barry Rd,,Kansas City,MISSOURI,64155,Open,Restaurant/Deli 41-60 Employees,Restaurant/Deli,,Operational,"509 NW Barry Rd
Kansas City, MISSOURI 64155
(39.246334, -94.587751)"
S0047,Borgman's Dairy,Borgman's Dairy,777  NW Highway 131,,Holden,MISSOURI,64040,Open,Sampling Permit,Sampling Permit,,Operational,"777 NW Highway 131
Holden, MISSOURI 64040
(38.886774, -93.978409)"
106071,Synergy House,Synergy House,2005 NE Parvin Rd,,Kansas City ,MISSOURI,64116,Open,Restaurant/Deli 0-5 Employees,Restaurant/Deli,,Operational,"2005 NE Parvin Rd
Kansas City, MISSOURI 64116
(39.167785, -94.554832)"
106246,John's Big Deck (2nd & 3rd floor),John's Big Deck (2nd & 3rd floor),928 Wyandotte St,,Kansas City,MISSOURI,64105,Open,Bar/Tavern 6-9 Employees,Bar/Tavern,,Operational,"928 Wyandotte St
Kansas City, MISSOURI 64105
(39.102728, -94.585453)"
106076,Farm to Table Kitchen,Farm to Table Kitchen,21  E 3rd St,,Kansas City ,MISSOURI,64106,Open,Restaurant/Deli 0-5 Employees,Restaurant/Deli,,Operational,"21 E 3rd St
Kansas City, MISSOURI 64106
(39.1099, -94.583104)"
107732,Arahaman Halal Market,Arahaman Halal Market,2536 Independence Ave,,Kansas City,MISSOURI,64124,Open,Retail Grocery/Market 3001-30000 sq. ft.,Retail Grocery/Market,,Operational,"2536 Independence Ave
Kansas City, MISSOURI 64124
(39.106302, -94.551041)"
107209,Pie Five Pizza,Pie Five Pizza,534 Westport Rd,,Kansas City ,MISSOURI,64111,Open,Restaurant/Deli 21-40 Employees,Restaurant/Deli,http://Kevin.Goebel@kcpie.com,Operational,"534 Westport Rd
Kansas City, MISSOURI 64111
(39.05216, -94.592883)"
105281,Chiefs Aramark Stand U322A,Chiefs Aramark Stand U322A,1 Arrowhead Dr,,Kansas City,MISSOURI,64129,Open,Restaurant/Deli 6-9 Employees,Restaurant/Deli,,Operational,"1 Arrowhead Dr
Kansas City, MISSOURI 64129
(39.051361, -94.49361)"
S0044,Spicy Guys,Spicy Guys,201 N. Forest Avenue,,Independence,MISSOURI,64050,Open,Sampling Permit,Sampling Permit,,Operational,"201 N. Forest Avenue
Independence, MISSOURI 64050
(39.093654, -94.436407)"
107317,Worlds Liquor 11,Worlds Liquor 11,9351 N Oak Trfwy,,Kansas City,MISSOURI,64155,Open,Retail Grocery/Market Under 3000 sq. ft.,Retail Grocery/Market,,Operational,"9351 N Oak Trfwy
Kansas City, MISSOURI 64155
(39.263814, -94.575653)"
106415,Swope Corridor Renaissance/Upper Room,Swope Corridor Renaissance/Upper Room,2803 E. 51st Street,,Kansas City,MISSOURI,64130,Open,Restaurant/Deli 6-9 Employees,Restaurant/Deli,,Operational,"2803 E. 51st Street
Kansas City, MISSOURI 64130
(39.033636, -94.55184)"
107289,Flavor Trade-Deli,Flavor Trade-Deli,3000 Troost Avenue,,Kansas City,MISSOURI,64109,Open,Restaurant/Deli 0-5 Employees,Restaurant/Deli,,Operational,"3000 Troost Avenue
Kansas City, MISSOURI 64109
(39.07217, -94.571239)"
105244,VanBrunt BP,VanBrunt BP,3027 Van Brunt,,Kansas City,MISSOURI,64128,Open,Retail Grocery/Market Under 3000 sq. ft.,Retail Grocery/Market,,Operational,"3027 Van Brunt
Kansas City, MISSOURI 64128
(39.069979, -94.520564)"
531715,Price Rite Mobile 531715,Price Rite Mobile 531715,6400 NW Waukomis,,Kansas City,MISSOURI,64151,Open,Mobile Unit/Pushcart,Mobile Unit/Pushcart,,Operational,"6400 NW Waukomis
Kansas City, MISSOURI 64151
(39.210578, -94.612198)"
105448,KC Ice,KC Ice,6109 NW 63rd St,,Kansas City,MISSOURI,64151,Open,Restaurant/Deli 6-9 Employees,Restaurant/Deli,,Operational,"6109 NW 63rd St
Kansas City, MISSOURI 64151
(39.208154, -94.651696)"
106086,Small Talk Cafe,Small Talk Cafe,3100  Broadway ,104,Kansas City ,MISSOURI,64111,Open,Restaurant/Deli 0-5 Employees,Restaurant/Deli,,Operational,"3100 Broadway
Kansas City, MISSOURI 64111
(39.070873, -94.589959)"
106328,Potbelly Sandwich Shop,Potbelly Sandwich Shop,4725 Broadway,,Kansas City,MISSOURI,64112,Open,Restaurant/Deli 21-40 Employees,Restaurant/Deli,,Operational,"4725 Broadway
Kansas City, MISSOURI 64112
(39.041237, -94.591645)"
105729,Warrior Cafe,Warrior Cafe,15790  Calvary Rd,,Kansas City,MISSOURI,64147,Open,Restaurant/Deli 0-5 Employees,Restaurant/Deli,,Operational,"15790 Calvary Rd
Kansas City, MISSOURI 64147
(38.83978, -94.54724)"
106133,Wendy's #6005,Wendy's #6005,5219  NE Chouteau,,Kansas City,MISSOURI,64119,Open,Restaurant/Deli 21-40 Employees,Restaurant/Deli,,Operational,"5219 NE Chouteau
Kansas City, MISSOURI 64119
(39.188825, -94.545351)"
106494,Hardees #1500529,Hardees #1500529,8170  NW Prairie View Rd,,Kansas City,MISSOURI,64151,Open,Restaurant/Deli 10-20 Employees,Restaurant/Deli,,Operational,"8170 NW Prairie View Rd
Kansas City, MISSOURI 64151
(39.242651, -94.658799)"
107655,Triangle Petroleum - Retail,Triangle Petroleum - Retail,4516 E. 39th St.,,Kansas City,MISSOURI,64128,Open,Retail Grocery/Market Under 3000 sq. ft.,Retail Grocery/Market,,Operational,"4516 E. 39th St.
Kansas City, MISSOURI 64128
(39.054699, -94.530886)"
106771,Ray's Donuts & Deli,Ray's Donuts & Deli,315  NE Vivion Rd,,Kansas City,MISSOURI,64118,Open,Restaurant/Deli 0-5 Employees,Restaurant/Deli,,Operational,"315 NE Vivion Rd
Kansas City, MISSOURI 64118
(39.181199, -94.57758)"
107379,Big Lots #5329,Big Lots #5329,13637  Washington Blvd.,,Kansas City,MISSOURI,64145,Open,Retail Grocery/Market 3001-30000 sq. ft.,Retail Grocery/Market,http://dorisgreathouse@biglots.com,Operational,"13637 Washington Blvd.
Kansas City, MISSOURI 64145
(38.88107, -94.60291)"
107678,L.P.'s,L.P.'s,4502 E. 24th St.,,Kansas City,MISSOURI,64127,Open,Retail Grocery/Market 3001-30000 sq. ft.,Retail Grocery/Market,,Operational,"4502 E. 24th St.
Kansas City, MISSOURI 64127
(39.082168, -94.530496)"
105493,Quik Trip #197 - Deli,Quik Trip #197 - Deli,13100  Holmes Rd.,,Kansas City,MISSOURI,64145,Open,Restaurant/Deli 10-20 Employees,Restaurant/Deli,,Operational,"13100 Holmes Rd.
Kansas City, MISSOURI 64145
(38.889239, -94.586045)"
530615,Paleteria Tropicana #4 530615,Paleteria Tropicana #4 530615,830 SW Blvd.,,Kansas City,MISSOURI,64108,Open,Ice Cream Moblie Vendor,Ice Cream Moblie Vendor,,Operational,"830 SW Blvd.
Kansas City, MISSOURI 64108
(39.084566, -94.594068)"
105477,The Stack BarBQ,The Stack BarBQ,8920 Wornall,,Kansas City,MISSOURI,64114,Open,Restaurant/Deli 10-20 Employees,Restaurant/Deli,,Operational,"8920 Wornall
Kansas City, MISSOURI 64114
(38.965824, -94.595477)"
107359,Kokoro Maki House,Kokoro Maki House,340 W. 75th,,Kansas City,MISSOURI,64114,Open,Restaurant/Deli 0-5 Employees,Restaurant/Deli,,Operational,"340 W. 75th
Kansas City, MISSOURI 64114
(38.992287, -94.593588)"
107117,Sonic Drive-In,Sonic Drive-In,301 NE 91st St,,Kansas City,MISSOURI,64155,Open,Restaurant/Deli 21-40 Employees,Restaurant/Deli,,Operational,"301 NE 91st St
Kansas City, MISSOURI 64155
(39.259013, -94.576592)"
105989,Gambal's,Gambal's,4116  Pennsylvania,,Kansas City,MISSOURI,64111,Open,Restaurant/Deli 10-20 Employees,Restaurant/Deli,,Operational,"4116 Pennsylvania
Kansas City, MISSOURI 64111
(39.052309, -94.591027)"
106957,St. Joseph Medical Center - Cafe' Josef,St. Joseph Medical Center - Cafe' Josef,1000 Carondelet Dr.,,Kansas City,MISSOURI,64114,Open,Restaurant/Deli 10-20 Employees,Restaurant/Deli,,Operational,"1000 Carondelet Dr.
Kansas City, MISSOURI 64114
(38.935007, -94.605907)"
106433,Walgreens #15588,Walgreens #15588,"7900 Lee's Summit Road, 1st Floor",,Kansas City,MISSOURI,64139,Open,Retail Grocery/Market 3001-30000 sq. ft.,Retail Grocery/Market,,Operational,"7900 Lee's Summit Road, 1st Floor
Kansas City, MISSOURI 64139
(38.973566, -94.39046)"
107394,Windstar's #1704 (deli),Windstar's #1704 (deli),1704 Grand Blvd,,Kansas City,MISSOURI,64108,Open,Restaurant/Deli 0-5 Employees,Restaurant/Deli,,Operational,"1704 Grand Blvd
Kansas City, MISSOURI 64108
(39.093082, -94.581258)"
106229,Tortilleria El Paisa (Market),Tortilleria El Paisa (Market),6406  East 87th st,,Kansas City ,MISSOURI,64138,Open,Retail Grocery/Market Under 3000 sq. ft.,Retail Grocery/Market,,Operational,"6406 East 87th st
Kansas City, MISSOURI 64138
(38.967095, -94.512446)"
106855,Treat America @ UMB Tech Center - CK Kiosk,Treat America @ UMB Tech Center - CK Kiosk,310  E 11th st,,Kansas City,MISSOURI,64106,Open,Retail Grocery/Market Under 3000 sq. ft.,Retail Grocery/Market,,Operational,"310 E 11th st
Kansas City, MISSOURI 64106
(39.101014, -94.579548)"
105726,Hy-Vee Gas #1 Retail,Hy-Vee Gas #1 Retail,8371 N St Clair Ave,,Kansas City,MISSOURI,64151,Open,Retail Grocery/Market 3001-30000 sq. ft.,Retail Grocery/Market,,Operational,"8371 N St Clair Ave
Kansas City, MISSOURI 64151
(39.246339, -94.64715)"
107207,GJ Fish & Chicken,GJ Fish & Chicken,6807 Longview Rd.,,Kansas City,MISSOURI,64134,Open,Restaurant/Deli 0-5 Employees,Restaurant/Deli,,Operational,"6807 Longview Rd.
Kansas City, MISSOURI 64134
(38.915357, -94.511794)"
107372,The Urban Event,The Urban Event,2001 Grand Blvd.,8th Floor,Kansas City,MISSOURI,64108,Open,Bar/Tavern 0-5 Employees,Bar/Tavern,,Operational,"2001 Grand Blvd.
Kansas City, MISSOURI 64108
(39.088634, -94.581467)"
106705,Fast Stop,Fast Stop,705 E. 75th St.,,Kansas City,MISSOURI,64131,Open,Retail Grocery/Market 3001-30000 sq. ft.,Retail Grocery/Market,,Operational,"705 E. 75th St.
Kansas City, MISSOURI 64131
(38.991707, -94.579574)"
530116,PerCup Tiki 530116,PerCup Tiki 530116,1401 Grand,,Kansas City,MISSOURI,64106,Open,Mobile Unit/Pushcart,Mobile Unit/Pushcart,,Operational,"1401 Grand
Kansas City, MISSOURI 64106
(39.096947, -94.581058)"
107663,I-70 Drive In Theatre,I-70 Drive In Theatre,8701 E. 40 Hwy.,,Kansas City,MISSOURI,64129,Open,Restaurant/Deli 10-20 Employees,Restaurant/Deli,,Operational,"8701 E. 40 Hwy.
Kansas City, MISSOURI 64129
(39.063376, -94.482141)"
107355,Treat America @ Kauffman Center - 5th floor,Treat America @ Kauffman Center - 5th floor,1601 Broadway ,,Kansas City,MISSOURI,64108,Open,Bar/Tavern 0-5 Employees,Bar/Tavern,,Operational,"1601 Broadway
Kansas City, MISSOURI 64108
(39.093798, -94.588707)"
533415,Wang-a-lang 533415,Wang-a-lang 533415,3504 Montgall,,Kansas City,MISSOURI,64128,Open,Mobile Unit/Pushcart,Mobile Unit/Pushcart,,Operational,"3504 Montgall
Kansas City, MISSOURI 64128
(39.062281, -94.552051)"
106951,The Brooksider Bar & Grill,The Brooksider Bar & Grill,6330 Brookside Plaza,,Kansas City,MISSOURI,64113,Open,Restaurant/Deli 21-40 Employees,Restaurant/Deli,,Operational,"6330 Brookside Plaza
Kansas City, MISSOURI 64113
(39.012883, -94.590709)"
105157,Collection,Collection,1532 Grand Blvd,,Kansas City,MISSOURI,64108,Open,Restaurant/Deli 0-5 Employees,Restaurant/Deli,http://celina@celinatio.com,Operational,"1532 Grand Blvd
Kansas City, MISSOURI 64108
(39.094646, -94.581172)"
107725,Treat America @ Rivergate Ventures - CK Kiosk,Treat America @ Rivergate Ventures - CK Kiosk,600 Broadway,,Kansas City,MISSOURI,64105,Open,Retail Grocery/Market Under 3000 sq. ft.,Retail Grocery/Market,,Operational,"600 Broadway
Kansas City, MISSOURI 64105
(39.106114, -94.588103)"
106454,Firehouse Subs,Firehouse Subs,8600 Ward Parkway,2128,Kansas City,MISSOURI,64114,Open,Restaurant/Deli 10-20 Employees,Restaurant/Deli,,Operational,"8600 Ward Parkway
Kansas City, MISSOURI 64114
(38.971601, -94.60543)"
105446,The Drop,The Drop,409  E 31st St,,Kansas City,MISSOURI,64108,Open,Restaurant/Deli 10-20 Employees,Restaurant/Deli,,Operational,"409 E 31st St
Kansas City, MISSOURI 64108
(39.070813, -94.579715)"
106736,Holiday Liquor,Holiday Liquor,7543 Troost Ave.,,Kansas City,MISSOURI,64131,Open,Retail Grocery/Market Under 3000 sq. ft.,Retail Grocery/Market,,Operational,"7543 Troost Ave.
Kansas City, MISSOURI 64131
(38.989808, -94.575747)"
107465,Zoe's Kitchen,Zoe's Kitchen,100 Ward Parkway,,Kansas City,MISSOURI,64112,Open,Restaurant/Deli 10-20 Employees,Restaurant/Deli,,Operational,"100 Ward Parkway
Kansas City, MISSOURI 64112
(39.040779, -94.588826)"
107337,The Brass on Baltimore - 3rd floor,The Brass on Baltimore - 3rd floor,1228 Baltimore Ave,,Kansas City,MISSOURI,64105,Open,Restaurant/Deli 0-5 Employees,Restaurant/Deli,,Operational,"1228 Baltimore Ave
Kansas City, MISSOURI 64105
(39.098836, -94.584387)"
106297,Treat America @ Kauffman Performing Art Center,Treat America @ Kauffman Performing Art Center,1601 Broadway,,Kansas City,MISSOURI,64108,Open,Restaurant/Deli 0-5 Employees,Restaurant/Deli,http://buddylahl@treatamerica.com,Operational,"1601 Broadway
Kansas City, MISSOURI 64108
(39.093798, -94.588707)"
107288,Curbside Munchies,Curbside Munchies,4104 Prospect Avenue,,Kansas City ,MISSOURI,64130,Open,Restaurant/Deli 0-5 Employees,Restaurant/Deli,,Operational,"4104 Prospect Avenue
Kansas City, MISSOURI 64130
(39.051625, -94.553793)"
543216,The Waffler 543216,The Waffler 543216,21 E. 3rd St.,,Kansas City,MISSOURI,64106,Open,Mobile Unit/Pushcart,Mobile Unit/Pushcart,,Operational,"21 E. 3rd St.
Kansas City, MISSOURI 64106
(39.1099, -94.583104)"
500315,Dee's Dogs 500315,Dee's Dogs 500315,2831  Prospect,,Kansas City,MISSOURI,64128,Open,Mobile Unit/Pushcart,Mobile Unit/Pushcart,,Operational,"2831 Prospect
Kansas City, MISSOURI 64128
(39.073647, -94.552653)"
105920,Jerusalem Bakery (Market),Jerusalem Bakery (Market),1404 Westport Rd.,,Kansas City,MISSOURI,64111,Open,Retail Grocery/Market Under 3000 sq. ft.,Retail Grocery/Market,,Operational,"1404 Westport Rd.
Kansas City, MISSOURI 64111
(39.050085, -94.603524)"
105147,Green Lady Lounge,Green Lady Lounge,1809  Grand Blvd,,Kansas City,MISSOURI,64108,Open,Restaurant/Deli 10-20 Employees,Restaurant/Deli,,Operational,"1809 Grand Blvd
Kansas City, MISSOURI 64108
(39.091311, -94.581347)"
107482,Freddy's Frozen Custard & Steakburgers,Freddy's Frozen Custard & Steakburgers,5150 N. Oak Trafficway,,Kansas City,MISSOURI,64118,Open,Restaurant/Deli 41-60 Employees,Restaurant/Deli,,Operational,"5150 N. Oak Trafficway
Kansas City, MISSOURI 64118
(39.186908, -94.576588)"
107667,Somali Star Shops,Somali Star Shops,1208 Brooklyn,,Kansas City,MISSOURI,64127,Open,Restaurant/Deli 0-5 Employees,Restaurant/Deli,,Operational,"1208 Brooklyn
Kansas City, MISSOURI 64127
(39.098919, -94.556028)"
106906,Taqueria Super Taco,Taqueria Super Taco,3616 Independence Ave,,Kansas City ,MISSOURI,64124,Open,Restaurant/Deli 0-5 Employees,Restaurant/Deli,,Operational,"3616 Independence Ave
Kansas City, MISSOURI 64124
(39.105873, -94.538257)"
541916,Mariana's Italian Kitchen 541916,Mariana's Italian Kitchen 541916,416 NW Arbor Dr,,Blue Springs,MISSOURI,64014,Open,Mobile Unit/Pushcart,Mobile Unit/Pushcart,,Operational,"416 NW Arbor Dr
Blue Springs, MISSOURI 64014
(39.049018, -94.264792)"
106912,Treat America @ Scuola Vita,Treat America @ Scuola Vita,535 Garfield Ave,,Kansas City,MISSOURI,64124,Open,School - Private 0-5 Employees,School - Private,,Operational,"535 Garfield Ave
Kansas City, MISSOURI 64124
(39.107887, -94.557016)"
546316,K.C. Zoo Dippin' Dots #2 546316,K.C. Zoo Dippin' Dots #2 546316,6800 Zoo Drive,,Kansas City,MISSOURI,64132,Open,Mobile Unit/Pushcart,Mobile Unit/Pushcart,,Operational,"6800 Zoo Drive
Kansas City, MISSOURI 64132
(39.00682, -94.53141)"
544516,Chief's Topy's Popcorn 544516,Chief's Topy's Popcorn 544516,1 Arrowhead Dr.,,Kansas City,MISSOURI,64129,Open,Mobile Unit/Pushcart,Mobile Unit/Pushcart,,Operational,"1 Arrowhead Dr.
Kansas City, MISSOURI 64129
(39.051361, -94.49361)"
105988,The Original Peachtree Buffet,The Original Peachtree Buffet,6800 Eastwood Trafficway,,Kansas City,MISSOURI,64129,Open,Restaurant/Deli 10-20 Employees,Restaurant/Deli,,Operational,"6800 Eastwood Trafficway
Kansas City, MISSOURI 64129
(39.030802, -94.504105)"
540215,Antojitos Silvas 540215,Antojitos Silvas 540215,1512 White,,Kansas City,MISSOURI,64126,Open,Mobile Unit/Pushcart,Mobile Unit/Pushcart,,Operational,"1512 White
Kansas City, MISSOURI 64126
(39.093357, -94.512491)"
F00066,Jisa's Farmstead Cheese,Jisa's Farmstead Cheese,20 E 5th Street,,Kansas City,MISSOURI,64106,Open,Farmers Market Permit,Farmers Market Permit,,Operational,"20 E 5th Street
Kansas City, MISSOURI 64106
(39.108645, -94.581167)"
526216,Bartle Hall Aramark Bar #4 526216,Bartle Hall Aramark Bar #4 526216,301 W. 13th St.,,Kansas City,MISSOURI,64105,Open,Mobile Unit/Pushcart,Mobile Unit/Pushcart,,Operational,"301 W. 13th St.
Kansas City, MISSOURI 64105
(39.0988, -94.58697)"
106159,Sinclair Platte Woods,Sinclair Platte Woods,5905 NW 72nd St,,Kansas City,MISSOURI,64151,Open,Retail Grocery/Market Under 3000 sq. ft.,Retail Grocery/Market,,Operational,"5905 NW 72nd St
Kansas City, MISSOURI 64151
(39.225094, -94.648685)"
106815,Community Fellowship Church of Jesus Christ,Community Fellowship Church of Jesus Christ,3838 Cleaver Blvd.,,Kansas City,MISSOURI,64128,Open,Restaurant/Deli 0-5 Employees,Restaurant/Deli,,Operational,"3838 Cleaver Blvd.
Kansas City, MISSOURI 64128
(39.05511, -94.520837)"
S0027,Pammy Sue's Kitchen LLC,Pammy Sue's Kitchen LLC,20 E 5th St. ,,Kansas City ,MISSOURI,64106,Open,Sampling Permit,Sampling Permit,,Operational,"20 E 5th St.
Kansas City, MISSOURI 64106
(39.108645, -94.581167)"
106318,Girls Scouts of NE KS & NW MO - Camp Prairie Schooner,Girls Scouts of NE KS & NW MO - Camp Prairie Schooner,15300  Ess Road,,Kansas City,MISSOURI,64136,Open,Restaurant/Deli 0-5 Employees,Restaurant/Deli,,Operational,"15300 Ess Road
Kansas City, MISSOURI 64136
(38.991376, -94.403418)"
106763,Taco Bell #29842,Taco Bell #29842,430  NE Barry Rd,,Kansas City ,MISSOURI,64155,Open,Restaurant/Deli 10-20 Employees,Restaurant/Deli,,Operational,"430 NE Barry Rd
Kansas City, MISSOURI 64155
(39.246353, -94.574325)"
106801,J's Fish & Chicken Market,J's Fish & Chicken Market,2831 Prospect,,Kansas City,MISSOURI,64128,Open,Restaurant/Deli 0-5 Employees,Restaurant/Deli,,Operational,"2831 Prospect
Kansas City, MISSOURI 64128
(39.073647, -94.552653)"
107727,Treat America @ Hostess Brand Corporate Offices - CK Kiosk,Treat America @ Hostess Brand Corporate Offices - CK Kiosk,1 E Armour Rd,,Kansas City,MISSOURI,64111,Open,Retail Grocery/Market Under 3000 sq. ft.,Retail Grocery/Market,,Operational,"1 E Armour Rd
Kansas City, MISSOURI 64111
(39.063788, -94.585673)"
105639,Big Biscuit,Big Biscuit,6332 NW Barry Rd,,Kansas City,MISSOURI,64154,Open,Restaurant/Deli 21-40 Employees,Restaurant/Deli,,Operational,"6332 NW Barry Rd
Kansas City, MISSOURI 64154
(39.247017, -94.652897)"
106286,El Pulgarcito Restaurant,El Pulgarcito Restaurant,4200 E Truman Rd,,Kansas city,MISSOURI,64127,Open,Restaurant/Deli 0-5 Employees,Restaurant/Deli,,Operational,"4200 E Truman Rd
Kansas city, MISSOURI 64127
(39.09403, -94.533021)"
107375,Safari Cafe,Safari Cafe,2605 Independence Ave.,,Kansas City,MISSOURI,64124,Open,Restaurant/Deli 0-5 Employees,Restaurant/Deli,,Operational,"2605 Independence Ave.
Kansas City, MISSOURI 64124
(39.106281, -94.550527)"
106491,Sam's Club #6247 - Retail,Sam's Club #6247 - Retail,8130 N. Church Rd.,,Kansas City,MISSOURI,64158,Open,Retail Grocery/Market 90001-100000 sq. ft.,Retail Grocery/Market,,Operational,"8130 N. Church Rd.
Kansas City, MISSOURI 64158
(39.239759, -94.460423)"
106498,Big Bowl Pho,Big Bowl Pho,7106 NW Prairie View Rd,,Kansas City,MISSOURI,64151,Open,Restaurant/Deli 0-5 Employees,Restaurant/Deli,,Operational,"7106 NW Prairie View Rd
Kansas City, MISSOURI 64151
(39.223901, -94.651025)"
106216,Hotel Sorella Bar Rosso,Hotel Sorella Bar Rosso,901 W 48th Pl,,Kansas City,MISSOURI,64112,Open,Bar/Tavern 10-20 Employees,Bar/Tavern,,Operational,"901 W 48th Pl
Kansas City, MISSOURI 64112
(39.04069, -94.597799)"
107208,Sultan's,Sultan's,1708 W 39th St,,Kansas City ,MISSOURI,64111,Open,Retail Bakery Under 3000 sq. ft.,Retail Bakery,http://asksmsd@yahoo.com,Operational,"1708 W 39th St
Kansas City, MISSOURI 64111
(39.057264, -94.605059)"
107403,The Islamic School/Society of Greater Kansas City,Islamic School of KC,8505 E 99th Street,,Kansas City,MISSOURI,64134,Open,School - Private 0-5 Employees,School - Private,,Operational,"8505 E 99th Street
Kansas City, MISSOURI 64134
(38.944328, -94.490259)"
105949,Subway,Subway,1802 NE Parvin Rd,,Kansas City,MISSOURI,64116,Open,Restaurant/Deli 0-5 Employees,Restaurant/Deli,,Operational,"1802 NE Parvin Rd
Kansas City, MISSOURI 64116
(39.166629, -94.557343)"
106810,Millennium Super Stop #1 Deli,Millennium Super Stop #1 Deli,1501 Cleveland,,Kansas City,MISSOURI,64127,Open,Restaurant/Deli 0-5 Employees,Restaurant/Deli,,Operational,"1501 Cleveland
Kansas City, MISSOURI 64127
(39.093596, -94.537847)"
800305,Hy-Vee,Hy-Vee,13400 W 87th St,,Lenexa,KANSAS,66215,Open,Catering Permit,Catering Permit,,Operational,"13400 W 87th St
Lenexa, KANSAS 66215
(38.971106, -94.741364)"
106142,Quik Trip #173 (Deli),Quik Trip #173 (Deli),528 Englewood Rd,,Kansas City ,MISSOURI,64118,Open,Restaurant/Deli 10-20 Employees,Restaurant/Deli,,Operational,"528 Englewood Rd
Kansas City, MISSOURI 64118
(39.195738, -94.587484)"
105348,Burger King,Burger King,700 E. Red Bridge,,Kansas City,MISSOURI,64131,Open,Restaurant/Deli 21-40 Employees,Restaurant/Deli,,Operational,"700 E. Red Bridge
Kansas City, MISSOURI 64131
(38.925812, -94.582767)"
107362,Screenland Crossroads,Screenland Crossroads,1701 McGee St.,200,Kansas City,MISSOURI,64108,Open,Restaurant/Deli 10-20 Employees,Restaurant/Deli,,Operational,"1701 McGee St.
Kansas City, MISSOURI 64108
(39.093148, -94.580066)"
106158,Wendy's,Wendy's,9800 NW Prairie View,,Kansas City,MISSOURI,64153,Open,Restaurant/Deli 21-40 Employees,Restaurant/Deli,,Operational,"9800 NW Prairie View
Kansas City, MISSOURI 64153
(39.273781, -94.671409)"
107656,Deluxe Liquors,Deluxe Liquors,4205 E. 24th St.,,Kansas City,MISSOURI,64127,Open,Retail Grocery/Market Under 3000 sq. ft.,Retail Grocery/Market,,Operational,"4205 E. 24th St.
Kansas City, MISSOURI 64127
(39.082275, -94.533412)"
105976,Cool Guy Foods,Cool Guy Foods,1330 E. Linwood,,Kansas City,MISSOURI,64109,Open,Restaurant/Deli 0-5 Employees,Restaurant/Deli,,Operational,"1330 E. Linwood
Kansas City, MISSOURI 64109
(39.06855, -94.567755)"
107206,Imo's Pizza,Imo's Pizza,4037 Mill St,,Kansas City,MISSOURI,64111,Open,Restaurant/Deli 10-20 Employees,Restaurant/Deli,http://michael@jarvisco.com,Operational,"4037 Mill St
Kansas City, MISSOURI 64111
(39.053513, -94.593884)"
F00053,Bristle Ridge Bakery (Farms),Bristle Ridge Bakery (Farms),20  E. 5th St. ,,Kansas City ,MISSOURI,64106,Open,Farmers Market Permit,Farmers Market Permit,,Operational,"20 E. 5th St.
Kansas City, MISSOURI 64106
(39.108645, -94.581167)"
106921,Scooter's Coffee,Scooter's Coffee,929 Walnut St,,Kansas City,MISSOURI,64106,Open,Restaurant/Deli 0-5 Employees,Restaurant/Deli,http://bob@freedom-llc.com,Operational,"929 Walnut St
Kansas City, MISSOURI 64106
(39.102454, -94.581917)"
539016,Detroit Coney 539016,Detroit Coney 539016,6300  Hedges Ave,,Raytown,MISSOURI,64133,Open,Mobile Unit/Pushcart,Mobile Unit/Pushcart,,Operational,"6300 Hedges Ave
Raytown, MISSOURI 64133
(39.008209, -94.454744)"
105145,Hilton Kansas City,Hilton Kansas City,8801 NW 112th St,,Kansas City,MISSOURI,64153,Open,Restaurant/Deli 41-60 Employees,Restaurant/Deli,,Operational,"8801 NW 112th St
Kansas City, MISSOURI 64153
(39.296617, -94.682624)"
516216,Bavarian Pretzel @ Sprint Center 516216,Bavarian Pretzel @ Sprint Center 516216,1407 Grand Blvd.,,Kansas City,MISSOURI,64106,Open,Mobile Unit/Pushcart,Mobile Unit/Pushcart,,Operational,"1407 Grand Blvd.
Kansas City, MISSOURI 64106
(39.096868, -94.581061)"
106481,"Tommy's - ""The Happy Place""","Tommy's - ""The Happy Place""",8019 Wornall,,Kansas City,MISSOURI,64114,Open,Bar/Tavern 6-9 Employees,Bar/Tavern,,Operational,"8019 Wornall
Kansas City, MISSOURI 64114
(38.982255, -94.594689)"
106228,Boulevard Brewing Company- Event Space,Boulevard Brewing Company- Event Space,2501 Southwest Boulevard,,Kansas City,MISSOURI,64108,Open,Bar/Tavern 10-20 Employees,Bar/Tavern,,Operational,"2501 Southwest Boulevard
Kansas City, MISSOURI 64108
(39.082197, -94.597063)"
105478,Johnny Jo's Pizzeria,Johnny Jo's Pizzeria,516 W. 103rd St,,Kansas City,MISSOURI,64114,Open,Restaurant/Deli 0-5 Employees,Restaurant/Deli,,Operational,"516 W. 103rd St
Kansas City, MISSOURI 64114
(38.941639, -94.598475)"
106466,Quik Trip #178 (deli),Quik Trip #178 (deli),10601 State Line Rd.,,Kansas City,MISSOURI,64114,Open,Restaurant/Deli 10-20 Employees,Restaurant/Deli,,Operational,"10601 State Line Rd.
Kansas City, MISSOURI 64114
(38.934889, -94.607966)"
105346,University Academy-Ala Carte,University Academy-Ala Carte,6801 Holmes Rd.,,Kansas City,MISSOURI,64131,Open,School - Private 0-5 Employees,School - Private,,Operational,"6801 Holmes Rd.
Kansas City, MISSOURI 64131
(39.00459, -94.579621)"
107122,JJ's Bar & Grill,JJ's Bar & Grill,900  W. 48th Pl,Ste. 110,Kansas City,MISSOURI,64112,Open,Restaurant/Deli 21-40 Employees,Restaurant/Deli,,Operational,"900 W. 48th Pl
Kansas City, MISSOURI 64112
(39.04069, -94.597799)"
S0021,University of Missouri Extension,University of Missouri Extension,2700 E. 18th St. ,240,Kansas City ,MISSOURI,64127,Open,Sampling Permit,Sampling Permit,,Operational,"2700 E. 18th St.
Kansas City, MISSOURI 64127
(39.090781, -94.55084)"
105934,American Royal Center - Brancato's Catering Hale Arena Concession ,American Royal Center - Brancato's Catering Hale Arena Concession ,1701 American Royal Court,,Kansas City,MISSOURI,64102,Open,Restaurant/Deli 0-5 Employees,Restaurant/Deli,,Operational,"1701 American Royal Court
Kansas City, MISSOURI 64102
(39.090674, -94.603875)"
107267,My Way Lounge,My Way Lounge,6900 Prospect Avenue,,Kansas City ,MISSOURI,64132,Open,Restaurant/Deli 6-9 Employees,Restaurant/Deli,,Operational,"6900 Prospect Avenue
Kansas City, MISSOURI 64132
(39.00154, -94.556739)"
106453,Smoothie King #779,Smoothie King #779,8825 State Line Rd.,,Kansas City,MISSOURI,64114,Open,Restaurant/Deli 6-9 Employees,Restaurant/Deli,,Operational,"8825 State Line Rd.
Kansas City, MISSOURI 64114
(38.967777, -94.608089)"
105485,Drunken Worm,Drunken Worm,1405 W 39th Street,,Kansas City,MISSOURI,64111,Open,Restaurant/Deli 10-20 Employees,Restaurant/Deli,,Operational,"1405 W 39th Street
Kansas City, MISSOURI 64111
(39.057187, -94.602829)"
524016,Chiefs Sheridan's Unforked 524016 - Kiosk 336,Chiefs Sheridan's Unforked 524016 - Kiosk 336,1 Red Coat Lane,,Kansas City,MISSOURI,64129,Open,Mobile Unit/Pushcart,Mobile Unit/Pushcart,,Operational,"1 Red Coat Lane
Kansas City, MISSOURI 64129
(39.046976, -94.484283)"
106702,Steak 'm Take'm,Steak 'm Take'm,7702  Troost Ave,,Kansas City,MISSOURI,64131,Open,Restaurant/Deli 0-5 Employees,Restaurant/Deli,,Operational,"7702 Troost Ave
Kansas City, MISSOURI 64131
(38.987778, -94.575845)"
106924,Bloom Baking Company,Bloom Baking Company,15 E 3rd St,,Kansas City,MISSOURI,64106,Open,Restaurant/Deli 10-20 Employees,Restaurant/Deli,http://haras08@hotmail.com,Operational,"15 E 3rd St
Kansas City, MISSOURI 64106
(39.109885, -94.583178)"
530316,KC Kona Ice #3 530316,KC Kona Ice #3 530316,5109 W 161st St,,Overland Park,KANSAS,66085,Open,Mobile Unit/Pushcart,Mobile Unit/Pushcart,,Operational,"5109 W 161st St
Overland Park, KANSAS 66085
(38.836846, -94.642874)"
800158,Cool Guy Foods-Catering,Cool Guy Foods-Catering,1330 E. Linwood,,Kansas City,MISSOURI,64109,Open,Catering Permit,Catering Permit,,Operational,"1330 E. Linwood
Kansas City, MISSOURI 64109
(39.06855, -94.567755)"
107466,Sprouts Farmers Market #722 (deli/bakery),Sprouts Farmers Market #722 (deli/bakery),6061 NW 64th St,,Kansas City,MISSOURI,64151,Open,Restaurant/Deli 10-20 Employees,Restaurant/Deli,,Operational,"6061 NW 64th St
Kansas City, MISSOURI 64151
(39.210441, -94.650221)"
800237,Above & Beyond Catering,Above & Beyond Catering,1321 Burlington Ave,700,North Kansas ,MISSOURI,64116,Open,Catering Permit,Catering Permit,,Operational,"1321 Burlington Ave
North Kansas, MISSOURI 64116
(39.13304, -94.580461)"
106141,Embassy Suites KCI- Gift Shop,Embassy Suites KCI- Gift Shop,7640 NW Tiffany Springs Pkwy,,Kansas City,MISSOURI,64153,Open,Retail Grocery/Market Under 3000 sq. ft.,Retail Grocery/Market,,Operational,"7640 NW Tiffany Springs Pkwy
Kansas City, MISSOURI 64153
(39.274314, -94.666731)"
107411,The Brooksider Bar & Grill-Patio Bar,The Brooksider Bar & Grill-Patio Bar,6330 Brookside Plaza,,Kansas City,MISSOURI,64113,Open,Bar/Tavern 21-40 Employees,Bar/Tavern,,Operational,"6330 Brookside Plaza
Kansas City, MISSOURI 64113
(39.012883, -94.590709)"
107371,Barrel 31- Outdoors Bar,Barrel 31- Outdoors Bar,400 E 31st ST,,Kansas City,MISSOURI,64108,Open,Restaurant/Deli 0-5 Employees,Restaurant/Deli,,Operational,"400 E 31st ST
Kansas City, MISSOURI 64108
(39.070821, -94.579885)"
107721,Treat America @ Dairy Farmers of America - CK Kiosk,Treat America @ Dairy Farmers of America - CK Kiosk,10220 N Ambassador Dr,,Kansas City,MISSOURI,64153,Open,Retail Grocery/Market Under 3000 sq. ft.,Retail Grocery/Market,,Operational,"10220 N Ambassador Dr
Kansas City, MISSOURI 64153
(39.280179, -94.670747)"
513616,K&C Concessions 513616,K&C Concessions 513616,1613 E. Peoria St.,,Paola,KANSAS,66071,Open,Mobile Unit/Pushcart,Mobile Unit/Pushcart,,Operational,"1613 E. Peoria St.
Paola, KANSAS 66071
(38.570703, -94.858131)"
105494,Quik Trip #197 - Market,Quik Trip #197 - Market,13100  Holmes Rd.,,Kansas City,MISSOURI,64145,Open,Retail Grocery/Market 3001-30000 sq. ft.,Retail Grocery/Market,,Operational,"13100 Holmes Rd.
Kansas City, MISSOURI 64145
(38.889239, -94.586045)"
105279,La Hamburguesa Loca,La Hamburguesa Loca,3009 Independence Ave,,Kansas City,MISSOURI,64124,Open,Restaurant/Deli 0-5 Employees,Restaurant/Deli,,Operational,"3009 Independence Ave
Kansas City, MISSOURI 64124
(39.106084, -94.544966)"
107103,Nick and Jake's on Main,Nick and Jake's on Main,5031 Main,,Kansas City,MISSOURI,64112,Open,Restaurant/Deli 61-70 Employees,Restaurant/Deli,,Operational,"5031 Main
Kansas City, MISSOURI 64112
(39.035588, -94.587291)"
105492,Margarita's,Margarita's,13401 Holmes,,Kansas City,MISSOURI,64145,Open,Restaurant/Deli 21-40 Employees,Restaurant/Deli,,Operational,"13401 Holmes
Kansas City, MISSOURI 64145
(38.884261, -94.5864)"
107152,Conoco Saaki Food Mart- Deli,Conoco Saaki Food Mart- Deli,6408  E 87th Street,,Kansas City ,MISSOURI,64138,Open,Restaurant/Deli 0-5 Employees,Restaurant/Deli,http://saakifoodmart@gmail.com,Operational,"6408 E 87th Street
Kansas City, MISSOURI 64138
(38.967129, -94.512981)"
107729,Tacos El Guero,Tacos El Guero,6100 St. John Ave,,Kansas City,MISSOURI,64123,Open,Restaurant/Deli 0-5 Employees,Restaurant/Deli,,Operational,"6100 St. John Ave
Kansas City, MISSOURI 64123
(39.112157, -94.510419)"
106292,Kansas City Rescue Mission Women's Center,Kansas City Rescue Mission Women's Center,2611 E 11st,,Kansas City,MISSOURI,64127,Open,Restaurant/Deli 10-20 Employees,Restaurant/Deli,http://TRichardson@kcrm.org,Operational,"2611 E 11st
Kansas City, MISSOURI 64127
(39.100636, -94.550946)"
107290,Brigabon Candy Company,Brigabon Candy Company,3000 Troost,,Kansas City,MISSOURI,64109,Open,Restaurant/Deli 0-5 Employees,Restaurant/Deli,,Operational,"3000 Troost
Kansas City, MISSOURI 64109
(39.07217, -94.571239)"
547016,Chiefs DTF Cart 547016,Chiefs DTF Cart 547016,1 Arrowhead Dr,,Kansas City,MISSOURI,64129,Open,Mobile Unit/Pushcart,Mobile Unit/Pushcart,,Operational,"1 Arrowhead Dr
Kansas City, MISSOURI 64129
(39.051361, -94.49361)"
106783,Price Chopper (Bakery),Price Chopper (Bakery),500 N.E. Barry Road,,Kansas City,MISSOURI,64155,Open,Retail Bakery Under 3000 sq. ft.,Retail Bakery,,Operational,"500 N.E. Barry Road
Kansas City, MISSOURI 64155
(39.246357, -94.574191)"
106354,Fuel Expresso 9,Fuel Expresso 9,10500 NE Cookingham Dr,,Kansas City,MISSOURI,64157,Open,Retail Grocery/Market Under 3000 sq. ft.,Retail Grocery/Market,,Operational,"10500 NE Cookingham Dr
Kansas City, MISSOURI 64157
(39.266629, -94.448622)"
536214,La Flor De Chiapas 536214,La Flor De Chiapas 536214,3253 Independence Ave.,,Kansas City,MISSOURI,64124,Open,Mobile Unit/Pushcart,Mobile Unit/Pushcart,,Operational,"3253 Independence Ave.
Kansas City, MISSOURI 64124
(39.105995, -94.54204)"
106114,Oddly Correct,Oddly Correct,3940  Main,,Kansas City,MISSOURI,64111,Open,Restaurant/Deli 0-5 Employees,Restaurant/Deli,,Operational,"3940 Main
Kansas City, MISSOURI 64111
(39.055322, -94.586183)"
106712,China Star,China Star,911 E. 85th St.,,Kansas City,MISSOURI,64131,Open,Restaurant/Deli 0-5 Employees,Restaurant/Deli,,Operational,"911 E. 85th St.
Kansas City, MISSOURI 64131
(38.973798, -94.579247)"
800302,The Gallery (catering),The Gallery (catering),61 E 14th St,,Kansas City,MISSOURI,64106,Open,Catering Permit,Catering Permit,,Operational,"61 E 14th St
Kansas City, MISSOURI 64106
(39.097232, -94.582653)"
541216,Chiefs Aramark Tanteo Margarita Cart 541216,Chiefs Aramark Tanteo Margarita Cart 541216,1 Red Coat Ln,,Kansas City ,MISSOURI,64129,Open,Mobile Unit/Pushcart,Mobile Unit/Pushcart,,Operational,"1 Red Coat Ln
Kansas City, MISSOURI 64129
(39.046976, -94.484283)"
107233,Westport Ale House Rooftop Bar,Westport Ale House Rooftop Bar,4128  Broadway ,,Kansas City ,MISSOURI,64111,Open,Bar/Tavern 6-9 Employees,Bar/Tavern,http://info@westportalehouse.com,Operational,"4128 Broadway
Kansas City, MISSOURI 64111
(39.052309, -94.589776)"
530216,KC Kona Ice #2 530216,KC Kona Ice #2 530216,5109 W 161st St,,Overland Park,KANSAS,66085,Open,Mobile Unit/Pushcart,Mobile Unit/Pushcart,,Operational,"5109 W 161st St
Overland Park, KANSAS 66085
(38.836846, -94.642874)"
106475,Wendy's #6014,Wendy's #6014,7933 State Line Rd.,,Kansas City,MISSOURI,64114,Open,Restaurant/Deli 21-40 Employees,Restaurant/Deli,http://store6014@npcinternational.com,Operational,"7933 State Line Rd.
Kansas City, MISSOURI 64114
(38.984219, -94.608202)"
107496,Park Hill High School (Concessions),Park Hill High School (Concessions),7701 NW Barry Rd,,Kansas City,MISSOURI,64153,Open,Restaurant/Deli 0-5 Employees,Restaurant/Deli,,Operational,"7701 NW Barry Rd
Kansas City, MISSOURI 64153
(39.246894, -94.671454)"
106797,Eat Me Gourmet,Eat Me Gourmet,4112 Pennsylvania,,Kansas City,MISSOURI,64111,Open,Restaurant/Deli 6-9 Employees,Restaurant/Deli,,Operational,"4112 Pennsylvania
Kansas City, MISSOURI 64111
(39.05243, -94.591123)"
107339,Jimmy John's Gourmet Sandwiches #643,Jimmy John's Gourmet Sandwiches #643,1100 Grand Ave,,Kansas City,MISSOURI,64106,Open,Restaurant/Deli 10-20 Employees,Restaurant/Deli,,Operational,"1100 Grand Ave
Kansas City, MISSOURI 64106
(39.100841, -94.580856)"
106483,Cheddar's Casual Cafe,Cheddar's Casual Cafe,8380 N. Booth Ave,,Kansas City,MISSOURI,64158,Open,Restaurant/Deli 141-150 Employees,Restaurant/Deli,,Operational,"8380 N. Booth Ave
Kansas City, MISSOURI 64158
(39.243975, -94.477034)"
F00075,Wakarusa Valley Farm,Wakarusa Valley Farm,20 E 5th St,,Kansas City,MISSOURI,64106,Open,Farmers Market Permit,Farmers Market Permit,,Operational,"20 E 5th St
Kansas City, MISSOURI 64106
(39.108645, -94.581167)"
107118,Jax Fish House Kansas City,Jax Fish House Kansas City,4814 Roanoke Parkway,,Kansas City,MISSOURI,64112,Open,Restaurant/Deli 61-70 Employees,Restaurant/Deli,,Operational,"4814 Roanoke Parkway
Kansas City, MISSOURI 64112
(39.039961, -94.597434)"
541814,Susan's KC Buffalo Express 541814,Susan's KC Buffalo Express 541814,2201 E 203rd,,Belton,MISSOURI,64102,Open,Mobile Unit/Pushcart,Mobile Unit/Pushcart,,Operational,"2201 E 203rd
Belton, MISSOURI 64102
(38.758657, -94.574818)"
107734,Good JuJu,Good JuJu,1420  W. 13th Ter.,,Kansas City,MISSOURI,64102,Open,Restaurant/Deli 0-5 Employees,Restaurant/Deli,,Operational,"1420 W. 13th Ter.
Kansas City, MISSOURI 64102
(39.098827, -94.601804)"
F00056,Danjo Farms,Danjo Farms,20  E. 5th St. ,,Kansas City ,MISSOURI,64106,Open,Farmers Market Permit,Farmers Market Permit,,Operational,"20 E. 5th St.
Kansas City, MISSOURI 64106
(39.108645, -94.581167)"
107368,Up Down,Up Down,101 Southwest Blvd.,,Kansas City,MISSOURI,64108,Open,Bar/Tavern 10-20 Employees,Bar/Tavern,,Operational,"101 Southwest Blvd.
Kansas City, MISSOURI 64108
(39.090133, -94.585306)"
502616,Coffee Cake KC 502616,Coffee Cake KC 502616,30 W. Pershing,,Kansas City,MISSOURI,64108,Open,Mobile Unit/Pushcart,Mobile Unit/Pushcart,,Operational,"30 W. Pershing
Kansas City, MISSOURI 64108
(39.084068, -94.584514)"
106410,Phillips 66,Phillips 66,5425  Prospect Avenue,,Kansas City,MISSOURI,64131,Open,Retail Grocery/Market Under 3000 sq. ft.,Retail Grocery/Market,,Operational,"5425 Prospect Avenue
Kansas City, MISSOURI 64131
(39.027349, -94.555125)"
F00057,Norm's Gourmet Sauce & Blends,Norm's Gourmet Sauce & Blends,20  E. 5th St.,,Kansas City ,MISSOURI,64106,Open,Farmers Market Permit,Farmers Market Permit,,Operational,"20 E. 5th St.
Kansas City, MISSOURI 64106
(39.108645, -94.581167)"
105922,Madrid Theatre,Madrid Theatre,3810  Main St,,Kansas City ,MISSOURI,64111,Open,Bar/Tavern 0-5 Employees,Bar/Tavern,,Operational,"3810 Main St
Kansas City, MISSOURI 64111
(39.058164, -94.586012)"
105496,Hardee's #1505557,Hardee's #1505557,13628 Washington St.,,Kansas City,MISSOURI,64145,Open,Restaurant/Deli 10-20 Employees,Restaurant/Deli,,Operational,"13628 Washington St.
Kansas City, MISSOURI 64145
(38.881624, -94.602779)"
105928,The Myriad House,The Myriad House,4448 Bell St ,,Kansas City ,MISSOURI,64111,Open,Restaurant/Deli 0-5 Employees,Restaurant/Deli,,Operational,"4448 Bell St
Kansas City, MISSOURI 64111
(39.046594, -94.606591)"
106118,Hi Dive Lounge,Hi Dive Lounge,1411 W. 39th St,,Kansas City,MISSOURI,64111,Open,Restaurant/Deli 10-20 Employees,Restaurant/Deli,,Operational,"1411 W. 39th St
Kansas City, MISSOURI 64111
(39.057196, -94.603075)"
535516,Schwan's #519115 535516,Schwan's #519115 535516,115 West College Dr.,,Marshall,MINNESOTA,56258,Open,Truck/Tent Sales,Truck/Tent Sales,,Operational,"115 West College Dr.
Marshall, MINNESOTA 56258
(44.445739, -95.790376)"
106450,Texas Toms,Texas Toms,709 E Linwood Blvd,,Kansas City,MISSOURI,64109,Open,Restaurant/Deli 6-9 Employees,Restaurant/Deli,,Operational,"709 E Linwood Blvd
Kansas City, MISSOURI 64109
(39.068858, -94.576533)"
107314,Treat America @ Commerce Bank - CK Kiosk,Treat America @ Commerce Bank - CK Kiosk,811 Main St,,Kansas City,MISSOURI,64105,Open,Retail Grocery/Market Under 3000 sq. ft.,Retail Grocery/Market,,Operational,"811 Main St
Kansas City, MISSOURI 64105
(39.104099, -94.582998)"
107710,Treat America @ DST Systems Output - CK Kiosk (Large Roundhouse),Treat America @ DST Systems Output - CK Kiosk (Large Roundhouse),2600 Southwest Blvd,,Kansas City,MISSOURI,64108,Open,Retail Grocery/Market Under 3000 sq. ft.,Retail Grocery/Market,,Operational,"2600 Southwest Blvd
Kansas City, MISSOURI 64108
(39.0802, -94.598853)"
501315,3D Ice Cream 501315,3D Ice Cream 501315,620  E. Linwood,,Kansas City,MISSOURI,64109,Open,Ice Cream Moblie Vendor,Ice Cream Moblie Vendor,,Operational,"620 E. Linwood
Kansas City, MISSOURI 64109
(39.06889, -94.577547)"
106213,Chuy's,Chuy's,209 W 46th Terrace,,Kansas City,MISSOURI,64112,Open,Restaurant/Deli 91-100 Employees,Restaurant/Deli,,Operational,"209 W 46th Terrace
Kansas City, MISSOURI 64112
(39.043183, -94.588836)"
107483,China Town Express,China Town Express,10201  N. Oak Trafficway,,Kansas City,MISSOURI,64155,Open,Restaurant/Deli 0-5 Employees,Restaurant/Deli,,Operational,"10201 N. Oak Trafficway
Kansas City, MISSOURI 64155
(39.278537, -94.5755)"
106444,Forty 2 Restaurant and Lounge,Forty 2 Restaurant and Lounge,4244-46 Indiana Street,,Kansas City,MISSOURI,64130,Open,Restaurant/Deli 0-5 Employees,Restaurant/Deli,,Operational,"4244-46 Indiana Street
Kansas City, MISSOURI 64130
(39.048869, -94.544703)"
545316,Taco Republic 545316,Taco Republic 545316,500 Ward Parkway,,Kansas City,MISSOURI,64112,Open,Mobile Unit/Pushcart,Mobile Unit/Pushcart,,Operational,"500 Ward Parkway
Kansas City, MISSOURI 64112
(39.040066, -94.594165)"
106928,Brothers Petroleum,Brothers Petroleum,1900 Independence Ave,,Kansas City,MISSOURI,64124,Open,Retail Grocery/Market Under 3000 sq. ft.,Retail Grocery/Market,,Operational,"1900 Independence Ave
Kansas City, MISSOURI 64124
(39.106574, -94.558356)"
521415,Ollie Pearls 521415,Ollie Pearls 521415,201 N. Forest,,Independence,MISSOURI,64050,Open,Mobile Unit/Pushcart,Mobile Unit/Pushcart,,Operational,"201 N. Forest
Independence, MISSOURI 64050
(39.093654, -94.436407)"
105242,Success Academy @ Knotts Elementary,Success Academy @ Knotts Elementary,7301 Jackson,,Kansas City,MISSOURI,64132,Open,School - Public 0-5 Employees,School - Public; School - Public,,Operational,"7301 Jackson
Kansas City, MISSOURI 64132
(38.995013, -94.538337)"
107413,Hogan Prepartory Academy,Hogan Prepartory Academy,1221 East Meyer Blvd.,,Kansas City,MISSOURI,64131,Open,Restaurant/Deli 6-9 Employees,Restaurant/Deli,,Operational,"1221 East Meyer Blvd.
Kansas City, MISSOURI 64131
(39.011417, -94.572194)"
525416,Werners on Wheels 525416,Werners on Wheels 525416,5736 Johnson,,Mission,KANSAS,66202,Open,Mobile Unit/Pushcart,Mobile Unit/Pushcart,,Operational,"5736 Johnson
Mission, KANSAS 66202
(39.022175, -94.65232)"
107232,Embassy Suties Hotel Market,Embassy Suties Hotel Market,220  W 43rd St ,,Kansas City ,MISSOURI,64111,Open,Retail Grocery/Market Under 3000 sq. ft.,Retail Grocery/Market,http://Ted.Frerking@hilton.com ,Operational,"220 W 43rd St
Kansas City, MISSOURI 64111
(39.049372, -94.588348)"
107475,Impact Fitness,Impact Fitness,6120  NW 63rd Ter,,Kansas City,MISSOURI,64151,Open,Restaurant/Deli 0-5 Employees,Restaurant/Deli,,Operational,"6120 NW 63rd Ter
Kansas City, MISSOURI 64151
(39.209719, -94.65249)"
541416,Chiefs Aramark Tanteo Margarita Cart 541416,Chiefs Aramark Tanteo Margarita Cart 541416,1 Red Coat Ln,,Kansas City ,MISSOURI,64129,Open,Mobile Unit/Pushcart,Mobile Unit/Pushcart,,Operational,"1 Red Coat Ln
Kansas City, MISSOURI 64129
(39.046976, -94.484283)"
106436,Vineyard Neighborhood Association Food Pantry,Vineyard Neighborhood Association Food Pantry,4301 E. 43rd Street,,Kansas City,MISSOURI,64130,Open,Fee Exempt,Fee Exempt,,Operational,"4301 E. 43rd Street
Kansas City, MISSOURI 64130
(39.047552, -94.534155)"
609007,Knuckleheads,Knuckleheads,2715 Rochester,,Kansas City,MISSOURI,64120,Open,Seasonal Permit,Seasonal Permit,,Operational,"2715 Rochester
Kansas City, MISSOURI 64120
(39.120646, -94.548532)"
524815,Paleteria Tropicana #2 524815,Paleteria Tropicana #2 524815,2125 Madison St,,Kansas City ,MISSOURI,64108,Open,Ice Cream Moblie Vendor,Ice Cream Moblie Vendor,,Operational,"2125 Madison St
Kansas City, MISSOURI 64108
(39.086705, -94.594845)"
107399,Smoothie King,Smoothie King,9269  NE 83rd Terrace,,Kansas City,MISSOURI,64158,Open,Restaurant/Deli 10-20 Employees,Restaurant/Deli,,Operational,"9269 NE 83rd Terrace
Kansas City, MISSOURI 64158
(39.243363, -94.462076)"
608313,Chiefs Levy Club Market,Chiefs Levy Club Market,1 Arrowhead Dr,,Kansas City,MISSOURI,64129,Open,Seasonal Permit,Seasonal Permit,,Operational,"1 Arrowhead Dr
Kansas City, MISSOURI 64129
(39.051361, -94.49361)"
106075,The Brass on Baltimore - 1st floor,The Brass on Baltimore - 1st floor,1228 Baltimore Ave,,Kansas City ,MISSOURI,64105,Open,Restaurant/Deli 0-5 Employees,Restaurant/Deli,,Operational,"1228 Baltimore Ave
Kansas City, MISSOURI 64105
(39.098836, -94.584387)"
107497,Applebee's,Applebee's,6530 NW Barry Rd,,Kansas City,MISSOURI,64154,Open,Restaurant/Deli 41-60 Employees,Restaurant/Deli,,Operational,"6530 NW Barry Rd
Kansas City, MISSOURI 64154
(39.246929, -94.656104)"
104667,Y-Leave Cafe @ Butler Manufacturing,Y-Leave Cafe @ Butler Manufacturing,1540 Genessee St,,Kansas City,MISSOURI,64102,Open,Restaurant/Deli 0-5 Employees,Restaurant/Deli,,Operational,"1540 Genessee St
Kansas City, MISSOURI 64102
(39.09557, -94.604892)"
106958,Big Lots #1037,Big Lots #1037,8236 Wornall Rd.,,Kansas City,MISSOURI,64114,Open,Retail Grocery/Market 30001-40000 sq. ft.,Retail Grocery/Market,,Operational,"8236 Wornall Rd.
Kansas City, MISSOURI 64114
(38.97809, -94.594898)"
107331,The Brass on Baltimore - 4th floor,The Brass on Baltimore - 4th floor,1228 Baltimore Ave,,Kansas City,MISSOURI,64105,Open,Restaurant/Deli 0-5 Employees,Restaurant/Deli,,Operational,"1228 Baltimore Ave
Kansas City, MISSOURI 64105
(39.098836, -94.584387)"
106486,Saki Asian Restaurant,Saki Asian Restaurant,5225 NW 64th St,,Kansas City,MISSOURI,64151,Open,Restaurant/Deli 6-9 Employees,Restaurant/Deli,,Operational,"5225 NW 64th St
Kansas City, MISSOURI 64151
(39.210533, -94.640885)"
107669,Heirloom Bakery & Hearth,Heirloom Bakery & Hearth,401  E. 63rd St.,,Kansas City,MISSOURI,64110,Open,Restaurant/Deli 10-20 Employees,Restaurant/Deli,,Operational,"401 E. 63rd St.
Kansas City, MISSOURI 64110
(39.013638, -94.58346)"
106326,Aramark at NNSA,Aramark at NNSA,14510 Botts Rd,,Kansas City,MISSOURI,64147,Open,Restaurant/Deli 6-9 Employees,Restaurant/Deli,,Operational,"14510 Botts Rd
Kansas City, MISSOURI 64147
(38.8636, -94.54605)"
107486,Kentucky Fried Chicken,Kentucky Fried Chicken,755 NW Barry Road,,Kansas City,MISSOURI,64155,Open,Restaurant/Deli 10-20 Employees,Restaurant/Deli,,Operational,"755 NW Barry Road
Kansas City, MISSOURI 64155
(39.246318, -94.588625)"
105479,McLain's Bakery,McLain's Bakery,201 E. Gregory,,Kansas City,MISSOURI,64114,Open,Retail Bakery 3001-30000 sq. ft.,Retail Bakery,,Operational,"201 E. Gregory
Kansas City, MISSOURI 64114
(38.999283, -94.586591)"
105487,Up In Smoke - Market,Up In Smoke - Market,8360 E Bannister Rd.,,Kansas City,MISSOURI,64134,Open,Retail Grocery/Market Under 3000 sq. ft.,Retail Grocery/Market,,Operational,"8360 E Bannister Rd.
Kansas City, MISSOURI 64134
(38.951673, -94.491589)"
106281,Rockhill Shell,Rockhill Shell,900 E 63rd st ,,kansas City,MISSOURI,64110,Open,Retail Grocery/Market Under 3000 sq. ft.,Retail Grocery/Market,http://asifsarfani@gmail.com,Operational,"900 E 63rd st
kansas City, MISSOURI 64110
(39.013336, -94.576622)"
106242,Guadalupe Center Inc.- Villa Guadalupe,Guadalupe Center Inc.- Villa Guadalupe,5201 E. Truman Road,,Kansas City,MISSOURI,64127,Open,Restaurant/Deli 0-5 Employees,Restaurant/Deli,,Operational,"5201 E. Truman Road
Kansas City, MISSOURI 64127
(39.094191, -94.521669)"
106119,Dollar Tree #4106,Dollar Tree #4106,1014 Westport Rd,,Kansas City,MISSOURI,64111,Open,Retail Grocery/Market 3001-30000 sq. ft.,Retail Grocery/Market,,Operational,"1014 Westport Rd
Kansas City, MISSOURI 64111
(39.049846, -94.599149)"
107202,Just Off Broadway Theatre,Just Off Broadway Theatre,3051  Central,,Kansas City,MISSOURI,64108,Open,Bar/Tavern 0-5 Employees,Bar/Tavern,http://Info@justoffbroadway.org,Operational,"3051 Central
Kansas City, MISSOURI 64108
(39.070748, -94.588476)"
106204,L'Ecole Culinaire (Cafe),L'Ecole Culinaire (Cafe),310 Ward Parkway,,Kansas City,MISSOURI,64112,Open,Restaurant/Deli 6-9 Employees,Restaurant/Deli,,Operational,"310 Ward Parkway
Kansas City, MISSOURI 64112
(39.040565, -94.591214)"
800222,Hotel Sorella Restaurante Rosso Catering,Hotel Sorella Restaurante Rosso Catering,901 W 48th Pl,,Kansas City,MISSOURI,64112,Open,Catering Permit,Catering Permit,,Operational,"901 W 48th Pl
Kansas City, MISSOURI 64112
(39.04069, -94.597799)"
106123,D.B. Coopers,D.B. Coopers,1804  W. 39th ,,Kansas City,MISSOURI,64111,Open,Bar/Tavern 0-5 Employees,Bar/Tavern,,Operational,"1804 W. 39th
Kansas City, MISSOURI 64111
(39.057341, -94.606538)"
106010,Windstars #5101-Market,Windstars #5101-Market,5101  E. Front Street,,Kansas City,MISSOURI,64120,Open,Retail Grocery/Market Under 3000 sq. ft.,Retail Grocery/Market,,Operational,"5101 E. Front Street
Kansas City, MISSOURI 64120
(39.130693, -94.521466)"
106153,Nick & Nino's Pub,Nick & Nino's Pub,10022 NW Ambassador,,Kansas City,MISSOURI,64153,Open,Restaurant/Deli 21-40 Employees,Restaurant/Deli,,Operational,"10022 NW Ambassador
Kansas City, MISSOURI 64153
(39.276211, -94.669302)"
S0039,That One Guy's,That One Guy's,620  NW Fair Circle,,Lee's Summit,MISSOURI,64063,Open,Sampling Permit,Sampling Permit,,Operational,"620 NW Fair Circle
Lee's Summit, MISSOURI 64063
(38.924747, -94.397168)"
105980,Sankofa Cafe,Sankofa Cafe,4240 Indiana,,Kansas City,MISSOURI,64130,Open,Restaurant/Deli 0-5 Employees,Restaurant/Deli,,Operational,"4240 Indiana
Kansas City, MISSOURI 64130
(39.048176, -94.544739)"
106474,Aramark Citi Micromarket,Aramark Citi Micromarket,11500 NW Ambassador Dr.,400,Kansas City,MISSOURI,64153,Open,Retail Grocery/Market Under 3000 sq. ft.,Retail Grocery/Market,,Operational,"11500 NW Ambassador Dr.
Kansas City, MISSOURI 64153
(39.301331, -94.6817)"
106762,Taco Bell #29845,Taco Bell #29845,9571  N McGee Rd,,Kansas City,MISSOURI,64155,Open,Restaurant/Deli 10-20 Employees,Restaurant/Deli,,Operational,"9571 N McGee Rd
Kansas City, MISSOURI 64155
(39.266366, -94.576881)"
538116,Helen's on Wheel's 538116,Helen's on Wheel's 538116,5034  N Cleveland Ave,,Kansas City,MISSOURI,64119,Open,Mobile Unit/Pushcart,Mobile Unit/Pushcart,,Operational,"5034 N Cleveland Ave
Kansas City, MISSOURI 64119
(39.186312, -94.534591)"
106333,BRGR Kitchen & Bar,BRGR Kitchen & Bar,11 E 14th St,,Kansas City,MISSOURI,64106,Open,Restaurant/Deli 41-60 Employees,Restaurant/Deli,,Operational,"11 E 14th St
Kansas City, MISSOURI 64106
(39.097244, -94.583204)"
107104,Dollar General #14255,Dollar General #14255,4235 Troost,,Kansas City,MISSOURI,64110,Open,Retail Grocery/Market 3001-30000 sq. ft.,Retail Grocery/Market,,Operational,"4235 Troost
Kansas City, MISSOURI 64110
(39.04981, -94.572482)"
107345,Andy's Frozen Custard,Andy's Frozen Custard,1200  Westport Rd. ,,Kansas City ,MISSOURI,64111,Open,Restaurant/Deli 10-20 Employees,Restaurant/Deli,http://garypeatandys.com,Operational,"1200 Westport Rd.
Kansas City, MISSOURI 64111
(39.049954, -94.60134)"
107661,Back Porch BBQ,Back Porch BBQ,8500 US E. 40 Hwy.,,Kansas City,MISSOURI,64129,Open,Restaurant/Deli 0-5 Employees,Restaurant/Deli,,Operational,"8500 US E. 40 Hwy.
Kansas City, MISSOURI 64129
(39.06361, -94.484764)"
106849,Comfort Inn and Suites,Comfort Inn and Suites,7300 NE Parvin Rd,,Kansas City,MISSOURI,64117,Open,Restaurant/Deli 0-5 Employees,Restaurant/Deli,,Operational,"7300 NE Parvin Rd
Kansas City, MISSOURI 64117
(39.168392, -94.494594)"
106841,Pour Boy Oil Co - Deli,Pour Boy Oil Co - Deli,8801 NE Birmingham,,Kansas City,MISSOURI,64161,Open,Restaurant/Deli 10-20 Employees,Restaurant/Deli,,Operational,"8801 NE Birmingham
Kansas City, MISSOURI 64161
(39.157322, -94.47522)"
543616,Legends Soccer Portable #1 543616,Legends Soccer Portable #1 543616,6310 Lewis Rd.,,Kansas City,MISSOURI,64132,Open,Mobile Unit/Pushcart,Mobile Unit/Pushcart,,Operational,"6310 Lewis Rd.
Kansas City, MISSOURI 64132
(39.013894, -94.520656)"
107348,Burger King,Burger King,1102 E 47 St ,,Kansas City ,MISSOURI,64110,Open,Restaurant/Deli 21-40 Employees,Restaurant/Deli,http://leydi.parra@eymfoods.com ,Operational,"1102 E 47 St
Kansas City, MISSOURI 64110
(39.041667, -94.572649)"
514115,Racing Tacos 514115,Racing Tacos 514115,624 Kansas Ave.,,Kansas City,KANSAS,66105,Open,Mobile Unit/Pushcart,Mobile Unit/Pushcart,,Operational,"624 Kansas Ave.
Kansas City, KANSAS 66105
(39.08756, -94.623975)"
523115,Kansas City Ice Cream Co. Inc. (Van U) 523115,Kansas City Ice Cream Co. Inc. (Van U) 523115,5300 Gardner,,Kansas City,MISSOURI,64120,Open,Ice Cream Moblie Vendor,Ice Cream Moblie Vendor,,Operational,"5300 Gardner
Kansas City, MISSOURI 64120
(39.126969, -94.520603)"
800217,Chiefs Aramark Main Kitchen (catering),Chiefs Aramark Main Kitchen (catering),1 Arrowhead Dr,,Kansas City,MISSOURI,64129,Open,Catering Permit,Catering Permit,,Operational,"1 Arrowhead Dr
Kansas City, MISSOURI 64129
(39.051361, -94.49361)"
106156,Hooters of North Kansas City,Hooters of North Kansas City,6411  NW Barry Rd,,Kansas City,MISSOURI,64154,Open,Restaurant/Deli 41-60 Employees,Restaurant/Deli,,Operational,"6411 NW Barry Rd
Kansas City, MISSOURI 64154
(39.246814, -94.653405)"
106143,Quik Trip #173 (Market),Quik Trip #173 (Market),528 NW Englewood Rd,,Kansas City,MISSOURI,64118,Open,Retail Grocery/Market 3001-30000 sq. ft.,Retail Grocery/Market,,Operational,"528 NW Englewood Rd
Kansas City, MISSOURI 64118
(39.195738, -94.587484)"
F00080,Clayborn Farms,Clayborn Farms,20 East 5th Street,,Kansas City,MISSOURI,64106,Open,Farmers Market Permit,Farmers Market Permit,,Operational,"20 East 5th Street
Kansas City, MISSOURI 64106
(39.108645, -94.581167)"
522415,Shatto Ice Cream Cart #2 522415,Shatto Ice Cream Cart #2 522415,9406 N Hwy 33,,Osborn,MISSOURI,64474,Open,Ice Cream Moblie Vendor,Ice Cream Moblie Vendor,,Operational,"9406 N Hwy 33
Osborn, MISSOURI 64474
(39.694249, -94.402761)"
107341,The Blind Tiger,The Blind Tiger,3945  Main St. ,,Kansas City ,MISSOURI,64111,Open,Restaurant/Deli 6-9 Employees,Restaurant/Deli,http://blindtigerkc@gmail.com,Operational,"3945 Main St.
Kansas City, MISSOURI 64111
(39.05488, -94.586167)"
106839,Quizno's,Quizno's,1020 Broadway Blvd,,Kansas City,MISSOURI,64105,Open,Restaurant/Deli 0-5 Employees,Restaurant/Deli,,Operational,"1020 Broadway Blvd
Kansas City, MISSOURI 64105
(39.101251, -94.588368)"
106186,The Tank Room,The Tank Room,1813  Grand Blvd,,Kansas City,MISSOURI,64108,Open,Bar/Tavern 0-5 Employees,Bar/Tavern,http://dustinracen@yahoo.com,Operational,"1813 Grand Blvd
Kansas City, MISSOURI 64108
(39.091195, -94.581352)"
105398,Subway #5408,Subway #5408,8015 State Line Rd.,,Kansas City,MISSOURI,64114,Open,Restaurant/Deli 6-9 Employees,Restaurant/Deli,,Operational,"8015 State Line Rd.
Kansas City, MISSOURI 64114
(38.982312, -94.608299)"
107349,Burger King,Burger King,3441  Main St. ,,Kansas City ,MISSOURI,64111,Open,Restaurant/Deli 21-40 Employees,Restaurant/Deli,http://leydi.oarra@emfoods.com,Operational,"3441 Main St.
Kansas City, MISSOURI 64111
(39.064169, -94.585654)"
524916,Chiefs Aramark PG 314 Mac Shack 524916,Chiefs Aramark PG 314 Mac Shack 524916,1 Arrowhead Drive,,Kansas,MISSOURI,64129,Open,Mobile Unit/Pushcart,Mobile Unit/Pushcart,,Operational,"1 Arrowhead Drive
Kansas, MISSOURI 64129
(39.051361, -94.49361)"
107114,Boulevard Nights,Boulevard Nights,2801 Southwest Blvd.,,Kansas City,MISSOURI,64108,Open,Restaurant/Deli 0-5 Employees,Restaurant/Deli,,Operational,"2801 Southwest Blvd.
Kansas City, MISSOURI 64108
(39.077224, -94.601514)"
106834,Superior Mini Mart #2,Superior Mini Mart #2,5522 St. John Ave,,Kansas City,MISSOURI,64123,Open,Retail Grocery/Market Under 3000 sq. ft.,Retail Grocery/Market,,Operational,"5522 St. John Ave
Kansas City, MISSOURI 64123
(39.112396, -94.517257)"
106225,Archives Coffee Company,Archives Coffee Company,4801 Main St,,Kansas City,MISSOURI,64112,Open,Restaurant/Deli 0-5 Employees,Restaurant/Deli,,Operational,"4801 Main St
Kansas City, MISSOURI 64112
(39.039217, -94.587122)"
106500,Subway,Subway,4722 NE Vivion Rd.,,Kansas City,MISSOURI,64119,Open,Restaurant/Deli 0-5 Employees,Restaurant/Deli,,Operational,"4722 NE Vivion Rd.
Kansas City, MISSOURI 64119
(39.187973, -94.523725)"
107382,Family Kitchen,Family Kitchen,1627 Oak St,,Kansas City,MISSOURI,64108,Open,Restaurant/Deli 0-5 Employees,Restaurant/Deli,,Operational,"1627 Oak St
Kansas City, MISSOURI 64108
(39.094084, -94.578842)"
536716,SSaaCC Lunch Truck 536716,SSaaCC Lunch Truck 536716,134 NE 47th,,Kansas City,MISSOURI,64116,Open,Mobile Unit/Pushcart,Mobile Unit/Pushcart,,Operational,"134 NE 47th
Kansas City, MISSOURI 64116
(39.178091, -94.578168)"
800229,Farm to Table Kitchen - LA's Cuisine Catering,Farm to Table Kitchen - LA's Cuisine Catering,21  E 3rd St,,Kansas City,MISSOURI,64106,Open,Catering Permit,Catering Permit,http://lascusinecatering@gmail.com,Operational,"21 E 3rd St
Kansas City, MISSOURI 64106
(39.1099, -94.583104)"
105972,Big B's -Deli,Big B's -Deli,3800  E. Gregory,,Kansas City,MISSOURI,64132,Open,Restaurant/Deli 10-20 Employees,Restaurant/Deli,,Operational,"3800 E. Gregory
Kansas City, MISSOURI 64132
(38.998279, -94.542531)"
107712,Treat America @ KSHB TV - CK Kiosk,Treat America @ KSHB TV - CK Kiosk,4720 Oak St,,Kansas City,MISSOURI,64112,Open,Retail Grocery/Market Under 3000 sq. ft.,Retail Grocery/Market,,Operational,"4720 Oak St
Kansas City, MISSOURI 64112
(39.041142, -94.582359)"
106151,Smoothie King #1242,Smoothie King #1242,7121  NW Barry Rd,,Kansas City,MISSOURI,64153,Open,Restaurant/Deli 6-9 Employees,Restaurant/Deli,,Operational,"7121 NW Barry Rd
Kansas City, MISSOURI 64153
(39.246865, -94.662396)"
523716,Taqueria Y Pupuseria Lupita 523716,Taqueria Y Pupuseria Lupita 523716,10220 E. 24 Hwy.,,Independence,MISSOURI,64052,Open,Mobile Unit/Pushcart,Mobile Unit/Pushcart,,Operational,"10220 E. 24 Hwy.
Independence, MISSOURI 64052
(39.102916, -94.456391)"
105620,Family Dollar Store #10136,Family Dollar Store #10136,428  NW Englewood,,Kansas City,MISSOURI,64118,Open,Retail Grocery/Market 3001-30000 sq. ft.,Retail Grocery/Market,,Operational,"428 NW Englewood
Kansas City, MISSOURI 64118
(39.195984, -94.586658)"
525716,Iggy Green Go DBA Salty Iguana Food Truck 525716,Iggy Green Go DBA Salty Iguana Food Truck 525716,10478 S Ridgeview ,,Olathe,KANSAS,66061,Open,Mobile Unit/Pushcart,Mobile Unit/Pushcart,,Operational,"10478 S Ridgeview
Olathe, KANSAS 66061
(38.938672, -94.797586)"
107492,Burger King #20803,Burger King #20803,8581 N Boardwalk Ave,,Kansas City,MISSOURI,64154,Open,Restaurant/Deli 21-40 Employees,Restaurant/Deli,,Operational,"8581 N Boardwalk Ave
Kansas City, MISSOURI 64154
(39.252405, -94.654434)"
106918,Memas Bakery,Memas Bakery,1360 walnut,,Kansas City,MISSOURI,64106,Open,Restaurant/Deli 0-5 Employees,Restaurant/Deli,,Operational,"1360 walnut
Kansas City, MISSOURI 64106
(39.097746, -94.582197)"
107366,Musical Theater Heritage,Musical Theater Heritage,2450 Grand Blvd.,3rd Floor,Kansas City,MISSOURI,64108,Open,Restaurant/Deli 0-5 Employees,Restaurant/Deli,,Operational,"2450 Grand Blvd.
Kansas City, MISSOURI 64108
(39.082903, -94.581877)"
107708,Treat America @ Gateway Packaging - CK Kiosk,Treat America @ Gateway Packaging - CK Kiosk,5910 Winner Road,,Kansas City,MISSOURI,64125,Open,Retail Grocery/Market Under 3000 sq. ft.,Retail Grocery/Market,,Operational,"5910 Winner Road
Kansas City, MISSOURI 64125
(39.102454, -94.512418)"
106781,Price Chopper (Market),Price Chopper (Market),500 N.E. Barry Road,,Kansas City,MISSOURI,64155,Open,Retail Grocery/Market 60001-80000 sq. ft.,Retail Grocery/Market,,Operational,"500 N.E. Barry Road
Kansas City, MISSOURI 64155
(39.246357, -94.574191)"
107217,Marriott Country Club Plaza Hotel (Bar),Marriott Country Club Plaza Hotel (Bar),4445  Main St,,Kansas City ,MISSOURI,64111,Open,Restaurant/Deli 6-9 Employees,Restaurant/Deli,,Operational,"4445 Main St
Kansas City, MISSOURI 64111
(39.046932, -94.586666)"
106852,Treat America @ Street Side Cafe - CKLive Kiosk,Treat America @ Street Side Cafe - CKLive Kiosk,208 W 10th St,,Kansas City,MISSOURI,64105,Open,Retail Grocery/Market Under 3000 sq. ft.,Retail Grocery/Market,,Operational,"208 W 10th St
Kansas City, MISSOURI 64105
(39.102294, -94.585592)"
106162,Domino's Pizza,Domino's Pizza,9324 N Oak Trafficway,,Kansas City,MISSOURI,64155,Open,Restaurant/Deli 10-20 Employees,Restaurant/Deli,,Operational,"9324 N Oak Trafficway
Kansas City, MISSOURI 64155
(39.263276, -94.575807)"
105947,Domino's Pizza,Domino's Pizza,2516 NE 43rd St,,Kansas City,MISSOURI,64116,Open,Restaurant/Deli 10-20 Employees,Restaurant/Deli,,Operational,"2516 NE 43rd St
Kansas City, MISSOURI 64116
(39.17193, -94.549576)"
106170,Red Lobster #0605,Red Lobster #0605,450 NW Barry Rd,,Kansas City,MISSOURI,64155,Open,Restaurant/Deli 81-90 Employees,Restaurant/Deli,,Operational,"450 NW Barry Rd
Kansas City, MISSOURI 64155
(39.246434, -94.585076)"
S0032,Skyview Farm & Creamery,Skyview Farm & Creamery,4401 Wornall,,Kansas City,MISSOURI,64111,Open,Sampling Permit,Sampling Permit,,Operational,"4401 Wornall
Kansas City, MISSOURI 64111
(39.04572, -94.590171)"
106496,Xtra Miles,Xtra Miles,6417 NW 72nd St,,Kansas City,MISSOURI,64151,Open,Retail Grocery/Market Under 3000 sq. ft.,Retail Grocery/Market,,Operational,"6417 NW 72nd St
Kansas City, MISSOURI 64151
(39.225097, -94.652794)"
107398,BC Bistro,BC Bistro,7749 NW Prairie View Rd,,Kansas City,MISSOURI,64151,Open,Restaurant/Deli 6-9 Employees,Restaurant/Deli,,Operational,"7749 NW Prairie View Rd
Kansas City, MISSOURI 64151
(39.234912, -94.658831)"
S0046,Brigabon Candy Company,Brigabon Candy Company,9609 Hardy Street,,Overland Park,KANSAS,66212,Open,Sampling Permit,Sampling Permit,,Operational,"9609 Hardy Street
Overland Park, KANSAS 66212
(38.955171, -94.67912)"
106503,Prospect BP,Prospect BP,3500 Prospect,,Kansas City,MISSOURI,64128,Open,Retail Grocery/Market Under 3000 sq. ft.,Retail Grocery/Market,,Operational,"3500 Prospect
Kansas City, MISSOURI 64128
(39.062403, -94.553215)"
505416,Mad Man Bar-B-Que 505416,Mad Man Bar-B-Que 505416,11111  Johnson Dr.,,Shawnee,KANSAS,66030,Open,Mobile Unit/Pushcart,Mobile Unit/Pushcart,,Operational,"11111 Johnson Dr.
Shawnee, KANSAS 66030
(39.022912, -94.715138)"
609005,Pupz Concessions,Pupz Concessions,1107 Hickory St,,Kansas City,MISSOURI,64101,Open,Seasonal Permit,Seasonal Permit,,Operational,"1107 Hickory St
Kansas City, MISSOURI 64101
(39.101473, -94.601417)"
106477,KCI Pronto (C Terminal Gate 67),KCI Pronto (C Terminal Gate 67),61 Beirut Circle,Terminal C Gate 67,Kansas City,MISSOURI,64153,Open,Retail Grocery/Market Under 3000 sq. ft.,Retail Grocery/Market,,Operational,"61 Beirut Circle
Kansas City, MISSOURI 64153
(39.294995, -94.712356)"
528816,Mama Gia's Street Eats 528816,Mama Gia's Street Eats 528816,25105  Windridge Rd,,Peculiar,MISSOURI,64078,Open,Mobile Unit/Pushcart,Mobile Unit/Pushcart,,Operational,"25105 Windridge Rd
Peculiar, MISSOURI 64078
(38.664564, -94.43375)"
107404,Domino's Pizza,Domino's Pizza,7208 Wornall,A,Kansas City,MISSOURI,64114,Open,Restaurant/Deli 10-20 Employees,Restaurant/Deli,,Operational,"7208 Wornall
Kansas City, MISSOURI 64114
(38.997473, -94.593975)"
106469,District Pour House & Kitchen,District Pour House & Kitchen,7122 Wornall Rd.,,Kansas City,MISSOURI,64114,Open,Restaurant/Deli 21-40 Employees,Restaurant/Deli,,Operational,"7122 Wornall Rd.
Kansas City, MISSOURI 64114
(38.999193, -94.593856)"
106131,St. Luke's Hospice House,St. Luke's Hospice House,3516 Summit,,Kansas City,MISSOURI,64111,Open,Restaurant/Deli 21-40 Employees,Restaurant/Deli,,Operational,"3516 Summit
Kansas City, MISSOURI 64111
(39.06387, -94.595056)"
542216,Willie's Burritos #2 542216,Willie's Burritos #2 542216,10222 E. US 24 Hwy.,,Independence,MISSOURI,64053,Open,Mobile Unit/Pushcart,Mobile Unit/Pushcart,,Operational,"10222 E. US 24 Hwy.
Independence, MISSOURI 64053
(39.102899, -94.455929)"
106799,Taco Bell #27768,Taco Bell #27768,5925 Independence Ave.,,Kansas City,MISSOURI,64125,Open,Restaurant/Deli 21-40 Employees,Restaurant/Deli,,Operational,"5925 Independence Ave.
Kansas City, MISSOURI 64125
(39.104928, -94.511637)"
106743,Central Middle School,Central Middle School,3611 E. Linwood Blvd.,,Kansas City,MISSOURI,64128,Open,School - Public 0-5 Employees,School - Public; School - Public,,Operational,"3611 E. Linwood Blvd.
Kansas City, MISSOURI 64128
(39.067657, -94.540955)"
106231,Tavern on 103rd,Tavern on 103rd,424 W 103rd ST.,,Kansas City,MISSOURI,64114,Open,Bar/Tavern 0-5 Employees,Bar/Tavern,,Operational,"424 W 103rd ST.
Kansas City, MISSOURI 64114
(38.941622, -94.597965)"
105445,Pickleman's Gourmet Cafe,Pickleman's Gourmet Cafe,5050 Oak,,Kansas City,MISSOURI,64112,Open,Restaurant/Deli 10-20 Employees,Restaurant/Deli,,Operational,"5050 Oak
Kansas City, MISSOURI 64112
(39.036639, -94.582591)"
106206,L'Ecole Culinaire (Labs),L'Ecole Culinaire (Labs),310 Ward Parkway,,Kansas City,MISSOURI,64112,Open,Restaurant/Deli 21-40 Employees,Restaurant/Deli,,Operational,"310 Ward Parkway
Kansas City, MISSOURI 64112
(39.040565, -94.591214)"
106146,SPCAA Upper,SPCAA Upper,8400 NW Tiffany Springs,,Kansas City,MISSOURI,64153,Open,Restaurant/Deli 10-20 Employees,Restaurant/Deli,,Operational,"8400 NW Tiffany Springs
Kansas City, MISSOURI 64153
(39.26143, -94.67769)"
106497,Jay Wolfe Toyota,Jay Wolfe Toyota,9650  N.W Prairie View,,Kansas City,MISSOURI,64153,Open,Restaurant/Deli 0-5 Employees,Restaurant/Deli,,Operational,"9650 N.W Prairie View
Kansas City, MISSOURI 64153
(39.269021, -94.66664)"
537014,The Gyros Box 537014,The Gyros Box 537014,1100 Main St.,,Kansas City,MISSOURI,64105,Open,Mobile Unit/Pushcart,Mobile Unit/Pushcart,,Operational,"1100 Main St.
Kansas City, MISSOURI 64105
(39.100817, -94.583116)"
105499,Hale Cook Elementary,Hale Cook Elementary,7302 Pennsylvania,,Kansas City,MISSOURI,64114,Open,School - Public 0-5 Employees,School - Public; School - Public,,Operational,"7302 Pennsylvania
Kansas City, MISSOURI 64114
(38.996057, -94.596313)"
107326,Il Lazzarone,Il Lazzarone,412 Delaware ,A,Kansas City,MISSOURI,64105,Open,Restaurant/Deli 10-20 Employees,Restaurant/Deli,,Operational,"412 Delaware
Kansas City, MISSOURI 64105
(39.108464, -94.584223)"
105489,Martin City Pizza and Tap,Martin City Pizza and Tap,410  E 135th Street,,Kansas City,MISSOURI,64145,Open,Restaurant/Deli 10-20 Employees,Restaurant/Deli,,Operational,"410 E 135th Street
Kansas City, MISSOURI 64145
(38.882562, -94.590295)"
107370,The Urban Event Banquet Hall,The Urban Event Banquet Hall,2001 Grand Blvd,Floor 1/13,Kansas City,MISSOURI,64108,Open,Bar/Tavern 0-5 Employees,Bar/Tavern,,Operational,"2001 Grand Blvd
Kansas City, MISSOURI 64108
(39.088634, -94.581467)"
106209,Courtyard by Marriott (Coffee Shop),Courtyard by Marriott (Coffee Shop),4600 JC Nichols Parkway,,Kansas City,MISSOURI,64112,Open,Restaurant/Deli 0-5 Employees,Restaurant/Deli,,Operational,"4600 JC Nichols Parkway
Kansas City, MISSOURI 64112
(39.04356, -94.58831)"
106952,Captain D's,Captain D's,6308 Troost Ave.,,Kansas City,MISSOURI,64131,Open,Restaurant/Deli 10-20 Employees,Restaurant/Deli,,Operational,"6308 Troost Ave.
Kansas City, MISSOURI 64131
(39.012675, -94.5746)"
107265,Swope Corridor Renaissance/Upper Room @Metropolitan Missionary Bap,Swope Corridor Renaissance/Upper Room @Metropolitan Missionary Bap,2310 E. Linwood,,Kansas City ,MISSOURI,64109,Open,Restaurant/Deli 0-5 Employees,Restaurant/Deli,,Operational,"2310 E. Linwood
Kansas City, MISSOURI 64109
(39.06814, -94.555778)"
543416,Sno Flower 543416,Sno Flower 543416,13645 Holmes,,Kansas City,MISSOURI,64145,Open,Mobile Unit/Pushcart,Mobile Unit/Pushcart,,Operational,"13645 Holmes
Kansas City, MISSOURI 64145
(38.878903, -94.586806)"
106419,Church's Chicken,Church's Chicken,3145  Gillham Plaza,,Kansas City ,MISSOURI,64109,Open,Restaurant/Deli 6-9 Employees,Restaurant/Deli,,Operational,"3145 Gillham Plaza
Kansas City, MISSOURI 64109
(39.069077, -94.578983)"
106809,Millennium Super Stop #1 Market,Millennium Super Stop #1 Market,1501 Cleveland,,Kansas City,MISSOURI,64127,Open,Retail Grocery/Market 3001-30000 sq. ft.,Retail Grocery/Market,,Operational,"1501 Cleveland
Kansas City, MISSOURI 64127
(39.093596, -94.537847)"
106303,McDonald's,McDonald's,6701 Front St,,Kansas City,MISSOURI,64120,Open,Restaurant/Deli 21-40 Employees,Restaurant/Deli,,Operational,"6701 Front St
Kansas City, MISSOURI 64120
(39.130129, -94.503297)"
106065,Courtyard by Marriott at Briarcliff (market),Courtyard by Marriott at Briarcliff (market),4000 N Mulberry Dr,,Kansas City ,MISSOURI,64116,Open,Retail Grocery/Market 3001-30000 sq. ft.,Retail Grocery/Market,,Operational,"4000 N Mulberry Dr
Kansas City, MISSOURI 64116
(39.165588, -94.594123)"
106808,One Stop Shop Deli,One Stop Shop Deli,5805 E. 17th St.,,Kansas City,MISSOURI,64126,Open,Restaurant/Deli 0-5 Employees,Restaurant/Deli,,Operational,"5805 E. 17th St.
Kansas City, MISSOURI 64126
(39.090343, -94.514644)"
106352,Nile Store,Nile Store,3606 St. John Ave,,Kansas City,MISSOURI,64123,Open,Retail Grocery/Market Under 3000 sq. ft.,Retail Grocery/Market,,Operational,"3606 St. John Ave
Kansas City, MISSOURI 64123
(39.113121, -94.538403)"
107715,Treat America @ Time Warner Cable - CK Kiosk,Treat America @ Time Warner Cable - CK Kiosk,6550 Winchester Ave,,Kansas City,MISSOURI,64133,Open,Retail Grocery/Market Under 3000 sq. ft.,Retail Grocery/Market,,Operational,"6550 Winchester Ave
Kansas City, MISSOURI 64133
(39.005914, -94.505147)"
105623,Sarpino's Pizzeria North,Sarpino's Pizzeria North,311 NE Vivion Rd,,Kansas City,MISSOURI,64118,Open,Restaurant/Deli 21-40 Employees,Restaurant/Deli,,Operational,"311 NE Vivion Rd
Kansas City, MISSOURI 64118
(39.181204, -94.578083)"
107106,"Chartwells Compass Group, NAD Rockhurst","Chartwells Compass Group, NAD Rockhurst",1100 Rockhurst Road,,Kansas City,MISSOURI,64110,Open,Restaurant/Deli 61-70 Employees,Restaurant/Deli,,Operational,"1100 Rockhurst Road
Kansas City, MISSOURI 64110
(39.032681, -94.573246)"
106742,Hardees #1500434,Hardees #1500434,6323 Independence Ave.,,Kansas City,MISSOURI,64125,Open,Restaurant/Deli 10-20 Employees,Restaurant/Deli,http://0434@heartlandstars.com,Operational,"6323 Independence Ave.
Kansas City, MISSOURI 64125
(39.104783, -94.507762)"
106784,Price Chopper Starbucks,Price Chopper Starbucks,500 NE Barry Rd,,Kansas City ,MISSOURI,64155,Open,Restaurant/Deli 0-5 Employees,Restaurant/Deli,,Operational,"500 NE Barry Rd
Kansas City, MISSOURI 64155
(39.246357, -94.574191)"
105912,Happy Gillis Cafe & Hangout,Happy Gillis Cafe & Hangout,549 Gillis St,,Kansas City,MISSOURI,64106,Open,Restaurant/Deli 0-5 Employees,Restaurant/Deli,,Operational,"549 Gillis St
Kansas City, MISSOURI 64106
(39.109004, -94.570444)"
F00054,Little Bill's Fine Foods,Little Bill's Fine Foods,20 E. 5th St. ,,Kansas City ,MISSOURI,64106,Open,Farmers Market Permit,Farmers Market Permit,,Operational,"20 E. 5th St.
Kansas City, MISSOURI 64106
(39.108645, -94.581167)"
106767,Quik Trip #169 (deli),Quik Trip #169 (deli),5108 NE Vivion Rd,,Kansas City,MISSOURI,64119,Open,Restaurant/Deli 10-20 Employees,Restaurant/Deli,,Operational,"5108 NE Vivion Rd
Kansas City, MISSOURI 64119
(39.188004, -94.520005)"
800252,Peachtree Buffet (Catering),Peachtree Buffet (Catering),6800 Eastwood Trafficway,,Kansas City,MISSOURI,64129,Open,Catering Permit,Catering Permit,,Operational,"6800 Eastwood Trafficway
Kansas City, MISSOURI 64129
(39.030802, -94.504105)"
106095,39th Street Market,39th Street Market,1850  W. 39th St. ,,Kansas City ,MISSOURI,64111,Open,Retail Grocery/Market 3001-30000 sq. ft.,Retail Grocery/Market,,Operational,"1850 W. 39th St.
Kansas City, MISSOURI 64111
(39.057349, -94.607015)"
106813,Peachtree Cafe'teria,Peachtree Cafe'teria,2128 E. 12th St.,,Kansas City,MISSOURI,64127,Open,Restaurant/Deli 10-20 Employees,Restaurant/Deli,,Operational,"2128 E. 12th St.
Kansas City, MISSOURI 64127
(39.099066, -94.556854)"
525316,Chiefs Topsy's Popcorn Cart 525316,Chiefs Topsy's Popcorn Cart 525316,1 Arrowhead Drive,,Kansas City,MISSOURI,64129,Open,Mobile Unit/Pushcart,Mobile Unit/Pushcart,,Operational,"1 Arrowhead Drive
Kansas City, MISSOURI 64129
(39.051361, -94.49361)"
105727,Faulkner's Ranch,Faulkner's Ranch,10600 Raytown Rd,,Kansas City,MISSOURI,64134,Open,Restaurant/Deli 6-9 Employees,Restaurant/Deli,,Operational,"10600 Raytown Rd
Kansas City, MISSOURI 64134
(38.929733, -94.473013)"
107726,Treat America @ Commerce Bank - CK Kiosk,Treat America @ Commerce Bank - CK Kiosk,922 Walnut St,,Kansas City,MISSOURI,64105,Open,Retail Grocery/Market Under 3000 sq. ft.,Retail Grocery/Market,,Operational,"922 Walnut St
Kansas City, MISSOURI 64105
(39.102434, -94.581917)"
106443,Conoco Saaki Food Mart -retail,Conoco Saaki Food Mart -retail,6408  E. 87th Street,,Kansas City,MISSOURI,64138,Open,Retail Grocery/Market Under 3000 sq. ft.,Retail Grocery/Market,,Operational,"6408 E. 87th Street
Kansas City, MISSOURI 64138
(38.967129, -94.512981)"
S0031,Chapman Cheese Inc,Chapman Cheese Inc,20 E 5th St,,Kansas City,MISSOURI,64106,Open,Sampling Permit,Sampling Permit,,Operational,"20 E 5th St
Kansas City, MISSOURI 64106
(39.108645, -94.581167)"
106830,Worlds of Fun Coca Cola Marketplace,Worlds of Fun Coca Cola Marketplace,4545 Worlds of Fun Ave,,Kansas City,MISSOURI,64161,Open,Retail Grocery/Market Under 3000 sq. ft.,Retail Grocery/Market,,Operational,"4545 Worlds of Fun Ave
Kansas City, MISSOURI 64161
(39.174532, -94.492423)"
106298,Panaderia De Las Americas,Panaderia De Las Americas,826 southwest blvd,,kansas city,MISSOURI,64108,Open,Restaurant/Deli 0-5 Employees,Restaurant/Deli,http://luis-chor@yahoo.mx,Operational,"826 southwest blvd
kansas city, MISSOURI 64108
(39.084376, -94.594394)"
800221,Westport Cafe & Bar (Catering),Westport Cafe & Bar (Catering),419 Westport Rd,,Kansas City,MISSOURI,64111,Open,Catering Permit,Catering Permit,,Operational,"419 Westport Rd
Kansas City, MISSOURI 64111
(39.053213, -94.590717)"
106219,Hotel Sorella Francesca's,Hotel Sorella Francesca's,901  W 48th Place,,Kansas City,MISSOURI,64112,Open,Restaurant/Deli 10-20 Employees,Restaurant/Deli,,Operational,"901 W 48th Place
Kansas City, MISSOURI 64112
(39.04069, -94.597799)"
107211,Char Bar,Char Bar,4050 Pennsylvania ,150,Kansas City,MISSOURI,64111,Open,Restaurant/Deli 41-60 Employees,Restaurant/Deli,http://MK@Beerkc.com,Operational,"4050 Pennsylvania
Kansas City, MISSOURI 64111
(39.054355, -94.592656)"
537516,Royals Stadium Leinenkugel Lodge 537516,Royals Stadium Leinenkugel Lodge 537516,1 Royal Way,,Kansas City,MISSOURI,64129,Open,Mobile Unit/Pushcart,Mobile Unit/Pushcart,,Operational,"1 Royal Way
Kansas City, MISSOURI 64129
(39.054727, -94.486227)"
105153,Subway,Subway,10401 Blue Ridge Blvd.,,Kansas City,MISSOURI,64134,Open,Restaurant/Deli 0-5 Employees,Restaurant/Deli,,Operational,"10401 Blue Ridge Blvd.
Kansas City, MISSOURI 64134
(38.935513, -94.508354)"
107395,Windstars #1704 (retail),Windstars #1704 (retail),1704 Grand Blvd,,Kansas City,MISSOURI,64108,Open,Retail Grocery/Market Under 3000 sq. ft.,Retail Grocery/Market,,Operational,"1704 Grand Blvd
Kansas City, MISSOURI 64108
(39.093082, -94.581258)"
106237,Blue Ridge Food Stop (Market),Blue Ridge Food Stop (Market),4704 Blue Ridge Blvd,,Kansas City ,MISSOURI,64133,Open,Retail Grocery/Market Under 3000 sq. ft.,Retail Grocery/Market,,Operational,"4704 Blue Ridge Blvd
Kansas City, MISSOURI 64133
(39.035904, -94.438769)"
105443,Dollar Tree #5059,Dollar Tree #5059,1640 E. 63rd St,,Kansas City,MISSOURI,64110,Open,Retail Grocery/Market 3001-30000 sq. ft.,Retail Grocery/Market,,Operational,"1640 E. 63rd St
Kansas City, MISSOURI 64110
(39.01293, -94.566528)"
530516,Paleteria Tropicana #3 530516,Paleteria Tropicana #3 530516,830 SW Blvd,,Kansas City,MISSOURI,64108,Open,Ice Cream Moblie Vendor,Ice Cream Moblie Vendor,,Operational,"830 SW Blvd
Kansas City, MISSOURI 64108
(39.084566, -94.594068)"
105336,Short Stop 85,Short Stop 85,700 E. 85th St.,,Kansas City,MISSOURI,64131,Open,Retail Grocery/Market Under 3000 sq. ft.,Retail Grocery/Market,,Operational,"700 E. 85th St.
Kansas City, MISSOURI 64131
(38.973746, -94.580826)"
S0038,Bloom Baking Company,Bloom Baking Company,15  E. 3rd Street,,Kansas City,MISSOURI,64106,Open,Sampling Permit,Sampling Permit,,Operational,"15 E. 3rd Street
Kansas City, MISSOURI 64106
(39.109885, -94.583178)"
107325,Cleaver & Cork Kansas City,Cleaver & Cork Kansas City,1333 Walnut St,,Kansas City,MISSOURI,64105,Open,Restaurant/Deli 21-40 Employees,Restaurant/Deli,,Operational,"1333 Walnut St
Kansas City, MISSOURI 64105
(39.19699, -94.684028)"
107365,BLVD Tavern,BLVD Tavern,320 Southwest Blvd.,,Kansas City,MISSOURI,64108,Open,Restaurant/Deli 10-20 Employees,Restaurant/Deli,,Operational,"320 Southwest Blvd.
Kansas City, MISSOURI 64108
(39.088195, -94.588292)"
106748,Charlie D's Seafood and Chicken,Charlie D's Seafood and Chicken,600 E. 99th St.,,Kansas City,MISSOURI,64131,Open,Restaurant/Deli 0-5 Employees,Restaurant/Deli,,Operational,"600 E. 99th St.
Kansas City, MISSOURI 64131
(38.948335, -94.583758)"
106800,Broadway Butcher Shop Deli,Broadway Butcher Shop Deli,3828 Broadway,,Kansas City,MISSOURI,64111,Open,Restaurant/Deli 0-5 Employees,Restaurant/Deli,,Operational,"3828 Broadway
Kansas City, MISSOURI 64111
(39.057247, -94.590735)"
107220,Yum,Yum,1614 W 39th St ,,Kansas City ,MISSOURI,64111,Open,Retail Bakery Under 3000 sq. ft.,Retail Bakery,,Operational,"1614 W 39th St
Kansas City, MISSOURI 64111
(39.057246, -94.604581)"
106207,Lutfi's Fried Fish,Lutfi's Fried Fish,1664 E 63rd St,,Kansas City,MISSOURI,64110,Open,Restaurant/Deli 6-9 Employees,Restaurant/Deli,,Operational,"1664 E 63rd St
Kansas City, MISSOURI 64110
(39.012912, -94.565992)"
107324,Char Bar Outdoor Patio,Char Bar Outdoor Patio,4050  Pennsylvania ,,Kansas City ,MISSOURI,64111,Open,Bar/Tavern 0-5 Employees,Bar/Tavern,http://jw@beerkc.com ,Operational,"4050 Pennsylvania
Kansas City, MISSOURI 64111
(39.054355, -94.592656)"
107673,Elotes De Abores,Elotes De Abores,2313 E. 12th St.,,Kansas City,MISSOURI,64127,Open,Restaurant/Deli 0-5 Employees,Restaurant/Deli,,Operational,"2313 E. 12th St.
Kansas City, MISSOURI 64127
(39.098992, -94.554738)"
107156,The Scene,The Scene,14816  E 40 Highway,,Kansas City ,MISSOURI,64136,Open,Restaurant/Deli 0-5 Employees,Restaurant/Deli,http://Jburke20@kc.rr.com,Operational,"14816 E 40 Highway
Kansas City, MISSOURI 64136
(39.035065, -94.402881)"
106828,McCrite Plaza at Briarcliff - Bistro,McCrite Plaza at Briarcliff - Bistro,1201 NW Tullison Rd,,Kansas City,MISSOURI,64116,Open,Restaurant/Deli 0-5 Employees,Restaurant/Deli,,Operational,"1201 NW Tullison Rd
Kansas City, MISSOURI 64116
(39.164463, -94.59864)"
532916,PerCup Tiki Bar 532916,PerCup Tiki Bar 532916,1407  Grand,,Kansas City,MISSOURI,64106,Open,Mobile Unit/Pushcart,Mobile Unit/Pushcart,,Operational,"1407 Grand
Kansas City, MISSOURI 64106
(39.096868, -94.581061)"
107670,El Charritos Taqueria,El Charritos Taqueria,3831 Independence Ave.,,Kansas City,MISSOURI,64124,Open,Restaurant/Deli 0-5 Employees,Restaurant/Deli,,Operational,"3831 Independence Ave.
Kansas City, MISSOURI 64124
(39.105797, -94.535865)"
106200,Sprint Center - Beer Express (108),Sprint Center - Beer Express (108),1407 Grand Blvd,,Kansas City,MISSOURI,64106,Open,Bar/Tavern 0-5 Employees,Bar/Tavern,,Operational,"1407 Grand Blvd
Kansas City, MISSOURI 64106
(39.096868, -94.581061)"
107457,Hissho Sushi @ Sprouts #721,Hissho Sushi @ Sprouts #721,8383 N. Booth Ave,,Kansas City,MISSOURI,64158,Open,Restaurant/Deli 0-5 Employees,Restaurant/Deli,,Operational,"8383 N. Booth Ave
Kansas City, MISSOURI 64158
(39.243649, -94.475018)"
106329,Beignet,Beignet,307 Main St,,Kansas City,MISSOURI,64105,Open,Restaurant/Deli 0-5 Employees,Restaurant/Deli,,Operational,"307 Main St
Kansas City, MISSOURI 64105
(39.109828, -94.583336)"
107107,Crows Coffee,Crows Coffee,304  E. 51st St.,,Kansas City,MISSOURI,64110,Open,Restaurant/Deli 6-9 Employees,Restaurant/Deli,,Operational,"304 E. 51st St.
Kansas City, MISSOURI 64110
(39.034757, -94.583702)"
107269,Texas Toms,Texas Toms,6950 Prospect Avenue,,Kansas City,MISSOURI,64132,Open,Restaurant/Deli 0-5 Employees,Restaurant/Deli,,Operational,"6950 Prospect Avenue
Kansas City, MISSOURI 64132
(39.000081, -94.556803)"
106746,Game Day Chicken Wings & Fish,Game Day Chicken Wings & Fish,8950 Wornall Rd.,,Kansas City,MISSOURI,64114,Open,Restaurant/Deli 0-5 Employees,Restaurant/Deli,,Operational,"8950 Wornall Rd.
Kansas City, MISSOURI 64114
(38.965736, -94.59548)"
107110,Rockhurst Outtakes/Starbucks,Rockhurst Outtakes/Starbucks,1100  Rockhurst Rd.,,Kansas City,MISSOURI,64110,Open,Restaurant/Deli 0-5 Employees,Restaurant/Deli,,Operational,"1100 Rockhurst Rd.
Kansas City, MISSOURI 64110
(39.032681, -94.573246)"
107753,PepperJax Grill,PepperJax Grill,9263  NE 83rd Terrace,,Kansas City ,MISSOURI,64158,Open,Restaurant/Deli 21-40 Employees,Restaurant/Deli,http://grohwer@pepperjax.com,Operational,"9263 NE 83rd Terrace
Kansas City, MISSOURI 64158
(39.243363, -94.462081)"
106011,Windstars #5101-Deli,Windstars #5101-Deli,5101 E. Front Street,,Kansas City,MISSOURI,64120,Open,Restaurant/Deli 0-5 Employees,Restaurant/Deli,,Operational,"5101 E. Front Street
Kansas City, MISSOURI 64120
(39.130693, -94.521466)"
800110,Municipal Auditorium - Aramark - Convention Center Catering,Municipal Auditorium - Aramark - Convention Center Catering,301  W 13th St,,Kansas City,MISSOURI,64105,Open,Catering Permit,Catering Permit,,Operational,"301 W 13th St
Kansas City, MISSOURI 64105
(39.0988, -94.58697)"
105335,Canteen Vending @ Research Brookside Hospital,Canteen Vending @ Research Brookside Hospital,6675 Holmes Rd.,,Kansas City,MISSOURI,64131,Open,Retail Grocery/Market Under 3000 sq. ft.,Retail Grocery/Market,,Operational,"6675 Holmes Rd.
Kansas City, MISSOURI 64131
(39.007093, -94.579518)"
105908,Anton's Butcher's Shop,Anton's Butcher's Shop,1610  Main st,,Kansas city,MISSOURI,64108,Open,Restaurant/Deli 6-9 Employees,Restaurant/Deli,,Operational,"1610 Main st
Kansas city, MISSOURI 64108
(39.094113, -94.583475)"
106966,Burger King,Burger King,340 W. 72nd St.,,Kansas City,MISSOURI,64114,Open,Restaurant/Deli 21-40 Employees,Restaurant/Deli,,Operational,"340 W. 72nd St.
Kansas City, MISSOURI 64114
(38.997738, -94.593062)"
106744,Nuevo Mundo,Nuevo Mundo,3205 E. 12th St.,,Kansas City,MISSOURI,64127,Open,Restaurant/Deli 0-5 Employees,Restaurant/Deli,,Operational,"3205 E. 12th St.
Kansas City, MISSOURI 64127
(39.098601, -94.544439)"
106135,Dollar Tree #5357,Dollar Tree #5357,5524 NE Antioch,,Kansas City,MISSOURI,64119,Open,Retail Grocery/Market 3001-30000 sq. ft.,Retail Grocery/Market,,Operational,"5524 NE Antioch
Kansas City, MISSOURI 64119
(39.194589, -94.548751)"
800355,Blue Springs Hy-Vee,Blue Springs Hy-Vee,625 W. US Hwy 40,,Blue Springs,MISSOURI,64014,Open,Catering Permit,Catering Permit,,Operational,"625 W. US Hwy 40
Blue Springs, MISSOURI 64014
(39.009206, -94.27133)"
106930,Big Tonys @ Ameristar Casino,Big Tonys @ Ameristar Casino,3200 N Ameristar Dr,,Kansas City,MISSOURI,64161,Open,Restaurant/Deli 6-9 Employees,Restaurant/Deli,,Operational,"3200 N Ameristar Dr
Kansas City, MISSOURI 64161
(39.150958, -94.477213)"
105490,Save A Lot Grocery Store,Save A Lot Grocery Store,6859 Longview,,Kansas City,MISSOURI,64134,Open,Retail Grocery/Market 3001-30000 sq. ft.,Retail Grocery/Market,,Operational,"6859 Longview
Kansas City, MISSOURI 64134
(38.915307, -94.511062)"
106165,Quality Suites @ KCI Airport,Quality Suites @ KCI Airport,11951 NW Ambassador,,Kansas City,MISSOURI,64153,Open,Restaurant/Deli 0-5 Employees,Restaurant/Deli,,Operational,"11951 NW Ambassador
Kansas City, MISSOURI 64153
(39.310222, -94.681949)"
107459,Sprouts Farmers Market - Deli/Bakery,Sprouts Farmers Market - Deli/Bakery,8383 N. Booth Ave,,Kansas City,MISSOURI,64158,Open,Restaurant/Deli 10-20 Employees,Restaurant/Deli,,Operational,"8383 N. Booth Ave
Kansas City, MISSOURI 64158
(39.243649, -94.475018)"
105472,Uncommon Stock,Uncommon Stock,1000 W 25th ,Unit B,Kansas City,MISSOURI,64108,Open,Restaurant/Deli 0-5 Employees,Restaurant/Deli,,Operational,"1000 W 25th
Kansas City, MISSOURI 64108
(39.083551, -94.596457)"
1077664,Family Mini Mart - Deli,Family Mini Mart - Deli,2221 E. 12th,,Kansas City,MISSOURI,64129,Open,Restaurant/Deli 0-5 Employees,Restaurant/Deli,,Operational,"2221 E. 12th
Kansas City, MISSOURI 64129
(39.099016, -94.555564)"
107278,Swope Soccer Village-North Stand,Swope Soccer Village-North Stand,6310  Lewis Rd,,Kansas City ,MISSOURI,64132,Open,Restaurant/Deli 10-20 Employees,Restaurant/Deli,http://legends.net,Operational,"6310 Lewis Rd
Kansas City, MISSOURI 64132
(39.013894, -94.520656)"
106227,Boulevard Brewing Company (Tasting Room),Boulevard Brewing Company (Tasting Room),2501 Southwest Blvd.,,Kansas city ,MISSOURI,64108,Open,Bar/Tavern 10-20 Employees,Bar/Tavern,,Operational,"2501 Southwest Blvd.
Kansas city, MISSOURI 64108
(39.082197, -94.597063)"
106256,Tanner's Bar & Grill,Tanner's Bar & Grill,8250  N. Church Rd.,,Kansas City,MISSOURI,64158,Open,Restaurant/Deli 21-40 Employees,Restaurant/Deli,,Operational,"8250 N. Church Rd.
Kansas City, MISSOURI 64158
(39.241815, -94.461594)"
106063,The Kill Devil Club,The Kill Devil Club,31  E 14th St,,Kansas City ,MISSOURI,64106,Open,Restaurant/Deli 10-20 Employees,Restaurant/Deli,,Operational,"31 E 14th St
Kansas City, MISSOURI 64106
(39.097239, -94.582984)"
107719,Treat America @ Blount International - CK Kiosk,Treat America @ Blount International - CK Kiosk,10331 NW Transcon Dr,,Kansas City,MISSOURI,64153,Open,Retail Grocery/Market Under 3000 sq. ft.,Retail Grocery/Market,,Operational,"10331 NW Transcon Dr
Kansas City, MISSOURI 64153
(39.277748, -94.690443)"
107227,AC Hotel by Marriott Market,AC Hotel by Marriott Market,560 Westport Rd,,Kansas City ,MISSOURI,64111,Open,Retail Grocery/Market Under 3000 sq. ft.,Retail Grocery/Market,http://luther.soloman@interstatehotel,Operational,"560 Westport Rd
Kansas City, MISSOURI 64111
(39.051954, -94.593341)"
S0036,Yum Yum Ho-Made,Yum Yum Ho-Made,3620 N Walnut,,Kansas City,MISSOURI,64116,Open,Sampling Permit,Sampling Permit,,Operational,"3620 N Walnut
Kansas City, MISSOURI 64116
(39.161436, -94.580626)"
106832,Asian Market,Asian Market,3615 St. John Ave,,Kansas City,MISSOURI,64123,Open,Retail Grocery/Market Under 3000 sq. ft.,Retail Grocery/Market,,Operational,"3615 St. John Ave
Kansas City, MISSOURI 64123
(39.113124, -94.53851)"
800224,KC American Sportservice,KC American Sportservice,1 Sporting Way,,Kansas City,KANSAS,66111,Open,Catering Permit,Catering Permit,,Operational,"1 Sporting Way
Kansas City, KANSAS 66111
(39.12337, -94.82409)"
107378,"American Food & Vending Services of MO @ Shook, Hardy & Bacon","American Food & Vending Services of MO @ Shook, Hardy & Bacon",2555  Grand Blvd.,,Kansas City,MISSOURI,64108,Open,Restaurant/Deli 0-5 Employees,Restaurant/Deli,,Operational,"2555 Grand Blvd.
Kansas City, MISSOURI 64108
(39.080286, -94.58304)"
532215,Schwan's Truck #1487 - 532215,Schwan's Truck #1487 - 532215,6225 NW Kelly Dr.,,Parkville,MISSOURI,64152,Open,Truck/Tent Sales,Truck/Tent Sales,,Operational,"6225 NW Kelly Dr.
Parkville, MISSOURI 64152
(39.207933, -94.689165)"
105471,Edible Arrangements,Edible Arrangements,3629 Broadway,,Kansas City,MISSOURI,64111,Open,Restaurant/Deli 6-9 Employees,Restaurant/Deli,,Operational,"3629 Broadway
Kansas City, MISSOURI 64111
(39.061217, -94.590506)"
105929,Smallcakes,Smallcakes,1710  W 39th St,,Kansas City,MISSOURI,64111,Open,Retail Bakery Under 3000 sq. ft.,Retail Bakery,,Operational,"1710 W 39th St
Kansas City, MISSOURI 64111
(39.057265, -94.605083)"
105397,Louie's Wine Dive,Louie's Wine Dive,7100 Wornall Rd.,,Kansas City,MISSOURI,64114,Open,Restaurant/Deli 21-40 Employees,Restaurant/Deli,,Operational,"7100 Wornall Rd.
Kansas City, MISSOURI 64114
(38.999602, -94.593827)"
107222,AC Hotel By Marriott (Breakfast),AC Hotel By Marriott (Breakfast),560  Westport Rd ,,Kansas City ,MISSOURI,64111,Open,Restaurant/Deli 0-5 Employees,Restaurant/Deli,,Operational,"560 Westport Rd
Kansas City, MISSOURI 64111
(39.051954, -94.593341)"
107494,Yogurtini,Yogurtini,8749  NW Prairie View,,Kansas City,MISSOURI,64153,Open,Restaurant/Deli 10-20 Employees,Restaurant/Deli,,Operational,"8749 NW Prairie View
Kansas City, MISSOURI 64153
(39.252638, -94.66422)"
106233,The Mixing Bowl Noshery,The Mixing Bowl Noshery,520 Southwest Boulevard,,Kansas City,MISSOURI,64108,Open,Restaurant/Deli 6-9 Employees,Restaurant/Deli,,Suspended,"520 Southwest Boulevard
Kansas City, MISSOURI 64108
(39.086485, -94.59101)"
106774,Wendy's #6009,Wendy's #6009,9301  N Oak Trafficway,,Kansas City,MISSOURI,64155,Open,Restaurant/Deli 21-40 Employees,Restaurant/Deli,,Operational,"9301 N Oak Trafficway
Kansas City, MISSOURI 64155
(39.262698, -94.575654)"
513116,La Michoacana 513116,La Michoacana 513116,1259 Central,,Kansas City,KANSAS,66102,Open,Mobile Unit/Pushcart,Mobile Unit/Pushcart,,Operational,"1259 Central
Kansas City, KANSAS 66102
(39.103704, -94.643261)"
800213,UMKC Catering Food Court,UMKC Catering Food Court,5100  Holmes,,Kansas City,MISSOURI,64110,Open,Catering Permit,Catering Permit,,Operational,"5100 Holmes
Kansas City, MISSOURI 64110
(39.034584, -94.578004)"
F00079,Shatto Farms/Shatto Milk Co.,Shatto Farms/Shatto Milk Co.,20 East 5th Street,,Kansas City,MISSOURI,64106,Open,Farmers Market Permit,Farmers Market Permit,,Operational,"20 East 5th Street
Kansas City, MISSOURI 64106
(39.108645, -94.581167)"
800351,Hy-Vee #1463,Hy-Vee #1463,14955 W 151st St,,Olathe,KANSAS,66062,Open,Catering Permit,Catering Permit,,Operational,"14955 W 151st St
Olathe, KANSAS 66062
(38.854727, -94.758163)"
105150,AMC Barrywoods 24 Theatres MacGuffins,AMC Barrywoods 24 Theatres MacGuffins,8101 NW Roanridge Rd,,Kansas City,MISSOURI,64151,Open,Bar/Tavern 0-5 Employees,Bar/Tavern,,Operational,"8101 NW Roanridge Rd
Kansas City, MISSOURI 64151
(39.243215, -94.657408)"
106149,Conoco (deli),Conoco (deli),11200  NW Ambassador,,Kansas city,MISSOURI,64153,Open,Restaurant/Deli 0-5 Employees,Restaurant/Deli,,Operational,"11200 NW Ambassador
Kansas city, MISSOURI 64153
(39.297401, -94.681712)"
107115,Boulevard Nights,Boulevard Nights,2805 Southwest Blvd.,,Kansas City,MISSOURI,64108,Open,Bar/Tavern 0-5 Employees,Bar/Tavern,,Operational,"2805 Southwest Blvd.
Kansas City, MISSOURI 64108
(39.077069, -94.601649)"
106796,Joe Joe's @ Hope Leadership Academy,Joe Joe's @ Hope Leadership Academy,2800 Linwood Blvd.,,Kansas City,MISSOURI,64128,Open,School - Private 0-5 Employees,School - Private,,Operational,"2800 Linwood Blvd.
Kansas City, MISSOURI 64128
(39.067955, -94.550103)"
544916,Boo Yah! Asian Fusion 544916,Boo Yah! Asian Fusion 544916,1109 E. Santa Fe,,Olathe,KANSAS,66061,Open,Mobile Unit/Pushcart,Mobile Unit/Pushcart,,Operational,"1109 E. Santa Fe
Olathe, KANSAS 66061
(38.883648, -94.799809)"
107344,Jimmy Johns #419,Jimmy Johns #419,4300  Roanoke Parkway ,,Kansas City ,MISSOURI,64111,Open,Restaurant/Deli 10-20 Employees,Restaurant/Deli,http://419@freaky-fast.com ,Operational,"4300 Roanoke Parkway
Kansas City, MISSOURI 64111
(39.049771, -94.60262)"
106062,The Gallery,The Gallery,61 E. 14th St.,,Kansas City ,MISSOURI,64106,Open,Restaurant/Deli 21-40 Employees,Restaurant/Deli,,Operational,"61 E. 14th St.
Kansas City, MISSOURI 64106
(39.097232, -94.582653)"
106009,7-Eleven #26590E (Market),7-Eleven #26590E (Market),4251 NE Antioch Rd,,Kansas City,MISSOURI,64117,Open,Retail Grocery/Market Under 3000 sq. ft.,Retail Grocery/Market,,Operational,"4251 NE Antioch Rd
Kansas City, MISSOURI 64117
(39.171168, -94.549029)"
107231,Fitz's Blarney Stone,Fitz's Blarney Stone,3801  Broadway ,,Kansas City ,MISSOURI,64111,Open,Bar/Tavern 0-5 Employees,Bar/Tavern,http://lawrencemanzey@gmail.com,Operational,"3801 Broadway
Kansas City, MISSOURI 64111
(39.058112, -94.590684)"
106463,Jay Wolfe Acura,Jay Wolfe Acura,1029 W 103rd St.,,Kansas City,MISSOURI,64114,Open,Restaurant/Deli 6-9 Employees,Restaurant/Deli,,Operational,"1029 W 103rd St.
Kansas City, MISSOURI 64114
(38.94185, -94.603815)"
105347,FlexPro,FlexPro,7801 Holmes Rd.,,Kansas City,MISSOURI,64131,Open,Restaurant/Deli 0-5 Employees,Restaurant/Deli,,Operational,"7801 Holmes Rd.
Kansas City, MISSOURI 64131
(38.985562, -94.580603)"
106838,Ming's Garden,Ming's Garden,4311 NE Chouteau Tfwy,,Kansas City,MISSOURI,64117,Open,Restaurant/Deli 0-5 Employees,Restaurant/Deli,,Operational,"4311 NE Chouteau Tfwy
Kansas City, MISSOURI 64117
(39.186492, -94.543508)"
107203,Off Key,Off Key,510  Westport Rd,2,Kansas City ,MISSOURI,64111,Open,Bar/Tavern 10-20 Employees,Bar/Tavern,,Operational,"510 Westport Rd
Kansas City, MISSOURI 64111
(39.052669, -94.591843)"
106489,Barry Road Phillip 66,Barry Road Phillip 66,6250 NW Barry Rd,,Kansas City,MISSOURI,64154,Open,Retail Grocery/Market Under 3000 sq. ft.,Retail Grocery/Market,,Operational,"6250 NW Barry Rd
Kansas City, MISSOURI 64154
(39.247019, -94.652026)"
S0018,The Berry Nutty Farm,The Berry Nutty Farm,7906  Sunset Circle,,Grandview,MISSOURI,64030,Open,Sampling Permit,Sampling Permit,,Operational,"7906 Sunset Circle
Grandview, MISSOURI 64030
(38.903424, -94.500758)"
106205,L'Ecole Culinaire (Restaurant),L'Ecole Culinaire (Restaurant),310 Ward Parkway,,Kansas City,MISSOURI,64112,Open,Restaurant/Deli 10-20 Employees,Restaurant/Deli,,Operational,"310 Ward Parkway
Kansas City, MISSOURI 64112
(39.040565, -94.591214)"
541616,Chiefs Sheridan's Unforked 541616 - Kiosk 315,Chiefs Sheridan's Unforked 541616 - Kiosk 315,1 Red Coat Lane,,Kansas City,MISSOURI,64129,Open,Mobile Unit/Pushcart,Mobile Unit/Pushcart,,Operational,"1 Red Coat Lane
Kansas City, MISSOURI 64129
(39.046976, -94.484283)"
106741,Express Mart (deli),Express Mart (deli),1331 E. Bannister Rd.,,Kansas City,MISSOURI,64131,Open,Restaurant/Deli 0-5 Employees,Restaurant/Deli,,Operational,"1331 E. Bannister Rd.
Kansas City, MISSOURI 64131
(38.955082, -94.573261)"
800234,Guadalupe Center Inc.- Villa Guadalupe- Catering,Guadalupe Center Inc.- Villa Guadalupe- Catering,5201 E. Truman Rd,,Kansas City,MISSOURI,64127,Open,Catering Permit,Catering Permit,,Operational,"5201 E. Truman Rd
Kansas City, MISSOURI 64127
(39.094191, -94.521669)"
107105,Scooters Coffee,Scooters Coffee,446  W. 47th St.,,Kansas City,MISSOURI,64112,Open,Restaurant/Deli 6-9 Employees,Restaurant/Deli,,Operational,"446 W. 47th St.
Kansas City, MISSOURI 64112
(39.042434, -94.593283)"
106488,Primrose Retirement Community of Kansas City,Primrose Retirement Community of Kansas City,8559 North Line Creek Parkway,,Kansas City,MISSOURI,64154,Open,Restaurant/Deli 10-20 Employees,Restaurant/Deli,,Operational,"8559 North Line Creek Parkway
Kansas City, MISSOURI 64154
(39.249499, -94.617501)"
107383,Pizzeria Locale,Pizzeria Locale,505 W 75th St,,Kansas City,MISSOURI,64114,Open,Restaurant/Deli 21-40 Employees,Restaurant/Deli,,Operational,"505 W 75th St
Kansas City, MISSOURI 64114
(38.992491, -94.595548)"
106478,KCI Heineken Bar,KCI Heineken Bar,61 Beirut Circle,Terminal C Gate 67,Kansas City,MISSOURI,64153,Open,Bar/Tavern 0-5 Employees,Bar/Tavern,,Operational,"61 Beirut Circle
Kansas City, MISSOURI 64153
(39.294995, -94.712356)"
F00084,Of The Earth Farm Distillery,Of The Earth Farm Distillery,20  East 5th Street,,Kansas City,MISSOURI,64106,Open,Farmers Market Permit,Farmers Market Permit,,Operational,"20 East 5th Street
Kansas City, MISSOURI 64106
(39.108645, -94.581167)"
800214,Brancato's Catering,Brancato's Catering,5050 Kansas Ave,,Kansas City,KANSAS,66106,Open,Catering Permit,Catering Permit,,Operational,"5050 Kansas Ave
Kansas City, KANSAS 66106
(39.089477, -94.695001)"
F00072,Dream Catcher Farm,Dream Catcher Farm,20 E 5th St,,Kansas City,MISSOURI,64106,Open,Farmers Market Permit,Farmers Market Permit,,Operational,"20 E 5th St
Kansas City, MISSOURI 64106
(39.108645, -94.581167)"
106461,Pickleman's,Pickleman's,7442 Wornall Rd.,,Kansas City,MISSOURI,64114,Open,Restaurant/Deli 10-20 Employees,Restaurant/Deli,,Operational,"7442 Wornall Rd.
Kansas City, MISSOURI 64114
(38.992959, -94.594272)"
609008,Hawaiian Ice,Hawaiian Ice,8640 N Dixson Ave,,Kansas City,MISSOURI,64153,Open,Seasonal Permit,Seasonal Permit,,Operational,"8640 N Dixson Ave
Kansas City, MISSOURI 64153
(39.250988, -94.665309)"
536316,Poppy's Ice Cream and Coffee House 536316,Poppy's Ice Cream and Coffee House 536316,307 SE Douglas,,Lee's Summit,MISSOURI,64063,Open,Mobile Unit/Pushcart,Mobile Unit/Pushcart,,Operational,"307 SE Douglas
Lee's Summit, MISSOURI 64063
(38.912297, -94.376078)"
F00076,Cadet Creek Farms/Pete's Produce,Cadet Creek Farms/Pete's Produce,20 E 5th St,,Kansas City,MISSOURI,64106,Open,Farmers Market Permit,Farmers Market Permit,,Operational,"20 E 5th St
Kansas City, MISSOURI 64106
(39.108645, -94.581167)"
107658,The Top Spot,The Top Spot,2640 Brooklyn Ave.,,Kansas City,MISSOURI,64127,Open,Retail Grocery/Market Under 3000 sq. ft.,Retail Grocery/Market,,Operational,"2640 Brooklyn Ave.
Kansas City, MISSOURI 64127
(39.077486, -94.557096)"
106188,Papa John's Pizza,Papa John's Pizza,1911 McGee,,Kansas City,MISSOURI,64108,Open,Restaurant/Deli 10-20 Employees,Restaurant/Deli,,Operational,"1911 McGee
Kansas City, MISSOURI 64108
(39.089861, -94.580248)"
106244,Dicapo Foods,Dicapo Foods,901 E. 19th Street,,Kansas City,MISSOURI,64108,Open,Restaurant/Deli 0-5 Employees,Restaurant/Deli,,Operational,"901 E. 19th Street
Kansas City, MISSOURI 64108
(39.090126, -94.572969)"
504216,Street Wings 504216,Street Wings 504216,1914  NE 2nd St,,Blue Springs,MISSOURI,64104,Open,Mobile Unit/Pushcart,Mobile Unit/Pushcart,,Operational,"1914 NE 2nd St
Blue Springs, MISSOURI 64104
(39.039789, -94.260619)"
107393,Marriott Hotel - Kansas City Airport (Lobby Market),Marriott Hotel - Kansas City Airport (Lobby Market),775 Brasilia Ave.,,Kansas City,MISSOURI,64153,Open,Retail Grocery/Market Under 3000 sq. ft.,Retail Grocery/Market,,Operational,"775 Brasilia Ave.
Kansas City, MISSOURI 64153
(39.310378, -94.71518)"
106929,Prohibition Hall,Prohibition Hall,1118 McGee St ,1000,Kansas City,MISSOURI,64134,Open,Bar/Tavern 0-5 Employees,Bar/Tavern,,Operational,"1118 McGee St
Kansas City, MISSOURI 64134
(39.100332, -94.579709)"
800304,Johnny's Tavern (catering),Johnny's Tavern (catering),1310 Grand Blvd,,Kansas City,MISSOURI,64106,Open,Catering Permit,Catering Permit,,Operational,"1310 Grand Blvd
Kansas City, MISSOURI 64106
(39.097844, -94.581011)"
540416,Monk's Roast Beef 540416,Monk's Roast Beef 540416,8510 Wornall Rd.,,Kansas City,MISSOURI,64114,Open,Mobile Unit/Pushcart,Mobile Unit/Pushcart,,Operational,"8510 Wornall Rd.
Kansas City, MISSOURI 64114
(38.973817, -94.59511)"
106282,Rockhill Shell Inc. (Deli),Rockhill Shell Inc. (Deli),900  E 63rd st,,kansas city,MISSOURI,64110,Open,Restaurant/Deli 0-5 Employees,Restaurant/Deli,http://asifsarfani@gmail.com,Operational,"900 E 63rd st
kansas city, MISSOURI 64110
(39.013336, -94.576622)"
106401,Treat America @ YMCA-Metro,Treat America @ YMCA-Metro,3827  Troost Avenue,,Kansas City,MISSOURI,63109,Open,Restaurant/Deli 0-5 Employees,Restaurant/Deli,,Operational,"3827 Troost Avenue
Kansas City, MISSOURI 63109
(39.056905, -94.572077)"
106927,Everyday #1,Everyday #1,801 Prospect,,Kansas city,MISSOURI,64124,Open,Retail Grocery/Market Under 3000 sq. ft.,Retail Grocery/Market,,Operational,"801 Prospect
Kansas city, MISSOURI 64124
(39.103245, -94.551195)"
106339,Taste of Brazil Market (deli),Taste of Brazil Market (deli),25 E 3rd St,,Kansas City,MISSOURI,64106,Open,Restaurant/Deli 0-5 Employees,Restaurant/Deli,,Operational,"25 E 3rd St
Kansas City, MISSOURI 64106
(39.10991, -94.583055)"
F00073,Juhl Greenhouse and Truck Farm,Juhl Greenhouse and Truck Farm,20 E 5th St,,Kansas City,MISSOURI,64106,Open,Farmers Market Permit,Farmers Market Permit,,Operational,"20 E 5th St
Kansas City, MISSOURI 64106
(39.108645, -94.581167)"
106804,Brothas Convenient Store Deli,Brothas Convenient Store Deli,2900 E. 39th St.,,Kansas City,MISSOURI,64128,Open,Restaurant/Deli 0-5 Employees,Restaurant/Deli,,Operational,"2900 E. 39th St.
Kansas City, MISSOURI 64128
(39.055308, -94.549784)"
107272,Meals on Wheels Shepherd's Center Central Home Delivered,Meals on Wheels Shepherd's Center Central Home Delivered,3501  Campbell,,Kansas City ,MISSOURI,64109,Open,Restaurant/Deli 6-9 Employees,Restaurant/Deli,http://www.sccentral.org,Operational,"3501 Campbell
Kansas City, MISSOURI 64109
(39.062713, -94.574073)"
106479,Flik Independent School Dining/Rockhurst High School,Flik Independent School Dining/Rockhurst High School,9301 State Line Rd.,,Kansas City,MISSOURI,64114,Open,Restaurant/Deli 10-20 Employees,Restaurant/Deli,,Operational,"9301 State Line Rd.
Kansas City, MISSOURI 64114
(38.961592, -94.60811)"
515416,Chick Hooven Swine BBQ 515416,Chick Hooven Swine BBQ 515416,1613 Peoria,,Paola,KANSAS,66071,Open,Mobile Unit/Pushcart,Mobile Unit/Pushcart,,Operational,"1613 Peoria
Paola, KANSAS 66071
(38.570703, -94.858131)"
800220,Farm to Table Kitchen - Geaux Catering,Farm to Table Kitchen - Geaux Catering,21 E 3rd St,,Kansas City,MISSOURI,64106,Open,Catering Permit,Catering Permit,,Operational,"21 E 3rd St
Kansas City, MISSOURI 64106
(39.1099, -94.583104)"
107338,The Brass on Baltimore - 15th floor,The Brass on Baltimore - 15th floor,1228 Baltimore Ave,,Kansas City,MISSOURI,64105,Open,Restaurant/Deli 0-5 Employees,Restaurant/Deli,,Operational,"1228 Baltimore Ave
Kansas City, MISSOURI 64105
(39.098836, -94.584387)"
501716,Treat America @ Kaufman Center for the Performing Arts 501716,Treat America @ Kaufman Center for the Performing Arts 501716,1601 Broadway Ave.,,Kansas City,MISSOURI,64108,Open,Mobile Unit/Pushcart,Mobile Unit/Pushcart,,Operational,"1601 Broadway Ave.
Kansas City, MISSOURI 64108
(39.093798, -94.588707)"
105728,Judges Grill,Judges Grill,5171 NE Chouteau,,Kansas City,MISSOURI,64119,Open,Restaurant/Deli 0-5 Employees,Restaurant/Deli,,Operational,"5171 NE Chouteau
Kansas City, MISSOURI 64119
(39.187228, -94.54461)"
106357,McDonald's,McDonald's,4400 Chouteau Trfy,,Kansas City,MISSOURI,64117,Open,Restaurant/Deli 41-60 Employees,Restaurant/Deli,,Operational,"4400 Chouteau Trfy
Kansas City, MISSOURI 64117
(39.173286, -94.535847)"
107467,Sprouts Farmers Market #722 (market),Sprouts Farmers Market #722 (market),6061 NW 64th St,,Kansas City,MISSOURI,64151,Open,Retail Grocery/Market 3001-30000 sq. ft.,Retail Grocery/Market,,Operational,"6061 NW 64th St
Kansas City, MISSOURI 64151
(39.210441, -94.650221)"
107415,Hogan Prepartory Elementary,Hogan Prepartory Elementary,5809 Michigan,,Kansas City,MISSOURI,64130,Open,School - Public 6-9 Employees,School - Public,,Operational,"5809 Michigan
Kansas City, MISSOURI 64130
(39.021237, -94.56365)"
106132,Worlds of Fun Warehouse,Worlds of Fun Warehouse,4545 Worlds of Fun Avenue,,Kansas City,MISSOURI,64161,Open,Retail Grocery/Market 3001-30000 sq. ft.,Retail Grocery/Market,,Operational,"4545 Worlds of Fun Avenue
Kansas City, MISSOURI 64161
(39.174532, -94.492423)"
8000114,B.B.'s Lawnside BBQ Catering,B.B.'s Lawnside BBQ Catering,1205 E 85th,,Kansas City,MISSOURI,64131,Open,Catering Permit,Catering Permit,,Operational,"1205 E 85th
Kansas City, MISSOURI 64131
(38.973392, -94.574903)"
106423,Brookside Charter and Day School,Brookside Charter and Day School,1815 E. 63rd Street,,Kansas City,MISSOURI,64130,Open,School - Private 0-5 Employees,School - Private,,Operational,"1815 E. 63rd Street
Kansas City, MISSOURI 64130
(39.012818, -94.563679)"
106911,Ipho Tower,Ipho Tower,1447 Independence Ave,,Kansas City,MISSOURI,64106,Open,Restaurant/Deli 0-5 Employees,Restaurant/Deli,http://vogolfer@yahoo.com,Operational,"1447 Independence Ave
Kansas City, MISSOURI 64106
(39.106731, -94.56274)"
105730,Dos De Oros Taqueria,Dos De Oros Taqueria,650 E Blue Ridge Blvd,,Kansas City,MISSOURI,64145,Open,Restaurant/Deli 0-5 Employees,Restaurant/Deli,,Operational,"650 E Blue Ridge Blvd
Kansas City, MISSOURI 64145
(38.889703, -94.586467)"
106422,Family Dollar Store #9237,Family Dollar Store #9237,5440  Prospect Avenue,,Kansas City,MISSOURI,64130,Open,Retail Grocery/Market 3001-30000 sq. ft.,Retail Grocery/Market,,Operational,"5440 Prospect Avenue
Kansas City, MISSOURI 64130
(39.02711, -94.55514)"
107657,The Top Spot (Deli),The Top Spot (Deli),2640 Brooklyn Ave.,,Kansas City,MISSOURI,64127,Open,Restaurant/Deli 0-5 Employees,Restaurant/Deli,,Operational,"2640 Brooklyn Ave.
Kansas City, MISSOURI 64127
(39.077486, -94.557096)"
524515,Paleterias Tropicana 524515,Paleterias Tropicana 524515,830 SW BLVD.,,Kansas City,MISSOURI,64108,Open,Ice Cream Moblie Vendor,Ice Cream Moblie Vendor,,Operational,"830 SW BLVD.
Kansas City, MISSOURI 64108
(39.084566, -94.594068)"
542516,La Hamburguesa Loca 542516 #2,La Hamburguesa Loca 542516 #2,312  Myrtle Ave,,Kansas City,MISSOURI,64124,Open,Mobile Unit/Pushcart,Mobile Unit/Pushcart,,Operational,"312 Myrtle Ave
Kansas City, MISSOURI 64124
(39.110772, -94.535102)"
105919,Jerusalem Bakery,Jerusalem Bakery,1404 Westport Rd ,,Kansas City,MISSOURI,64111,Open,Restaurant/Deli 0-5 Employees,Restaurant/Deli,,Operational,"1404 Westport Rd
Kansas City, MISSOURI 64111
(39.050085, -94.603524)"
107718,Treat America @ Automated Systems Inc - CK Kiosk,Treat America @ Automated Systems Inc - CK Kiosk,9230 E 47th St,,Kansas City,MISSOURI,64133,Open,Retail Grocery/Market Under 3000 sq. ft.,Retail Grocery/Market,,Operational,"9230 E 47th St
Kansas City, MISSOURI 64133
(39.035028, -94.472729)"
F00081,Of The Earth Farm,Of The Earth Farm,606  Gladstone Avenue,,Kansas City,MISSOURI,64124,Open,Farmers Market Permit,Farmers Market Permit,,Operational,"606 Gladstone Avenue
Kansas City, MISSOURI 64124
(39.105854, -94.545975)"
106780,GB Chinese,GB Chinese,500 NE Barry Rd,,Kansas City ,MISSOURI,64155,Open,Restaurant/Deli 0-5 Employees,Restaurant/Deli,,Operational,"500 NE Barry Rd
Kansas City, MISSOURI 64155
(39.246357, -94.574191)"
106184,Cellar Rat Wine Merchants,Cellar Rat Wine Merchants,1701 Baltimore ,,Kansas City,MISSOURI,64108,Open,Restaurant/Deli 6-9 Employees,Restaurant/Deli,,Operational,"1701 Baltimore
Kansas City, MISSOURI 64108
(39.093274, -94.584675)"
542916,Dog House 542916,Dog House 542916,913 N. Scott,,Belton,MISSOURI,64012,Open,Mobile Unit/Pushcart,Mobile Unit/Pushcart,,Operational,"913 N. Scott
Belton, MISSOURI 64012
(38.83092, -94.533774)"
106235,Pezzettino Italian Deli & Market,Pezzettino Italian Deli & Market,2101 Broadway,,Kansas City,MISSOURI,64108,Open,Restaurant/Deli 10-20 Employees,Restaurant/Deli,,Operational,"2101 Broadway
Kansas City, MISSOURI 64108
(39.087263, -94.589075)"
544116,La Hamburguesa Loca #3 544116,La Hamburguesa Loca #3 544116,3009  Independence,,Kansas City,MISSOURI,64124,Open,Mobile Unit/Pushcart,Mobile Unit/Pushcart,,Operational,"3009 Independence
Kansas City, MISSOURI 64124
(39.106084, -94.544966)"
512916,Schwan's #519681 - 512916,Schwan's #519681 - 512916,204 N. Evans Ave.,,Raymore,MISSOURI,64083,Open,Truck/Tent Sales,Truck/Tent Sales,,Operational,"204 N. Evans Ave.
Raymore, MISSOURI 64083
(38.806711, -94.443377)"
106120,Browne's Irish Market,Browne's Irish Market,3300 Pennsylvania,,Kansas City,MISSOURI,64111,Open,Retail Grocery/Market Under 3000 sq. ft.,Retail Grocery/Market,,Operational,"3300 Pennsylvania
Kansas City, MISSOURI 64111
(39.067644, -94.592465)"
105241,Success Academy @ Anderson,Success Academy @ Anderson,1601 Forrest Ave.,,Kansas City,MISSOURI,64108,Open,School - Public 0-5 Employees,School - Public; School - Public,,Operational,"1601 Forrest Ave.
Kansas City, MISSOURI 64108
(39.094054, -94.56884)"
F00071,David's Pasture,David's Pasture,6321 Wornall,,Kansas City,MISSOURI,64114,Open,Farmers Market Permit,Farmers Market Permit,,Operational,"6321 Wornall
Kansas City, MISSOURI 64114
(39.013796, -94.593144)"
107108,Rockhurst Einstein Bagels,Rockhurst Einstein Bagels,1100 Rockhurst Rd.,,Kansas City,MISSOURI,64110,Open,Restaurant/Deli 10-20 Employees,Restaurant/Deli,,Operational,"1100 Rockhurst Rd.
Kansas City, MISSOURI 64110
(39.032681, -94.573246)"
524416,Chiefs Aramark PG 301 Chiefs Steak 524416,Chiefs Aramark PG 301 Chiefs Steak 524416,1 Arrowhead Drive,,Kansas City,MISSOURI,64129,Open,Mobile Unit/Pushcart,Mobile Unit/Pushcart,,Operational,"1 Arrowhead Drive
Kansas City, MISSOURI 64129
(39.051361, -94.49361)"
106814,Inner City Oil,Inner City Oil,3814 - 3816 E. 31st St.,,Kansas City,MISSOURI,64128,Open,Retail Grocery/Market Under 3000 sq. ft.,Retail Grocery/Market,,Operational,"3814 - 3816 E. 31st St.
Kansas City, MISSOURI 64128
(39.069382, -94.538186)"
107358,The Sundry- Market,The Sundry- Market,1706 Baltimore,,Kansas City,MISSOURI,64108,Open,Retail Grocery/Market 3001-30000 sq. ft.,Retail Grocery/Market,,Operational,"1706 Baltimore
Kansas City, MISSOURI 64108
(39.092524, -94.584721)"
106777,Dollar General Store #14265,Dollar General Store #14265,8160  N Oak Trafficway,,Kansas City ,MISSOURI,64118,Open,Retail Grocery/Market 3001-30000 sq. ft.,Retail Grocery/Market,,Operational,"8160 N Oak Trafficway
Kansas City, MISSOURI 64118
(39.242308, -94.575966)"
105724,Raytown Soccer Club,Raytown Soccer Club,14200 E 87th st,,Kansas City,MISSOURI,64133,Open,Restaurant/Deli 0-5 Employees,Restaurant/Deli,,Operational,"14200 E 87th st
Kansas City, MISSOURI 64133
(38.962778, -94.416237)"
528316,El Paisa Taqueria 528316,El Paisa Taqueria 528316,6406 E. 87th St.,,Kansas City,MISSOURI,64138,Open,Mobile Unit/Pushcart,Mobile Unit/Pushcart,,Operational,"6406 E. 87th St.
Kansas City, MISSOURI 64138
(38.967095, -94.512446)"
544715,Ahumado Taco 544715,Ahumado Taco 544715,4501  Genessee,,Kansas City,MISSOURI,64111,Open,Mobile Unit/Pushcart,Mobile Unit/Pushcart,,Operational,"4501 Genessee
Kansas City, MISSOURI 64111
(39.0464, -94.605844)"
107384,Double Shift Brewing Co.,Double Shift Brewing Co.,412 E. 18th St.,,Kansas City,MISSOURI,64108,Open,Bar/Tavern 6-9 Employees,Bar/Tavern,,Operational,"412 E. 18th St.
Kansas City, MISSOURI 64108
(39.091635, -94.578826)"
107390,Torn Label Brewing Company,Torn Label Brewing Company,1708 Campbell,,Kansas City,MISSOURI,64108,Open,Bar/Tavern 0-5 Employees,Bar/Tavern,,Operational,"1708 Campbell
Kansas City, MISSOURI 64108
(39.092763, -94.572872)"
106760,Papa Murphy's,Papa Murphy's,6102 NW Barry Rd,,Kansas City,MISSOURI,64154,Open,Restaurant/Deli 10-20 Employees,Restaurant/Deli,,Operational,"6102 NW Barry Rd
Kansas City, MISSOURI 64154
(39.246972, -94.649278)"
107215,MO Brew,MO Brew,1403 W 39th St,,Kansas City,MISSOURI,64111,Open,Restaurant/Deli 10-20 Employees,Restaurant/Deli,http://mobrewkc@gmail.com,Operational,"1403 W 39th St
Kansas City, MISSOURI 64111
(39.057189, -94.602869)"
106198,Mosaic Lounge,Mosaic Lounge,1331 Walnut St,,Kansas City,MISSOURI,64106,Open,Bar/Tavern 21-40 Employees,Bar/Tavern,,Operational,"1331 Walnut St
Kansas City, MISSOURI 64106
(39.098154, -94.582177)"
107329,Phillips 66/Conoco #4 (deli),Phillips 66/Conoco #4 (deli),201 W 6th St,,Kansas  City,MISSOURI,64105,Open,Restaurant/Deli 0-5 Employees,Restaurant/Deli,,Operational,"201 W 6th St
Kansas City, MISSOURI 64105
(39.106438, -94.585671)"
107473,Big Lots #1994,Big Lots #1994,4826 N. Oak Trafficway,,Kansas City,MISSOURI,64118,Open,Retail Grocery/Market 30001-40000 sq. ft.,Retail Grocery/Market,,Operational,"4826 N. Oak Trafficway
Kansas City, MISSOURI 64118
(39.182719, -94.576716)"
106069,The Jacobson,The Jacobson,2050  Central St. ,,Kansas City ,MISSOURI,64108,Open,Restaurant/Deli 21-40 Employees,Restaurant/Deli,,Operational,"2050 Central St.
Kansas City, MISSOURI 64108
(39.088032, -94.587567)"
106835,Worlds of Fun Freestyle Cafe,Worlds of Fun Freestyle Cafe,4545 Worlds of Fun Ave,,Kansas City,MISSOURI,64161,Open,Restaurant/Deli 0-5 Employees,Restaurant/Deli,,Operational,"4545 Worlds of Fun Ave
Kansas City, MISSOURI 64161
(39.174532, -94.492423)"
106829,McCrite Plaza at Briarcliff - Assisted Living,McCrite Plaza at Briarcliff - Assisted Living,1201 NW Tullison Rd,,Kansas City,MISSOURI,64116,Open,Restaurant/Deli 0-5 Employees,Restaurant/Deli,,Operational,"1201 NW Tullison Rd
Kansas City, MISSOURI 64116
(39.164463, -94.59864)"
106753,Wendy's #6008,Wendy's #6008,6420 NW Barry Rd,,Kansas City,MISSOURI,64154,Open,Restaurant/Deli 21-40 Employees,Restaurant/Deli,,Operational,"6420 NW Barry Rd
Kansas City, MISSOURI 64154
(39.246988, -94.654447)"
106956,St. Joseph Medical Center - Main Kitchen,St. Joseph Medical Center - Main Kitchen,1000 Carondelet Dr.,,Kansas City,MISSOURI,64114,Open,Restaurant/Deli 21-40 Employees,Restaurant/Deli,,Operational,"1000 Carondelet Dr.
Kansas City, MISSOURI 64114
(38.935007, -94.605907)"
106473,Edible Arrangements,Edible Arrangements,6203 NW 63rd Ter,,Kansas CIty,MISSOURI,64151,Open,Restaurant/Deli 6-9 Employees,Restaurant/Deli,,Operational,"6203 NW 63rd Ter
Kansas CIty, MISSOURI 64151
(39.209472, -94.651711)"
521016,Worlds of Fun Scandi Dippin Dots 521016,Worlds of Fun Scandi Dippin Dots 521016,4545 Worlds of Fun Ave,,Kansas City,MISSOURI,64161,Open,Mobile Unit/Pushcart,Mobile Unit/Pushcart,,Operational,"4545 Worlds of Fun Ave
Kansas City, MISSOURI 64161
(39.174532, -94.492423)"
106485,Smallcakes,Smallcakes,9754 N. Ash,,Kansas City,MISSOURI,64157,Open,Retail Bakery Under 3000 sq. ft.,Retail Bakery,,Operational,"9754 N. Ash
Kansas City, MISSOURI 64157
(39.270048, -94.450516)"
106732,Conoco-Phillips (deli),Conoco-Phillips (deli),10921 Hickman Mills Rd.,,Kansas City,MISSOURI,64137,Open,Restaurant/Deli 0-5 Employees,Restaurant/Deli,,Operational,"10921 Hickman Mills Rd.
Kansas City, MISSOURI 64137
(38.92525, -94.524585)"
106073,It's The Bee's Knees Bakery,It's The Bee's Knees Bakery,1300 W 13th St,,Kansas City ,MISSOURI,64102,Open,Restaurant/Deli 0-5 Employees,Restaurant/Deli,,Operational,"1300 W 13th St
Kansas City, MISSOURI 64102
(39.099668, -94.600557)"
107159,KCMO Petroleum,KCMO Petroleum,5016 Blue Ridge BLVD.,,Kansas City,MISSOURI,64133,Open,Retail Grocery/Market Under 3000 sq. ft.,Retail Grocery/Market,http://Azhar816@AOL.com,Operational,"5016 Blue Ridge BLVD.
Kansas City, MISSOURI 64133
(39.029831, -94.439322)"
800231,The Masquerade- Catering,The Masquerade- Catering,3027 Walnut St,,Kansas City,MISSOURI,64108,Open,Catering Permit,Catering Permit,,Operational,"3027 Walnut St
Kansas City, MISSOURI 64108
(39.071697, -94.584101)"
544016,PaB's Mobile Treats 544016,PaB's Mobile Treats 544016,21 E 5th ,,Kansas City,MISSOURI,64106,Open,Mobile Unit/Pushcart,Mobile Unit/Pushcart,,Operational,"21 E 5th
Kansas City, MISSOURI 64106
(39.108492, -94.581957)"
106787,The Milwaukee Delicatessen Company,The Milwaukee Delicatessen Company,101 W 9th Street,,Kansas City,MISSOURI,64105,Open,Restaurant/Deli 10-20 Employees,Restaurant/Deli,,Operational,"101 W 9th Street
Kansas City, MISSOURI 64105
(39.103597, -94.584344)"
106487,Comfort Suites (market),Comfort Suites (market),8200 N. Church Rd.,,Kansas City,MISSOURI,64158,Open,Retail Grocery/Market Under 3000 sq. ft.,Retail Grocery/Market,,Operational,"8200 N. Church Rd.
Kansas City, MISSOURI 64158
(39.240743, -94.460993)"
105345,Thai House,Thai House,9938 Holmes Rd.,,Kansas City,MISSOURI,64131,Open,Restaurant/Deli 6-9 Employees,Restaurant/Deli,,Operational,"9938 Holmes Rd.
Kansas City, MISSOURI 64131
(38.946573, -94.582427)"
536816,Bartle Hall Aramark Bar #2 536816,Bartle Hall Aramark Bar #2 536816,301 W. 13th St.,,Kansas City,MISSOURI,64105,Open,Mobile Unit/Pushcart,Mobile Unit/Pushcart,,Operational,"301 W. 13th St.
Kansas City, MISSOURI 64105
(39.0988, -94.58697)"
542816,Chiefs Sheridan's Unforked 542816 - Kiosk 334,Chiefs Sheridan's Unforked 542816 - Kiosk 334,1 Red Coat Lane,,Kansas City,MISSOURI,64129,Open,Mobile Unit/Pushcart,Mobile Unit/Pushcart,,Operational,"1 Red Coat Lane
Kansas City, MISSOURI 64129
(39.046976, -94.484283)"
536916,Bartle Hall Aramark Bar #1 536916,Bartle Hall Aramark Bar #1 536916,301 W. 13th St.,,Kansas City,MISSOURI,64105,Open,Mobile Unit/Pushcart,Mobile Unit/Pushcart,,Operational,"301 W. 13th St.
Kansas City, MISSOURI 64105
(39.0988, -94.58697)"
F00061,Hubbard Farms,Hubbard Farms,20 E 5th St.,,Kansas City,MISSOURI,64106,Open,Farmers Market Permit,Farmers Market Permit,,Operational,"20 E 5th St.
Kansas City, MISSOURI 64106
(39.108645, -94.581167)"
542416,Chiefs Sheridan's Unforked 542416 - Kiosk 317,Chiefs Sheridan's Unforked 542416 - Kiosk 317,1 Red Coat Lane,,Kansas City,MISSOURI,64129,Open,Mobile Unit/Pushcart,Mobile Unit/Pushcart,,Operational,"1 Red Coat Lane
Kansas City, MISSOURI 64129
(39.046976, -94.484283)"
106294,Swoon,Swoon,1668 Jefferson St,100,Kansas City,MISSOURI,64108,Open,Restaurant/Deli 0-5 Employees,Restaurant/Deli,http://Sofia@justswoon.com,Operational,"1668 Jefferson St
Kansas City, MISSOURI 64108
(39.093184, -94.592206)"
107474,Dirk's Bar & Grill,Dirk's Bar & Grill,8132 NW Prairie View Rd,,Kansas City,MISSOURI,64151,Open,Restaurant/Deli 10-20 Employees,Restaurant/Deli,,Operational,"8132 NW Prairie View Rd
Kansas City, MISSOURI 64151
(39.241923, -94.658812)"
105921,Popeyes Louisiana Kitchen #4182,Popeyes Louisiana Kitchen #4182,23 E. Linwood Blvd.,,Kansas City,MISSOURI,64111,Open,Restaurant/Deli 10-20 Employees,Restaurant/Deli,,Operational,"23 E. Linwood Blvd.
Kansas City, MISSOURI 64111
(39.06843, -94.584215)"
529215,Pollos Asados Al Carbon El Indio 529215,Pollos Asados Al Carbon El Indio 529215,6307  Brookside Blvd,,Kansas City,MISSOURI,64113,Open,Mobile Unit/Pushcart,Mobile Unit/Pushcart,,Operational,"6307 Brookside Blvd
Kansas City, MISSOURI 64113
(39.013922, -94.591534)"
106154,Holiday Inn Express (retail),Holiday Inn Express (retail),9550 NW Polo,,Kansas City,MISSOURI,64153,Open,Retail Grocery/Market Under 3000 sq. ft.,Retail Grocery/Market,,Operational,"9550 NW Polo
Kansas City, MISSOURI 64153
(39.270721, -94.664428)"
106187,Empire Room,Empire Room,334 East  31st ,,Kansas City,MISSOURI,64108,Open,Bar/Tavern 10-20 Employees,Bar/Tavern,,Operational,"334 East 31st
Kansas City, MISSOURI 64108
(39.070838, -94.58029)"
525116,Jazzy B's 525116,Jazzy B's 525116,1611 Westport Rd.,,Kansas City,MISSOURI,64111,Open,Mobile Unit/Pushcart,Mobile Unit/Pushcart,,Operational,"1611 Westport Rd.
Kansas City, MISSOURI 64111
(39.05015, -94.605056)"
106460,Johnny Kaw's,Johnny Kaw's,7439 Broadway,,Kansas City,MISSOURI,64114,Open,Restaurant/Deli 10-20 Employees,Restaurant/Deli,,Operational,"7439 Broadway
Kansas City, MISSOURI 64114
(38.992761, -94.593827)"
105491,Calvary Lutheran School (Wornall Campus),Calvary Lutheran School (Wornall Campus),12411 Wornall,,Kansas City,MISSOURI,64146,Open,School - Private 0-5 Employees,School - Private,,Operational,"12411 Wornall
Kansas City, MISSOURI 64146
(38.905604, -94.594121)"
105452,Ambassador BP (retail),Ambassador BP (retail),8787 NW 112th St,,Kansas City,MISSOURI,64153,Open,Retail Grocery/Market Under 3000 sq. ft.,Retail Grocery/Market,,Operational,"8787 NW 112th St
Kansas City, MISSOURI 64153
(39.296618, -94.682221)"
106290,Juice Stop,Juice Stop,2450  Grand Ave,127,Kansas City,MISSOURI,64108,Open,Restaurant/Deli 0-5 Employees,Restaurant/Deli,http://olathetravelers@yahoo.com,Operational,"2450 Grand Ave
Kansas City, MISSOURI 64108
(39.082903, -94.581877)"
51115,Cajun Kings 511415,Cajun Kings 511415,1327  Burlington,,Kansas City,MISSOURI,64116,Open,Mobile Unit/Pushcart,Mobile Unit/Pushcart,,Operational,"1327 Burlington
Kansas City, MISSOURI 64116
(39.133341, -94.580457)"
105454,Swagat Spice Bazaar,Swagat Spice Bazaar,7407 NW 87th St,,Kansas City,MISSOURI,64153,Open,Retail Grocery/Market Under 3000 sq. ft.,Retail Grocery/Market,,Operational,"7407 NW 87th St
Kansas City, MISSOURI 64153
(39.251545, -94.665022)"
500616,Ohana's Shaved Ice 500616,Ohana's Shaved Ice 500616,8940 W. 135th,,Overland Park,KANSAS,66221,Open,Mobile Unit/Pushcart,Mobile Unit/Pushcart,,Operational,"8940 W. 135th
Overland Park, KANSAS 66221
(38.883815, -94.689325)"
106208,Dollar General Store #14097,Dollar General Store #14097,5757 Troost Ave,,Kansas City,MISSOURI,64110,Open,Retail Grocery/Market 3001-30000 sq. ft.,Retail Grocery/Market,,Operational,"5757 Troost Ave
Kansas City, MISSOURI 64110
(39.022559, -94.574059)"
106121,Browne's Irish Market (Deli),Browne's Irish Market (Deli),3300  Pennsylvania,,Kansas City,MISSOURI,64111,Open,Restaurant/Deli 0-5 Employees,Restaurant/Deli,,Operational,"3300 Pennsylvania
Kansas City, MISSOURI 64111
(39.067644, -94.592465)"
535716,Fat Guys Cheese Steak 535716,Fat Guys Cheese Steak 535716,1721 E. 31st St.,,Kansas City,MISSOURI,64109,Open,Mobile Unit/Pushcart,Mobile Unit/Pushcart,,Operational,"1721 E. 31st St.
Kansas City, MISSOURI 64109
(39.070215, -94.562981)"
105331,Treat America @ St. Teresa's Academy,Treat America @ St. Teresa's Academy,5600 Main St.,,Kansas City,MISSOURI,64113,Open,School - Private 0-5 Employees,School - Private,,Operational,"5600 Main St.
Kansas City, MISSOURI 64113
(39.025487, -94.585686)"
540916,Sombreros Mexican Cantina 540916,Sombreros Mexican Cantina 540916,22702 Midland Dr.,,Shawnee,KANSAS,66226,Open,Mobile Unit/Pushcart,Mobile Unit/Pushcart,,Operational,"22702 Midland Dr.
Shawnee, KANSAS 66226
(39.006124, -94.848481)"
105484,Ragazza,Ragazza,301  Westport Road,,Kansas City,MISSOURI,64111,Open,Restaurant/Deli 0-5 Employees,Restaurant/Deli,,Operational,"301 Westport Road
Kansas City, MISSOURI 64111
(39.053844, -94.589394)"
107287,Joe's Tobacco Shop and Pizza,Joe's Tobacco Shop and Pizza,8014 Hickman Mills Dr,,Kansas City ,MISSOURI,64132,Open,Restaurant/Deli 0-5 Employees,Restaurant/Deli,,Operational,"8014 Hickman Mills Dr
Kansas City, MISSOURI 64132
(38.980594, -94.558272)"
105932,Popeyes Louisiana Kitchen #3628,Popeyes Louisiana Kitchen #3628,10125  State Line Road,,Kansas City,MISSOURI,64114,Open,Restaurant/Deli 10-20 Employees,Restaurant/Deli,,Operational,"10125 State Line Road
Kansas City, MISSOURI 64114
(38.944044, -94.608071)"
548915,Figgy's Franks 548915,Figgy's Franks 548915,12925 US 71 S,,Grandview,MISSOURI,64030,Open,Mobile Unit/Pushcart,Mobile Unit/Pushcart,,Operational,"12925 US 71 S
Grandview, MISSOURI 64030
(38.889168, -94.524122)"
544616,Gerry and the Dude's Foods 544616,Gerry and the Dude's Foods 544616,5436 N Lydia,,Kansas City,MISSOURI,64118,Open,Mobile Unit/Pushcart,Mobile Unit/Pushcart,,Operational,"5436 N Lydia
Kansas City, MISSOURI 64118
(39.19378, -94.56265)"
105907,Anton's,Anton's,1610 Main St,,Kansas City,MISSOURI,64108,Open,Restaurant/Deli 21-40 Employees,Restaurant/Deli,,Operational,"1610 Main St
Kansas City, MISSOURI 64108
(39.094113, -94.583475)"
105149,Center For Behavioral Medicine,Center For Behavioral Medicine,1000 E 24th ,,Kansas City,MISSOURI,64108,Open,Restaurant/Deli 10-20 Employees,Restaurant/Deli,http://doug.williams@omh.mo.gov,Operational,"1000 E 24th
Kansas City, MISSOURI 64108
(39.083729, -94.571998)"
106925,Ray's Liquor & Smokes,Ray's Liquor & Smokes,4303 E 9th st,,Kansas City,MISSOURI,64124,Open,Retail Grocery/Market Under 3000 sq. ft.,Retail Grocery/Market,,Operational,"4303 E 9th st
Kansas City, MISSOURI 64124
(39.101888, -94.531469)"
517015,Jimmy Mac's 517015,Jimmy Mac's 517015,7940 Troost,,Kansas City,MISSOURI,64131,Open,Mobile Unit/Pushcart,Mobile Unit/Pushcart,,Operational,"7940 Troost
Kansas City, MISSOURI 64131
(38.982637, -94.576103)"
545416,Blue Moose Food Truck 545416,Blue Moose Food Truck 545416,520 W 75th St,,Kansas City,MISSOURI,64114,Open,Mobile Unit/Pushcart,Mobile Unit/Pushcart,,Operational,"520 W 75th St
Kansas City, MISSOURI 64114
(38.992511, -94.596081)"
106181,Subway #60004,Subway #60004,2401 Charlotte St ,103,Kansas City ,MISSOURI,64108,Open,Restaurant/Deli 6-9 Employees,Restaurant/Deli,http://accountspayable@team-rci.com,Operational,"2401 Charlotte St
Kansas City, MISSOURI 64108
(39.083364, -94.574729)"
106312,Barwaqo Restaurant,Barwaqo Restaurant,1447 Independence Ave,117,Kansas City,MISSOURI,64106,Open,Restaurant/Deli 0-5 Employees,Restaurant/Deli,,Operational,"1447 Independence Ave
Kansas City, MISSOURI 64106
(39.106731, -94.56274)"
107205,Comedy City,Comedy City,3600 Broadway,107,Kansas City,MISSOURI,64111,Open,Restaurant/Deli 6-9 Employees,Restaurant/Deli,http://claymorgan@comedycity.cc,Operational,"3600 Broadway
Kansas City, MISSOURI 64111
(39.061905, -94.590467)"
107380,Dollar Tree #5958,Dollar Tree #5958,1001  W. 136th St.,,Kansas City,MISSOURI,64145,Open,Retail Grocery/Market 3001-30000 sq. ft.,Retail Grocery/Market,http://tgerald@dollartree.com,Operational,"1001 W. 136th St.
Kansas City, MISSOURI 64145
(38.881874, -94.604438)"
105911,The Folly Theater,The Folly Theater,300 W 12th St,,Kansas City,MISSOURI,64105,Open,Restaurant/Deli 6-9 Employees,Restaurant/Deli,,Operational,"300 W 12th St
Kansas City, MISSOURI 64105
(39.100075, -94.587121)"
107168,Minit Mart Deli,Minit Mart Deli,4111 Blue Ridge Cutoff,,Kansas City,MISSOURI,64133,Open,Restaurant/Deli 10-20 Employees,Restaurant/Deli,http://blcompliance@cscinfo.com,Operational,"4111 Blue Ridge Cutoff
Kansas City, MISSOURI 64133
(39.048017, -94.475661)"
107319,Cascone's Restaurant,Cascone's Restaurant,3733 N Oak Trfwy,,Kansas City,MISSOURI,64116,Open,Restaurant/Deli 41-60 Employees,Restaurant/Deli,,Operational,"3733 N Oak Trfwy
Kansas City, MISSOURI 64116
(39.162951, -94.576829)"
106954,Friendship Chinese Restaurant,Friendship Chinese Restaurant,6420 Troost Ave.,,Kansas City,MISSOURI,64131,Open,Restaurant/Deli 0-5 Employees,Restaurant/Deli,,Operational,"6420 Troost Ave.
Kansas City, MISSOURI 64131
(39.010419, -94.574698)"
106321,Royals Aramark C-246A (Reserve Bar),Royals Aramark C-246A (Reserve Bar),1 Royal Way,,Kansas City,MISSOURI,64129,Open,Bar/Tavern 0-5 Employees,Bar/Tavern,,Operational,"1 Royal Way
Kansas City, MISSOURI 64129
(39.054727, -94.486227)"
800226,Guadalupe Centers - Alta Vista High School (catering),Guadalupe Centers - Alta Vista High School (catering),2640 Belleview Ave,,Kansas City,MISSOURI,64108,Open,Catering Permit,Catering Permit,,Operational,"2640 Belleview Ave
Kansas City, MISSOURI 64108
(39.079193, -94.596449)"
107387,Applebee's Neighborhood Bar & Grill,Applebee's Neighborhood Bar & Grill,13201 State Line Rd.,,kansas City,MISSOURI,64145,Open,Restaurant/Deli 41-60 Employees,Restaurant/Deli,,Operational,"13201 State Line Rd.
kansas City, MISSOURI 64145
(38.888177, -94.60798)"
106931,Brooklyn Market,Brooklyn Market,2119 Independence Ave,,Kansas City,MISSOURI,64124,Open,Retail Grocery/Market Under 3000 sq. ft.,Retail Grocery/Market,,Operational,"2119 Independence Ave
Kansas City, MISSOURI 64124
(39.106476, -94.555929)"
107148,Waldo Tropical Sno,Waldo Tropical Sno,222 W. 85th St,,Kansas City,MISSOURI,64114,Open,Restaurant/Deli 6-9 Employees,Restaurant/Deli,,Operational,"222 W. 85th St
Kansas City, MISSOURI 64114
(38.97419, -94.594216)"
105933,American Royal Center - Brancato's Catering Blue Ribbon Cafe,American Royal Center - Brancato's Catering Blue Ribbon Cafe,1701 American Royal Ct,,Kansas City,MISSOURI,64102,Open,Restaurant/Deli 0-5 Employees,Restaurant/Deli,,Operational,"1701 American Royal Ct
Kansas City, MISSOURI 64102
(39.090674, -94.603875)"
107204,Jay Wolfe Honda,Jay Wolfe Honda,220 W. 103rd St,,Kansas City,MISSOURI,64114,Open,Restaurant/Deli 0-5 Employees,Restaurant/Deli,,Operational,"220 W. 103rd St
Kansas City, MISSOURI 64114
(38.941589, -94.597012)"
609000,Taste of Brazil Market,Taste of Brazil Market (seasonal),25 E. 3rd St,,Kansas City,MISSOURI,64106,Open,Seasonal Permit,Seasonal Permit,,Operational,"25 E. 3rd St
Kansas City, MISSOURI 64106
(39.10991, -94.583055)"
107224,Babylon Hookah Lounge,Babylon Hookah Lounge,317  Westport Rd ,,Kansas City ,MISSOURI,64111,Open,Restaurant/Deli 0-5 Employees,Restaurant/Deli,,Operational,"317 Westport Rd
Kansas City, MISSOURI 64111
(39.053619, -94.589865)"
106240,Casa de Eventos,Casa de Eventos,700 Southwest Blvd.,,Kansas City,MISSOURI,64108,Open,Restaurant/Deli 0-5 Employees,Restaurant/Deli,,Operational,"700 Southwest Blvd.
Kansas City, MISSOURI 64108
(39.085343, -94.592803)"
105971,Big B's-Retail,Big B's-Retail,3800 E. Gregory,,Kansas City,MISSOURI,64132,Open,Retail Grocery/Market Under 3000 sq. ft.,Retail Grocery/Market,,Operational,"3800 E. Gregory
Kansas City, MISSOURI 64132
(38.998279, -94.542531)"
F00067,H&C Ice Cream,H&C Ice Cream,303  W 79th St.,,Kansas City,MISSOURI,64120,Open,Farmers Market Permit,Farmers Market Permit,,Operational,"303 W 79th St.
Kansas City, MISSOURI 64120
(38.985014, -94.59333)"
106766,Quik Trip #169 (market),Quik Trip #169 (market),5108 NE Vivion Rd,,Kansas City,MISSOURI,64119,Open,Retail Grocery/Market 3001-30000 sq. ft.,Retail Grocery/Market,,Operational,"5108 NE Vivion Rd
Kansas City, MISSOURI 64119
(39.188004, -94.520005)"
549916,Pigwich 549916,Pigwich 549916,2618 Guinotte Ave,,Kansas City,MISSOURI,64120,Open,Mobile Unit/Pushcart,Mobile Unit/Pushcart,,Operational,"2618 Guinotte Ave
Kansas City, MISSOURI 64120
(39.119173, -94.549405)"
105918,KC Smoke Burger,KC Smoke Burger,1610  W 39th St.,,Kansas City ,MISSOURI,64111,Open,Restaurant/Deli 0-5 Employees,Restaurant/Deli,,Operational,"1610 W 39th St.
Kansas City, MISSOURI 64111
(39.057238, -94.604374)"
523416,Charlie's All Star Cart 523416,Charlie's All Star Cart 523416,3838 Longview Rd,,Kansas City,MISSOURI,64138,Open,Mobile Unit/Pushcart,Mobile Unit/Pushcart,,Operational,"3838 Longview Rd
Kansas City, MISSOURI 64138
(38.913349, -94.455993)"
105277,Brothas Convenience Store,Brothas Convenience Store,2900 E. 39th St.,,Kansas City,MISSOURI,64128,Open,Retail Grocery/Market Under 3000 sq. ft.,Retail Grocery/Market,,Operational,"2900 E. 39th St.
Kansas City, MISSOURI 64128
(39.055308, -94.549784)"
107461,Garden Village,Garden Village,8550 N Granby Ave,,Kansas City,MISSOURI,64154,Open,Restaurant/Deli 41-60 Employees,Restaurant/Deli,,Operational,"8550 N Granby Ave
Kansas City, MISSOURI 64154
(39.250482, -94.627992)"
106451,Bier Station,Bier Station,120 E Gregory Blvd.,,Kansas City,MISSOURI,64114,Open,Restaurant/Deli 6-9 Employees,Restaurant/Deli,,Operational,"120 E Gregory Blvd.
Kansas City, MISSOURI 64114
(38.999319, -94.587318)"
106773,Wendy's #6013,Wendy's #6013,4931  N Oak Trafficway,,Kansas City,MISSOURI,64118,Open,Restaurant/Deli 21-40 Employees,Restaurant/Deli,,Operational,"4931 N Oak Trafficway
Kansas City, MISSOURI 64118
(39.185841, -94.576606)"
105725,Hy-Vee Gas #1 Deli,Hy-Vee Gas #1 Deli,8371 N St Clair Ave,,Kansas City,MISSOURI,64151,Open,Restaurant/Deli 10-20 Employees,Restaurant/Deli,,Operational,"8371 N St Clair Ave
Kansas City, MISSOURI 64151
(39.246339, -94.64715)"
107342,The Standard Pour,The Standard Pour,1511  Westport ,,Kansas City ,MISSOURI,64111,Open,Restaurant/Deli 6-9 Employees,Restaurant/Deli,,Operational,"1511 Westport
Kansas City, MISSOURI 64111
(39.050114, -94.60428)"
107392,Marriott Hotel - Kansas City Airport,Marriott Hotel - Kansas City Airport,775 Brasilia Ave.,,Kansas City,MISSOURI,64153,Open,Restaurant/Deli 41-60 Employees,Restaurant/Deli,,Operational,"775 Brasilia Ave.
Kansas City, MISSOURI 64153
(39.310378, -94.71518)"
106245,Worlds of Fun Mamba Pretzel,Worlds of Fun Mamba Pretzel,4545 Worlds of Fun Ave,,Kansas City,MISSOURI,64161,Open,Restaurant/Deli 0-5 Employees,Restaurant/Deli,,Operational,"4545 Worlds of Fun Ave
Kansas City, MISSOURI 64161
(39.174532, -94.492423)"
106792,Wendy's #6027,Wendy's #6027,5363 E. Bannister Rd.,,Kansas City,MISSOURI,64137,Open,Restaurant/Deli 10-20 Employees,Restaurant/Deli,,Operational,"5363 E. Bannister Rd.
Kansas City, MISSOURI 64137
(38.953095, -94.527683)"
800104,Olive Events,Olive Events,11620 Leavenworth Rd,,Kansas City,KANSAS,64109,Open,Catering Permit,Catering Permit,,Operational,"11620 Leavenworth Rd
Kansas City, KANSAS 64109
(39.143139, -94.849003)"
106791,Wendy's,Wendy's,3803 E. Truman Rd.,,Kansas City,MISSOURI,64127,Open,Restaurant/Deli 21-40 Employees,Restaurant/Deli,,Operational,"3803 E. Truman Rd.
Kansas City, MISSOURI 64127
(39.094183, -94.537302)"
106077,City Market Coffee House,City Market Coffee House,305 Main St,,Kansas City ,MISSOURI,64105,Open,Restaurant/Deli 0-5 Employees,Restaurant/Deli,,Operational,"305 Main St
Kansas City, MISSOURI 64105
(39.109836, -94.58334)"
537816,Beauty of the Bistro 537816,Beauty of the Bistro 537816,5190 W 215th St,,Bucyrus,KANSAS,66013,Open,Mobile Unit/Pushcart,Mobile Unit/Pushcart,,Operational,"5190 W 215th St
Bucyrus, KANSAS 66013
(38.738153, -94.645138)"
105977,Prospect BP,Prospect BP,6245 Prospect Avenue,,Kansas City,MISSOURI,64130,Open,Retail Grocery/Market Under 3000 sq. ft.,Retail Grocery/Market,,Operational,"6245 Prospect Avenue
Kansas City, MISSOURI 64130
(39.012973, -94.556148)"
544414,Kansas City Ice Cream Van D 544414,Kansas City Ice Cream Van D 544414,5300 Gardner,,Kansas City,MISSOURI,64120,Open,Ice Cream Moblie Vendor,Ice Cream Moblie Vendor,,Operational,"5300 Gardner
Kansas City, MISSOURI 64120
(39.126969, -94.520603)"
609003,Kettle Corn Peddlers,Kettle Corn Peddlers,1107 Hickory St,,Kansas City,MISSOURI,64101,Open,Sampling Permit,Sampling Permit,,Operational,"1107 Hickory St
Kansas City, MISSOURI 64101
(39.101473, -94.601417)"
800230,Michael Forbes Grille (Catering),Michael Forbes Grille (Catering),128 W. 63rd St.,,Kansas City,MISSOURI,64113,Open,Catering Permit,Catering Permit,,Operational,"128 W. 63rd St.
Kansas City, MISSOURI 64113
(39.013924, -94.589366)"
107405,Rice House,Rice House,13003  State Line Rd.,,Kansas City,MISSOURI,64145,Open,Restaurant/Deli 0-5 Employees,Restaurant/Deli,,,"13003 State Line Rd.
Kansas City, MISSOURI 64145
(38.892197, -94.607982)"
526316,Bartle Hall Dippn Dots #3 526316,Bartle Hall Dippn Dots #3 526316,301 W 13th,,Kansas City,MISSOURI,64105,Open,Mobile Unit/Pushcart,Mobile Unit/Pushcart,,Operational,"301 W 13th
Kansas City, MISSOURI 64105
(39.0988, -94.58697)"
107334,Middle East Market,Middle East Market,4107 N Cherry St,B,Kansas City,MISSOURI,64116,Open,Retail Grocery/Market Under 3000 sq. ft.,Retail Grocery/Market,,Operational,"4107 N Cherry St
Kansas City, MISSOURI 64116
(39.168173, -94.576439)"
107720,Treat America @ Haldex Brakes - CK Kiosk,Treat America @ Haldex Brakes - CK Kiosk,10930 N Pomona Dr,,Kansas City,MISSOURI,64153,Open,Retail Grocery/Market Under 3000 sq. ft.,Retail Grocery/Market,,Operational,"10930 N Pomona Dr
Kansas City, MISSOURI 64153
(39.292255, -94.671572)"
S0041,"Kansas City Canning Co., LLC","Kansas City Canning Co., LLC",4621  Fairmount Avenue,,Kansas City,MISSOURI,64112,Open,Farmers Market Permit,Farmers Market Permit,,Operational,"4621 Fairmount Avenue
Kansas City, MISSOURI 64112
(39.043786, -94.604324)"
548316,Woodson Estates Pool 548316,Woodson Estates Pool 548316,6127 Larson Ave,,Kansas City ,MISSOURI,64133,Open,Mobile Unit/Pushcart,Mobile Unit/Pushcart,,Operational,"6127 Larson Ave
Kansas City, MISSOURI 64133
(39.009676, -94.436987)"
107109,Rockhurst Subway,Rockhurst Subway,1100 Rockhurst Rd.,,Kansas City,MISSOURI,64110,Open,Restaurant/Deli 10-20 Employees,Restaurant/Deli,,Operational,"1100 Rockhurst Rd.
Kansas City, MISSOURI 64110
(39.032681, -94.573246)"
539315,K.C. Zoo Lemon Chill #1 539315,K.C. Zoo Lemon Chill #1 539315,6800 Zoo Drive,,Kansas City,MISSOURI,64132,Open,Ice Cream Moblie Vendor,Ice Cream Moblie Vendor,,Operational,"6800 Zoo Drive
Kansas City, MISSOURI 64132
(39.00682, -94.53141)"
107301,Jose Pepper's Briarcliff,Jose Pepper's Briarcliff,4125 N Mulberry Dr,,Kansas City,MISSOURI,64116,Open,Restaurant/Deli 41-60 Employees,Restaurant/Deli,,Operational,"4125 N Mulberry Dr
Kansas City, MISSOURI 64116
(39.16852, -94.597651)"
106190,El Paso del Norte (deli),El Paso del Norte (deli),3430  Independence Ave,,Kansas City,MISSOURI,64124,Open,Restaurant/Deli 0-5 Employees,Restaurant/Deli,,Operational,"3430 Independence Ave
Kansas City, MISSOURI 64124
(39.105945, -94.540678)"
107713,Treat America @ Shick USA - CK Kiosk,Treat America @ Shick USA - CK Kiosk,4346 Clary Blvd,,Kansas City,MISSOURI,64130,Open,Retail Grocery/Market Under 3000 sq. ft.,Retail Grocery/Market,,Operational,"4346 Clary Blvd
Kansas City, MISSOURI 64130
(39.045632, -94.523028)"
107484,Burger King,Burger King,8238  N. Oak Trafficway,,Kansas City,MISSOURI,64118,Open,Restaurant/Deli 21-40 Employees,Restaurant/Deli,,Operational,"8238 N. Oak Trafficway
Kansas City, MISSOURI 64118
(39.244324, -94.575937)"
105944,The Ship,The Ship,1217 Union Ave,,Kansas City,MISSOURI,64101,Open,Bar/Tavern 0-5 Employees,Bar/Tavern,,Operational,"1217 Union Ave
Kansas City, MISSOURI 64101
(39.102451, -94.598459)"
105925,Westport Ale House,Westport Ale House,4128 Broadway,,Kansas City,MISSOURI,64111,Open,Restaurant/Deli 21-40 Employees,Restaurant/Deli,,Operational,"4128 Broadway
Kansas City, MISSOURI 64111
(39.052309, -94.589776)"
107373,Sol Cantina- Outdoors Bar,Sol Cantina- Outdoors Bar,408 E 31st St.,,Kansas City,MISSOURI,64108,Open,Bar/Tavern 0-5 Employees,Bar/Tavern,,Operational,"408 E 31st St.
Kansas City, MISSOURI 64108
(39.070807, -94.579569)"
542615,La Michoacana Ice Cream Cart 542615,La Michoacana Ice Cream Cart 542615,1259 Central Ave.,,Kansas City,KANSAS,66102,Open,Ice Cream Moblie Vendor,Ice Cream Moblie Vendor,,Operational,"1259 Central Ave.
Kansas City, KANSAS 66102
(39.103704, -94.643261)"
800232,Paseo Academy of Fine and Performing Arts Catering,Paseo Academy of Fine and Performing Arts Catering,4747  Flora,,Kansas City,MISSOURI,64110,Open,Fee Exempt,Fee Exempt,,Operational,"4747 Flora
Kansas City, MISSOURI 64110
(39.039226, -94.566885)"
106971,Red Snapper,Red Snapper,8430 Ward Parkway,,Kansas City,MISSOURI,64114,Open,Restaurant/Deli 10-20 Employees,Restaurant/Deli,,Operational,"8430 Ward Parkway
Kansas City, MISSOURI 64114
(38.97527, -94.606947)"
106733,Ewing Marion Kauffman School (American Food & Vending),Ewing Marion Kauffman School (American Food & Vending),6401 Paseo Blvd.,,Kansas City,MISSOURI,64131,Open,School - Private 0-5 Employees,School - Private,,Operational,"6401 Paseo Blvd.
Kansas City, MISSOURI 64131
(39.01128, -94.568034)"
105247,Big Mart,Big Mart,5405 E. Truman,,Kansas City,MISSOURI,64127,Open,Retail Grocery/Market Under 3000 sq. ft.,Retail Grocery/Market,,Operational,"5405 E. Truman
Kansas City, MISSOURI 64127
(39.094111, -94.519037)"
107164,The Flamingo Saloon,The Flamingo Saloon,15015  US Highway 40,,Kansas City ,MISSOURI,64136,Open,Bar/Tavern 0-5 Employees,Bar/Tavern,,Operational,"15015 US Highway 40
Kansas City, MISSOURI 64136
(39.03494, -94.399621)"
800106,Crazy Good Eats Catering,Crazy Good Eats Catering,25215 W 149th Terrace,,Olathe,KANSAS,66061,Open,Catering Permit,Catering Permit,,Operational,"25215 W 149th Terrace
Olathe, KANSAS 66061
(38.858236, -94.877972)"
107327,Yard House #8359,Yard House #8359,1300 Main St,,Kansas City,MISSOURI,64105,Open,Restaurant/Deli 101-110 Employees,Restaurant/Deli,,Operational,"1300 Main St
Kansas City, MISSOURI 64105
(39.098483, -94.583248)"
106802,Popeye's Louisiana Kitchen #843,Popeye's Louisiana Kitchen #843,3102 Prospect,,Kansas City,MISSOURI,64128,Open,Restaurant/Deli 10-20 Employees,Restaurant/Deli,,Operational,"3102 Prospect
Kansas City, MISSOURI 64128
(39.06979, -94.552843)"
106238,Julep,Julep,4141 Pennsylvania,104,Kansas City ,MISSOURI,64111,Open,Restaurant/Deli 10-20 Employees,Restaurant/Deli,http://beau@julepkc.com,Operational,"4141 Pennsylvania
Kansas City, MISSOURI 64111
(39.051661, -94.590511)"
105939,PBR Big Sky,PBR Big Sky,111 E 13th St,,Kansas City,MISSOURI,64105,Open,Bar/Tavern 21-40 Employees,Bar/Tavern,,Operational,"111 E 13th St
Kansas City, MISSOURI 64105
(39.195398, -94.681385)"
S0023,Wood & Salt,Wood & Salt,21 E 3rd St,,Kansas City,MISSOURI,64106,Open,Sampling Permit,Sampling Permit,,Operational,"21 E 3rd St
Kansas City, MISSOURI 64106
(39.1099, -94.583104)"
538616,Francesco's Lonchera 538616,Francesco's Lonchera 538616,342 Chelsea,,Kansas City,MISSOURI,64124,Open,Mobile Unit/Pushcart,Mobile Unit/Pushcart,,Operational,"342 Chelsea
Kansas City, MISSOURI 64124
(39.109263, -94.524692)"
523215,Bizou Mobile 523215,Bizou Mobile 523215,3109 Charlotte,,Kansas City,MISSOURI,64109,Open,Mobile Unit/Pushcart,Mobile Unit/Pushcart,,Operational,"3109 Charlotte
Kansas City, MISSOURI 64109
(39.070315, -94.575409)"
542715,Tacos El Rulas 542715,Tacos El Rulas 542715,6106 St. John,,Kansas City,MISSOURI,64123,Open,Mobile Unit/Pushcart,Mobile Unit/Pushcart,,Operational,"6106 St. John
Kansas City, MISSOURI 64123
(39.112146, -94.510086)"
107702,Treat America @ Stinson Leonard Street - CK Kiosk,Treat America @ Stinson Leonard Street - CK Kiosk,1201 Walnut Street,,Kansas City,MISSOURI,64108,Open,Retail Grocery/Market Under 3000 sq. ft.,Retail Grocery/Market,,Operational,"1201 Walnut Street
Kansas City, MISSOURI 64108
(39.195494, -94.684339)"
107707,Treat America @ Frederick/Blount Inc - CK Kiosk,Treat America @ Frederick/Blount Inc - CK Kiosk,4840 E 12th St,,Kansas City,MISSOURI,64127,Open,Retail Grocery/Market Under 3000 sq. ft.,Retail Grocery/Market,,Operational,"4840 E 12th St
Kansas City, MISSOURI 64127
(39.097931, -94.524196)"
107307,Nook and Cranny,Nook and Cranny,1400 W 14th St,,Kansas City,MISSOURI,64102,Open,Restaurant/Deli 0-5 Employees,Restaurant/Deli,,Operational,"1400 W 14th St
Kansas City, MISSOURI 64102
(39.097657, -94.591571)"
549515,Starlight Theatre Fountain Bar 549515,Starlight Theatre Fountain Bar 549515,4600 Starlight Rd,,Kansas City,MISSOURI,64132,Open,Mobile Unit/Pushcart,Mobile Unit/Pushcart,,Operational,"4600 Starlight Rd
Kansas City, MISSOURI 64132
(39.009406, -94.532417)"
800111,delish! Catering and Events,delish! Catering and Events,15962 S. Murlen,,Olathe,KANSAS,66062,Open,Catering Permit,Catering Permit,,Operational,"15962 S. Murlen
Olathe, KANSAS 66062
(38.83978, -94.779586)"
106305,Crossland International Market,Crossland International Market,19 E 3rd St,,Kansas City,MISSOURI,64106,Open,Retail Grocery/Market 3001-30000 sq. ft.,Retail Grocery/Market,,Operational,"19 E 3rd St
Kansas City, MISSOURI 64106
(39.109895, -94.583129)"
106082,Voltaire,Voltaire,1617 Genessee St,,Kansas City ,MISSOURI,64102,Open,Restaurant/Deli 10-20 Employees,Restaurant/Deli,,Operational,"1617 Genessee St
Kansas City, MISSOURI 64102
(39.093987, -94.604978)"
106782,Price Chopper (Deli),Price Chopper (Deli),500  NE Barry Rd,,Kansas City,MISSOURI,64155,Open,Restaurant/Deli 21-40 Employees,Restaurant/Deli,,Operational,"500 NE Barry Rd
Kansas City, MISSOURI 64155
(39.246357, -94.574191)"
107526,Aramark Refreshment Services @ National Beef,Aramark Refreshment Services @ National Beef,12200  N. Ambassador,,Kansas City,MISSOURI,64153,Open,Retail Grocery/Market Under 3000 sq. ft.,Retail Grocery/Market,,Operational,"12200 N. Ambassador
Kansas City, MISSOURI 64153
(39.314776, -94.683038)"
800251,Worlds of Fun Catering Kitchen (catering),Worlds of Fun Catering Kitchen (catering),4545 Worlds of Fun Ave,,Kansas City,MISSOURI,64161,Open,Catering Permit,Catering Permit,,Operational,"4545 Worlds of Fun Ave
Kansas City, MISSOURI 64161
(39.174532, -94.492423)"
106923,River Market Event Place,River Market Event Place,140 Walnut St.,,Kansa City,MISSOURI,64106,Open,Restaurant/Deli 0-5 Employees,Restaurant/Deli,http://Chad@rivermarketeventplace.com,Operational,"140 Walnut St.
Kansa City, MISSOURI 64106
(39.111327, -94.582565)"
105615,Tiffany Ridge Elementary,Tiffany Ridge Elementary,5301 NW Old Tiffany Springs Rd,,Kansas City,MISSOURI,64154,Open,Fee Exempt,Fee Exempt,,Operational,"5301 NW Old Tiffany Springs Rd
Kansas City, MISSOURI 64154
(39.261133, -94.640688)"
107254,Swope Xpress Mart-deli,Swope Xpress Mart-deli,2601  Swope Parkway,,Kansas City,MISSOURI,64130,Open,Restaurant/Deli 0-5 Employees,Restaurant/Deli,,Operational,"2601 Swope Parkway
Kansas City, MISSOURI 64130
(39.038772, -94.553954)"
106155,Drury Inn & Suites (retail),Drury Inn & Suites (retail),7900 NW Tiffany Springs,,Kansas City,MISSOURI,64153,Open,Retail Grocery/Market Under 3000 sq. ft.,Retail Grocery/Market,,Operational,"7900 NW Tiffany Springs
Kansas City, MISSOURI 64153
(39.261435, -94.671965)"
534314,Iowa Steaks 534314,Iowa Steaks 534314,1441 29th St.,Suite 210,West Des Moin,IOWA,50266,Open,Truck/Tent Sales,Truck/Tent Sales,,Operational,"1441 29th St.
West Des Moin, IOWA 50266
(41.594054, -93.744796)"
107251,Short Stop Mini Mart,Short Stop Mini Mart,3201  E. 51st Street,,Kansas City,MISSOURI,64130,Open,Retail Grocery/Market Under 3000 sq. ft.,Retail Grocery/Market,,Operational,"3201 E. 51st Street
Kansas City, MISSOURI 64130
(39.033499, -94.547665)"
107316,Treat America @ UMB Bank - CK Kiosk,Treat America @ UMB Bank - CK Kiosk,906 Grand Avenue,,Kansas City,MISSOURI,64106,Open,Retail Grocery/Market Under 3000 sq. ft.,Retail Grocery/Market,,Operational,"906 Grand Avenue
Kansas City, MISSOURI 64106
(39.103273, -94.580712)"
107330,Phillips 66/Conoco #4 (market),Phillips 66/Conoco #4 (market),201 W 6th St,,Kansas City,MISSOURI,64105,Open,Retail Grocery/Market Under 3000 sq. ft.,Retail Grocery/Market,,Operational,"201 W 6th St
Kansas City, MISSOURI 64105
(39.106438, -94.585671)"
106729,Conoco-Phillips,Conoco-Phillips,10921 Hickman Mills Dr.,,Kansas Cvity,MISSOURI,64137,Open,Retail Grocery/Market Under 3000 sq. ft.,Retail Grocery/Market,,Operational,"10921 Hickman Mills Dr.
Kansas Cvity, MISSOURI 64137
(38.92525, -94.524585)"
544316,Snowy Delights 544316,Snowy Delights 544316,416 E Mill,,Liberty,MISSOURI,64068,Open,Mobile Unit/Pushcart,Mobile Unit/Pushcart,,Operational,"416 E Mill
Liberty, MISSOURI 64068
(39.244734, -94.416099)"
106913,Nguyen Pho & Grill,Nguyen Pho & Grill,500 Grand Blvd,,Kansas City,MISSOURI,64106,Open,Restaurant/Deli 0-5 Employees,Restaurant/Deli,http://jacknguyen76@att.net,Operational,"500 Grand Blvd
Kansas City, MISSOURI 64106
(39.108707, -94.580441)"
F00082,"Mean Vegan Products, Inc.","Mean Vegan Products, Inc.",303 W 79th Street,,Kansas City,MISSOURI,64114,Open,Farmers Market Permit,Farmers Market Permit,,Operational,"303 W 79th Street
Kansas City, MISSOURI 64114
(38.985014, -94.59333)"
106078,KC Marriott Downtown - Lobby Coffee,KC Marriott Downtown - Lobby Coffee,200 W 12th St,,Kansas City ,MISSOURI,64105,Open,Restaurant/Deli 0-5 Employees,Restaurant/Deli,,Operational,"200 W 12th St
Kansas City, MISSOURI 64105
(39.10003, -94.585827)"
106723,Jimmy John's # 2444,Jimmy John's # 2444,17 W. 63rd St.,,Kansas City,MISSOURI,64113,Open,Restaurant/Deli 10-20 Employees,Restaurant/Deli,,Operational,"17 W. 63rd St.
Kansas City, MISSOURI 64113
(39.01387, -94.58858)"
107302,Chiefs Sheridan's Unforked (108B),Chiefs Sheridan's Unforked (108B),1 Arrowhead Dr,,Kansas City,MISSOURI,64129,Open,Restaurant/Deli 6-9 Employees,Restaurant/Deli,,Operational,"1 Arrowhead Dr
Kansas City, MISSOURI 64129
(39.051361, -94.49361)"
105332,YWAM Campaigns,YWAM Campaigns,10121 Grandview Rd.,,Kansas City,MISSOURI,64137,Open,Restaurant/Deli 0-5 Employees,Restaurant/Deli,,Operational,"10121 Grandview Rd.
Kansas City, MISSOURI 64137
(38.941158, -94.546086)"
107414,Hogan Prep Middle School,Hogan Prep Middle School,6409 Agnes,,Kansas City,MISSOURI,64132,Open,School - Public 6-9 Employees,School - Public,,Operational,"6409 Agnes
Kansas City, MISSOURI 64132
(39.00967, -94.551634)"
106331,Farm to Table Kitchen - Wood & Salt,Farm to Table Kitchen - Wood & Salt,21 E 3rd St,,Kansas City,MISSOURI,64106,Open,Restaurant/Deli 0-5 Employees,Restaurant/Deli,,Operational,"21 E 3rd St
Kansas City, MISSOURI 64106
(39.1099, -94.583104)"
540516,Snowie KC 540516,Snowie KC 540516,124 S. Forrest Ave.,,Liberty,MISSOURI,64068,Open,Mobile Unit/Pushcart,Mobile Unit/Pushcart,,Operational,"124 S. Forrest Ave.
Liberty, MISSOURI 64068
(39.24277, -94.445387)"
F00074,Farrar Family Farm KC,Farrar Family Farm KC,1324 W 12th St,,Kansas City,MISSOURI,64101,Open,Farmers Market Permit,Farmers Market Permit,,Operational,"1324 W 12th St
Kansas City, MISSOURI 64101
(39.10075, -94.600022)"
525916,Savanna Sweets 525916,Savanna Sweets 525916,18 N Main St,,Liberty,MISSOURI,64068,Open,Mobile Unit/Pushcart,Mobile Unit/Pushcart,,Operational,"18 N Main St
Liberty, MISSOURI 64068
(39.246601, -94.420347)"
105634,Casey's General Store #3241 (deli),Casey's General Store #3241 (deli),7907  N Oak Trafficway,,Kansas City,MISSOURI,64118,Open,Restaurant/Deli 10-20 Employees,Restaurant/Deli,,Operational,"7907 N Oak Trafficway
Kansas City, MISSOURI 64118
(39.237721, -94.576015)"
107724,Treat America @ Black & Veatch - CK Kiosk,Treat America @ Black & Veatch - CK Kiosk,8400 Ward Parkway,,Kansas City,MISSOURI,64114,Open,Retail Grocery/Market Under 3000 sq. ft.,Retail Grocery/Market,,Operational,"8400 Ward Parkway
Kansas City, MISSOURI 64114
(38.976481, -94.60689)"
105635,Everyday Conoco (Retail),Everyday Conoco (Retail),840 N. Montgall Ave,,Kansas City ,MISSOURI,64120,Open,Retail Grocery/Market Under 3000 sq. ft.,Retail Grocery/Market,,Operational,"840 N. Montgall Ave
Kansas City, MISSOURI 64120
(39.124302, -94.54916)"
541116,Chiefs Aramark Tanteo Margarita Cart 541116,Chiefs Aramark Tanteo Margarita Cart 541116,1 Red Coat Ln,,Kansas City ,MISSOURI,64129,Open,Mobile Unit/Pushcart,Mobile Unit/Pushcart,,Operational,"1 Red Coat Ln
Kansas City, MISSOURI 64129
(39.046976, -94.484283)"
106752,Boulevard Grill,Boulevard Grill,11832 NW Plaza Circle,,Kansas City,MISSOURI,64153,Open,Restaurant/Deli 10-20 Employees,Restaurant/Deli,,Operational,"11832 NW Plaza Circle
Kansas City, MISSOURI 64153
(39.308884, -94.683573)"
107311,Chiefs Levy Coffee Cart,Chiefs Levy Coffee Cart,1 Hank Stram Way,,Kansas City,MISSOURI,64129,Open,Restaurant/Deli 0-5 Employees,Restaurant/Deli,,Operational,"1 Hank Stram Way
Kansas City, MISSOURI 64129
(39.048968, -94.486532)"
107153,Steak'M Take'M,Steak'M Take'M,8729 Blue Ridge Blvd,,Kansas ,MISSOURI,64138,Open,Restaurant/Deli 0-5 Employees,Restaurant/Deli,,Operational,"8729 Blue Ridge Blvd
Kansas, MISSOURI 64138
(38.965072, -94.499647)"
S0028,Heirloom Bakery & Hearth,Heirloom Bakery & Hearth,6321 Wornall Rd,,Kansas City,MISSOURI,64113,Open,Sampling Permit,Sampling Permit,,Operational,"6321 Wornall Rd
Kansas City, MISSOURI 64113
(39.013796, -94.593144)"
536515,La Hamburgesa Loca 536515 #1,La Hamburgesa Loca 536515 #1,3009 Independence Ave.,,Kansas City,MISSOURI,64124,Open,Mobile Unit/Pushcart,Mobile Unit/Pushcart,,Operational,"3009 Independence Ave.
Kansas City, MISSOURI 64124
(39.106084, -94.544966)"
106217,Grand Street Cafe (Event Space),Grand Street Cafe (Event Space),4740 Grand,,Kansas City,MISSOURI,64112,Open,Restaurant/Deli 71-80 Employees,Restaurant/Deli,,Operational,"4740 Grand
Kansas City, MISSOURI 64112
(39.041294, -94.585227)"
106953,Baskins Robbins,Baskins Robbins,101 W. 63rd St.,,Kansas City,MISSOURI,64113,Open,Restaurant/Deli 10-20 Employees,Restaurant/Deli,,Operational,"101 W. 63rd St.
Kansas City, MISSOURI 64113
(39.013943, -94.589689)"
106754,64 Tavern & Grill,64 Tavern & Grill,6312 N Chatham Ave,,Kansas City,MISSOURI,64151,Open,Restaurant/Deli 10-20 Employees,Restaurant/Deli,,Operational,"6312 N Chatham Ave
Kansas City, MISSOURI 64151
(39.209619, -94.643026)"
106904,Express Stop (Market),Express Stop (Market),500 E 10th st,,Kansas City,MISSOURI,64106,Open,Retail Grocery/Market Under 3000 sq. ft.,Retail Grocery/Market,http://aagpetroleum@gamil.com,Operational,"500 E 10th st
Kansas City, MISSOURI 64106
(39.102145, -94.577007)"
106739,IHOP KC Camp Kitchen,IHOP KC Camp Kitchen,11700 Grandview Rd.,,Kansas City,MISSOURI,64137,Open,Restaurant/Deli 6-9 Employees,Restaurant/Deli,,Operational,"11700 Grandview Rd.
Kansas City, MISSOURI 64137
(38.912946, -94.533162)"
800113,Swope Corridor Renaissance/Upper Room-Catering,Swope Corridor Renaissance/Upper Room-Catering,2803 E. 51st Street,,Kansas City,MISSOURI,64130,Open,Catering Permit,Catering Permit,,Operational,"2803 E. 51st Street
Kansas City, MISSOURI 64130
(39.033636, -94.55184)"
106222,American Food & Vending Svcs @ Polsinelli (Retail),American Food & Vending Svcs @ Polsinelli (Retail),900 W 48th Plaza,,Kansas City,MISSOURI,64112,Open,Retail Grocery/Market Under 3000 sq. ft.,Retail Grocery/Market,,Operational,"900 W 48th Plaza
Kansas City, MISSOURI 64112
(39.04069, -94.597799)"
105400,Super 8 Motel,Super 8 Motel,6900 NW 83rd Ter,,Kansas City,MISSOURI,64152,Open,Restaurant/Deli 0-5 Employees,Restaurant/Deli,,Operational,"6900 NW 83rd Ter
Kansas City, MISSOURI 64152
(39.245813, -94.660649)"
106719,Discount Smokes & Liquor,Discount Smokes & Liquor,3401 E. Red Bridge Rd.,,Kansas City,MISSOURI,64137,Open,Retail Grocery/Market Under 3000 sq. ft.,Retail Grocery/Market,,Operational,"3401 E. Red Bridge Rd.
Kansas City, MISSOURI 64137
(38.924567, -94.55046)"
106840,Quality Hill Supermart,Quality Hill Supermart,1020 Broadway Blvd,,Kansas City,MISSOURI,64105,Open,Retail Grocery/Market Under 3000 sq. ft.,Retail Grocery/Market,,Operational,"1020 Broadway Blvd
Kansas City, MISSOURI 64105
(39.101251, -94.588368)"
106166,Moti Mahal Cuisine of India,Moti Mahal Cuisine of India,7111 N.W. Barry Road,,Kansas City,MISSOURI,64153,Open,Restaurant/Deli 0-5 Employees,Restaurant/Deli,,Operational,"7111 N.W. Barry Road
Kansas City, MISSOURI 64153
(39.246846, -94.661767)"
106074,Morning Glory Ministries,Morning Glory Ministries,416 W 12th St,,Kansas City ,MISSOURI,64105,Open,Restaurant/Deli 0-5 Employees,Restaurant/Deli,,Operational,"416 W 12th St
Kansas City, MISSOURI 64105
(39.100132, -94.588874)"
515216,The Lunch Box 515216,The Lunch Box 515216,13414 Bristol Ave.,,Grandview,MISSOURI,64030,Open,Mobile Unit/Pushcart,Mobile Unit/Pushcart,,Operational,"13414 Bristol Ave.
Grandview, MISSOURI 64030
(38.879695, -94.511943)"
105950,John's Big Deck (main floor),John's Big Deck (main floor),928 Wyandotte St,,Kansas City,MISSOURI,64105,Open,Restaurant/Deli 10-20 Employees,Restaurant/Deli,,Operational,"928 Wyandotte St
Kansas City, MISSOURI 64105
(39.102728, -94.585453)"
106161,Ambassador Cafe,Ambassador Cafe,11500  NW Ambassador,,Kansas city,MISSOURI,64153,Open,Restaurant/Deli 0-5 Employees,Restaurant/Deli,,Operational,"11500 NW Ambassador
Kansas city, MISSOURI 64153
(39.301331, -94.6817)"
105638,Pizza Hut #4714,Pizza Hut #4714,9580 N McGee,,Kansas City,MISSOURI,64155,Open,Restaurant/Deli 21-40 Employees,Restaurant/Deli,,Operational,"9580 N McGee
Kansas City, MISSOURI 64155
(39.267031, -94.577119)"
107528,Sherwood Family Recreation Center,Sherwood Family Recreation Center,4900 N. Norton,,Kansas City,MISSOURI,64119,Open,Restaurant/Deli 0-5 Employees,Restaurant/Deli,,Operational,"4900 N. Norton
Kansas City, MISSOURI 64119
(39.182994, -94.531874)"
106970,Applebee's Neighborhood Grill & Bar,Applebee's Neighborhood Grill & Bar,1046 W. 103rd St.,,Kansas City,MISSOURI,64114,Open,Restaurant/Deli 21-40 Employees,Restaurant/Deli,,Operational,"1046 W. 103rd St.
Kansas City, MISSOURI 64114
(38.941969, -94.605895)"
105473,PT's Coffee at The Crossroads,PT's Coffee at The Crossroads,310 Southwest Blvd.,,Kansas City,MISSOURI,64108,Open,Restaurant/Deli 10-20 Employees,Restaurant/Deli,,Operational,"310 Southwest Blvd.
Kansas City, MISSOURI 64108
(39.088332, -94.588076)"
106472,Papa Murphy's,Papa Murphy's,7713 State Line Rd.,,Kansas City,MISSOURI,64114,Open,Restaurant/Deli 10-20 Employees,Restaurant/Deli,,Operational,"7713 State Line Rd.
Kansas City, MISSOURI 64114
(38.988432, -94.607983)"
106726,Dollar General Store #14543,Dollar General Store #14543,551 E. 99th St.,,Kansas City,MISSOURI,64131,Open,Retail Grocery/Market 3001-30000 sq. ft.,Retail Grocery/Market,,Operational,"551 E. 99th St.
Kansas City, MISSOURI 64131
(38.948379, -94.584968)"
106319,The North End,The North End,910 E 5th St,,Kansas City,MISSOURI,64106,Open,Restaurant/Deli 0-5 Employees,Restaurant/Deli,,Operational,"910 E 5th St
Kansas City, MISSOURI 64106
(39.110279, -94.572949)"
107674,Hope City Deli,Hope City Deli,5101 E. 24th St.,,Kansas City,MISSOURI,64127,Open,Fee Exempt,Fee Exempt,,Operational,"5101 E. 24th St.
Kansas City, MISSOURI 64127
(39.081742, -94.522943)"
106109,Broadway Butcher Shop,Broadway Butcher Shop,3828 Broadway,,Kansas City,MISSOURI,64111,Open,Retail Grocery/Market Under 3000 sq. ft.,Retail Grocery/Market,,Operational,"3828 Broadway
Kansas City, MISSOURI 64111
(39.057247, -94.590735)"
538216,Corky's 538216,Corky's 538216,5601 Linden St,,Roeland Park,KANSAS,66205,Open,Mobile Unit/Pushcart,Mobile Unit/Pushcart,,Operational,"5601 Linden St
Roeland Park, KANSAS 66205
(39.027331, -94.64067)"
535015,KC Kettle Corn 535015,KC Kettle Corn 535015,431 Westport Rd.,,Kansas City,MISSOURI,64111,Open,Mobile Unit/Pushcart,Mobile Unit/Pushcart,,Operational,"431 Westport Rd.
Kansas City, MISSOURI 64111
(39.053155, -94.590839)"
106406,Midtown Convenience Store,Midtown Convenience Store,4300  Indiana Avenue,,Kansas City,MISSOURI,64130,Open,Retail Grocery/Market Under 3000 sq. ft.,Retail Grocery/Market,,Operational,"4300 Indiana Avenue
Kansas City, MISSOURI 64130
(39.047616, -94.544766)"
106316,Door to Door Organics,Door to Door Organics,4000 NE 33rd Terrace,3,Kansas City,MISSOURI,64117,Open,Retail Grocery/Market 3001-30000 sq. ft.,Retail Grocery/Market,,Operational,"4000 NE 33rd Terrace
Kansas City, MISSOURI 64117
(39.154164, -94.532589)"
F00049,Pink Blossom Orchard,Pink Blossom Orchard,20 E 5th St,,Kansas City,MISSOURI,64105,Open,Farmers Market Permit,Farmers Market Permit,,Operational,"20 E 5th St
Kansas City, MISSOURI 64105
(39.108645, -94.581167)"
107374,Legends Kansas Soccer,Legends Kansas Soccer,1511 Baltimore,,Kansas City,MISSOURI,64108,Open,Restaurant/Deli 0-5 Employees,Restaurant/Deli,,Operational,"1511 Baltimore
Kansas City, MISSOURI 64108
(39.095575, -94.584545)"
107260,Joe Joe's Catering @Lee A. Tolbert Academy,Joe Joe's Catering @Lee A. Tolbert Academy,3400  Paseo,,Kansas City,MISSOURI,64109,Open,School - Private 0-5 Employees,School - Private,,Operational,"3400 Paseo
Kansas City, MISSOURI 64109
(39.064406, -94.567001)"
106446,K.C. City Zoo Tuxedo Grill,K.C. City Zoo Tuxedo Grill,6800 Zoo Drive,,Kansas City,MISSOURI,64132,Open,Restaurant/Deli 41-60 Employees,Restaurant/Deli,http://www.fotzkc.org,Operational,"6800 Zoo Drive
Kansas City, MISSOURI 64132
(39.00682, -94.53141)"
531415,Sol Ray Cafe 531415,Sol Ray Cafe 531415,17055 Belray Blvd.,,Belton,MISSOURI,64012,Open,Mobile Unit/Pushcart,Mobile Unit/Pushcart,,Operational,"17055 Belray Blvd.
Belton, MISSOURI 64012
(38.81399, -94.497067)"
107119,Get It 2 Go (Retail Market),Get It 2 Go (Retail Market),5000 Woodland,,Kansas City,MISSOURI,64110,Open,Retail Grocery/Market Under 3000 sq. ft.,Retail Grocery/Market,,Operational,"5000 Woodland
Kansas City, MISSOURI 64110
(39.035753, -94.563962)"
519016,Hella Bar-B-Que 519016,Hella Bar-B-Que 519016,7437 Indiana,,Kansas City,MISSOURI,64132,Open,Mobile Unit/Pushcart,Mobile Unit/Pushcart,,Operational,"7437 Indiana
Kansas City, MISSOURI 64132
(38.990875, -94.547923)"
800215,"Kansas City Catering, Inc","Kansas City Catering, Inc",3018  S. 44th St,,Kansas City ,KANSAS,66106,Open,Catering Permit,Catering Permit,,Operational,"3018 S. 44th St
Kansas City, KANSAS 66106
(39.047279, -94.679618)"
107214,Freebirds World Burrito,Freebirds World Burrito,554  Westport Rd,,Kansas City,MISSOURI,64111,Open,Restaurant/Deli 10-20 Employees,Restaurant/Deli,http://kathy@licensingsolutions.us,Operational,"554 Westport Rd
Kansas City, MISSOURI 64111
(39.052191, -94.592814)"
107158,New China,New China,8781  Blue Ridge Blvd,,Kansas City ,MISSOURI,64138,Open,Restaurant/Deli 0-5 Employees,Restaurant/Deli,http://wendylin718@gmail.com,Operational,"8781 Blue Ridge Blvd
Kansas City, MISSOURI 64138
(38.964901, -94.499543)"
F00077,Green Dirt Farm,Green Dirt Farm,20  East 5th Street,,Kansas City,MISSOURI,64106,Open,Farmers Market Permit,Farmers Market Permit,,Operational,"20 East 5th Street
Kansas City, MISSOURI 64106
(39.108645, -94.581167)"
107263,Brookside Charter School Concessions,Brookside Charter School Concessions,1815 E. 63rd Street,,Kansas City,MISSOURI,64130,Open,Restaurant/Deli 0-5 Employees,Restaurant/Deli,,Operational,"1815 E. 63rd Street
Kansas City, MISSOURI 64130
(39.012818, -94.563679)"
106230,Second Best Coffee,Second Best Coffee,328 85th Street,,Kansas City,MISSOURI,64114,Open,Restaurant/Deli 0-5 Employees,Restaurant/Deli,,Operational,"328 85th Street
Kansas City, MISSOURI 64114
(38.974192, -94.594301)"
106844,Wendy's,Wendy's,4201 N Corrington Ave,,Kansas City,MISSOURI,64117,Open,Restaurant/Deli 21-40 Employees,Restaurant/Deli,,Operational,"4201 N Corrington Ave
Kansas City, MISSOURI 64117
(39.169734, -94.495685)"
107456,Chick-Fil-A,Chick-Fil-A,6501  NW Barry Rd,,Kansas City,MISSOURI,64154,Open,Restaurant/Deli 71-80 Employees,Restaurant/Deli,,Operational,"6501 NW Barry Rd
Kansas City, MISSOURI 64154
(39.246796, -94.654029)"
107728,Treat America @ Bonterra Catering - CK Kiosk,Treat America @ Bonterra Catering - CK Kiosk,320 N McGee,,Kansas City,MISSOURI,64116,Open,Retail Grocery/Market Under 3000 sq. ft.,Retail Grocery/Market,,Operational,"320 N McGee
Kansas City, MISSOURI 64116
(39.11903, -94.582507)"
525216,Chiefs Aramark PG 109 525216,Chiefs Aramark PG 109 525216,1 Red Coat Ln,,Kansas City,MISSOURI,64129,Open,Mobile Unit/Pushcart,Mobile Unit/Pushcart,,Operational,"1 Red Coat Ln
Kansas City, MISSOURI 64129
(39.046976, -94.484283)"
106093,Wendy's #6012,Wendy's #6012,1601 W 12th St,,Kansas City ,MISSOURI,64101,Open,Restaurant/Deli 21-40 Employees,Restaurant/Deli,,Operational,"1601 W 12th St
Kansas City, MISSOURI 64101
(39.100049, -94.60389)"
526616,Jam Down Kitchen 526616,Jam Down Kitchen 526616,6836 Prospect,,Kansas City,MISSOURI,64132,Open,Mobile Unit/Pushcart,Mobile Unit/Pushcart,,Operational,"6836 Prospect
Kansas City, MISSOURI 64132
(39.002072, -94.556711)"
106212,Panache Chocolatier,Panache Chocolatier,418 Nichols Rd,,Kansas City,MISSOURI,64112,Open,Retail Bakery Under 3000 sq. ft.,Retail Bakery,,Operational,"418 Nichols Rd
Kansas City, MISSOURI 64112
(39.041265, -94.591996)"
513016,Worlds of Fun Africa Dippin Dots 513016,Worlds of Fun Africa Dippin Dots 513016,4545 Worlds of Fun Ave,,Kansas City,MISSOURI,64161,Open,Mobile Unit/Pushcart,Mobile Unit/Pushcart,,Operational,"4545 Worlds of Fun Ave
Kansas City, MISSOURI 64161
(39.174532, -94.492423)"
609006,Esler Concessions,Esler Concessions,1107 Hickory St,,Kansas City,MISSOURI,64101,Open,Seasonal Permit,Seasonal Permit,,Operational,"1107 Hickory St
Kansas City, MISSOURI 64101
(39.101473, -94.601417)"
540115,La Flor de Chiapas 540115,La Flor de Chiapas 540115,3253 Independence Ave.,,Kansas City,MISSOURI,64124,Open,Mobile Unit/Pushcart,Mobile Unit/Pushcart,,Operational,"3253 Independence Ave.
Kansas City, MISSOURI 64124
(39.105995, -94.54204)"
800353,Hy-Vee,Hy-Vee,8900 W 135th St,,Overland Park,KANSAS,66221,Open,Catering Permit,Catering Permit,,Operational,"8900 W 135th St
Overland Park, KANSAS 66221
(38.883815, -94.688881)"
105613,Staley Farms Golf Club,Staley Farms Golf Club,10310 N. Olive Ave,,Kansas City,MISSOURI,64155,Open,Restaurant/Deli 10-20 Employees,Restaurant/Deli,,Operational,"10310 N. Olive Ave
Kansas City, MISSOURI 64155
(39.282448, -94.549041)"
106709,Wendy's # 6007,Wendy's # 6007,1204 E. Meyer Blvd.,,Kansas City,MISSOURI,64131,Open,Restaurant/Deli 21-40 Employees,Restaurant/Deli,,Operational,"1204 E. Meyer Blvd.
Kansas City, MISSOURI 64131
(39.01145, -94.574003)"
540814,Coco Loco 540814,Coco Loco 540814,6225 Winner Rd.,,Kansas City,MISSOURI,64125,Open,Mobile Unit/Pushcart,Mobile Unit/Pushcart,,Operational,"6225 Winner Rd.
Kansas City, MISSOURI 64125
(39.10454, -94.508788)"
105156,Dominic's Fast Italian,Dominic's Fast Italian,6209 NW 63rd Ter,,Kansas City,MISSOURI,64151,Open,Restaurant/Deli 10-20 Employees,Restaurant/Deli,,Operational,"6209 NW 63rd Ter
Kansas City, MISSOURI 64151
(39.209657, -94.652294)"
105579,Dunkin' Donuts,Dunkin' Donuts,9561 N. McGee Street,,Kansas City,MISSOURI,64155,Open,Restaurant/Deli 21-40 Employees,Restaurant/Deli,,Operational,"9561 N. McGee Street
Kansas City, MISSOURI 64155
(39.265925, -94.576901)"
107268,Flavor Trade-retail,Flavor Trade-retail,3000 Troost,,Kansas City,MISSOURI,64109,Open,Retail Grocery/Market 3001-30000 sq. ft.,Retail Grocery/Market,http://Flavortrade.com,Operational,"3000 Troost
Kansas City, MISSOURI 64109
(39.07217, -94.571239)"
529016,Plantain District 529016,Plantain District 529016,201 N. Forest Ave.,,Independence,MISSOURI,64050,Open,Mobile Unit/Pushcart,Mobile Unit/Pushcart,,Operational,"201 N. Forest Ave.
Independence, MISSOURI 64050
(39.093654, -94.436407)"
107332,Worlds of Fun Sweet Spot,Worlds of Fun Sweet Spot,4545 Worlds of Fun Ave.,,Kansas City,MISSOURI,64161,Open,Restaurant/Deli 0-5 Employees,Restaurant/Deli,,Operational,"4545 Worlds of Fun Ave.
Kansas City, MISSOURI 64161
(39.174532, -94.492423)"
106224,Sheraton - Link Cafe,Sheraton - Link Cafe,2345 McGee,,Kansas City ,MISSOURI,64108,Open,Restaurant/Deli 10-20 Employees,Restaurant/Deli,,Operational,"2345 McGee
Kansas City, MISSOURI 64108
(39.084743, -94.58049)"
107652,Cupcakin,Cupcakin,2311 E. 12th St.,,Kansas City,MISSOURI,64127,Open,Retail Bakery Under 3000 sq. ft.,Retail Bakery,,Operational,"2311 E. 12th St.
Kansas City, MISSOURI 64127
(39.098993, -94.554762)"
107455,The Rim,The Rim,8702 N. Flintlock Rd.,,Kansas City,MISSOURI,64157,Open,Restaurant/Deli 10-20 Employees,Restaurant/Deli,,Operational,"8702 N. Flintlock Rd.
Kansas City, MISSOURI 64157
(39.247951, -94.465419)"
107402,Ervin Early Learning Center,Ervin Early Learning Center,10530 Greenwood,,Kansas City,MISSOURI,64134,Open,School - Public 0-5 Employees,School - Public; School - Public,,Operational,"10530 Greenwood
Kansas City, MISSOURI 64134
(38.932328, -94.487246)"
105937,Scratch Bakery KC (kitchen),Scratch Bakery KC (kitchen),715 May St,,Kansas City,MISSOURI,64105,Open,Restaurant/Deli 0-5 Employees,Restaurant/Deli,,Operational,"715 May St
Kansas City, MISSOURI 64105
(39.105114, -94.587456)"
528916,Twisted Asian 528916,Twisted Asian 528916,508 Buena Vista,,Belton,MISSOURI,64012,Open,Mobile Unit/Pushcart,Mobile Unit/Pushcart,,Operational,"508 Buena Vista
Belton, MISSOURI 64012
(38.807304, -94.546863)"
535615,Schwan's #519773 535615,Schwan's #519773 535615,115 West College  Dr.,,Marshall,MINNESOTA,56258,Open,Truck/Tent Sales,Truck/Tent Sales,,Operational,"115 West College Dr.
Marshall, MINNESOTA 56258
(44.445739, -95.790376)"
521816,Kansas City Ice Cream Co. Inc. (Cart B) 521816,Kansas City Ice Cream Co. Inc. (Cart B) 521816,5300 Gardner,,Kansas City,MISSOURI,64120,Open,Mobile Unit/Pushcart,Mobile Unit/Pushcart,,Operational,"5300 Gardner
Kansas City, MISSOURI 64120
(39.126969, -94.520603)"
107524,Firehouse Subs,Firehouse Subs,2698 NE Vivion Rd.,,Kansas City,MISSOURI,64119,Open,Restaurant/Deli 21-40 Employees,Restaurant/Deli,,Operational,"2698 NE Vivion Rd.
Kansas City, MISSOURI 64119
(39.18698, -94.547802)"
106236,Blue Ridge Food Stop,Blue Ridge Food Stop,4704 Blue Ridge Blvd.,,Kansas City ,MISSOURI,64133,Open,Restaurant/Deli 6-9 Employees,Restaurant/Deli,,Operational,"4704 Blue Ridge Blvd.
Kansas City, MISSOURI 64133
(39.035904, -94.438769)"
106136,Sasha's Bakery,Sasha's Bakery,105 W 9th St,,Kansas City,MISSOURI,64105,Open,Restaurant/Deli 0-5 Employees,Restaurant/Deli,,Operational,"105 W 9th St
Kansas City, MISSOURI 64105
(39.103617, -94.58463)"
106822,Fast Stop (Market),Fast Stop (Market),131 E 39th St. ,,Kansas City,MISSOURI,64111,Open,Retail Grocery/Market 3001-30000 sq. ft.,Retail Grocery/Market,,Operational,"131 E 39th St.
Kansas City, MISSOURI 64111
(39.056514, -94.584131)"
106818,Uplift Organization,Uplift Organization,1516 Prospect,,Kansas City,MISSOURI,64127,Open,Fee Exempt,Fee Exempt,,Operational,"1516 Prospect
Kansas City, MISSOURI 64127
(39.093703, -94.55168)"
544215,KC Kona Ice 544215,KC Kona Ice 544215,16400 N. Mullin Rd.,,Belton,MISSOURI,64012,Open,Mobile Unit/Pushcart,Mobile Unit/Pushcart,,Operational,"16400 N. Mullin Rd.
Belton, MISSOURI 64012
(38.82574, -94.51302)"
106087,Which Wich - Superior Sandwiches,Which Wich - Superior Sandwiches,554 Westport Rd,100,Kansas City ,MISSOURI,64111,Open,Restaurant/Deli 21-40 Employees,Restaurant/Deli,,Operational,"554 Westport Rd
Kansas City, MISSOURI 64111
(39.052191, -94.592814)"
534614,Iowa Steaks 534614,Iowa Steaks 534614,1441 29th St.,Suite 210,West Des Moin,IOWA,50266,Open,Truck/Tent Sales,Truck/Tent Sales,,Operational,"1441 29th St.
West Des Moin, IOWA 50266
(41.594054, -93.744796)"
106909,Charisse,Charisse,1006 Walnut,,Kansas City,MISSOURI,64106,Open,Restaurant/Deli 10-20 Employees,Restaurant/Deli,,Operational,"1006 Walnut
Kansas City, MISSOURI 64106
(39.102243, -94.581924)"
106490,Price Rite Market & Deli,Price Rite Market & Deli,6400 NW Waukomis,,Kansas City,MISSOURI,64151,Open,Retail Grocery/Market Under 3000 sq. ft.,Retail Grocery/Market,,Operational,"6400 NW Waukomis
Kansas City, MISSOURI 64151
(39.210578, -94.612198)"
513815,Taste of Kansas City BBQ & Grill 513815,Taste of Kansas City BBQ & Grill 513815,7222 W. 75th St.,,Overland Park,KANSAS,66204,Open,Mobile Unit/Pushcart,Mobile Unit/Pushcart,,Operational,"7222 W. 75th St.
Overland Park, KANSAS 66204
(38.993176, -94.669229)"
106164,Arby's,Arby's,4841 N Oak Tfwy,,Kansas City,MISSOURI,64118,Open,Restaurant/Deli 21-40 Employees,Restaurant/Deli,,Operational,"4841 N Oak Tfwy
Kansas City, MISSOURI 64118
(39.184036, -94.57662)"
537916,Polar Oasis 537916,Polar Oasis 537916,12433 Antioch Rd,PO box 26092,Shawnee Missi,KANSAS,66225,Open,Mobile Unit/Pushcart,Mobile Unit/Pushcart,,Operational,"12433 Antioch Rd
Shawnee Missi, KANSAS 66225
(38.901495, -94.686351)"
106903,Express Stop (Deli),Express Stop (Deli),500 E 10th st,,Kansas City,MISSOURI,64106,Open,Restaurant/Deli 0-5 Employees,Restaurant/Deli,http://aagpetroleum@gmail.com,Operational,"500 E 10th st
Kansas City, MISSOURI 64106
(39.102145, -94.577007)"
107527,Applebee's Neighborhood Grill & Bar,Applebee's Neighborhood Grill & Bar,8350 N. Church Rd.,,Kansas City,MISSOURI,64158,Open,Restaurant/Deli 41-60 Employees,Restaurant/Deli,,Operational,"8350 N. Church Rd.
Kansas City, MISSOURI 64158
(39.243117, -94.461833)"
106287,Fud,Fud,813 W 17th,,Kansas City,MISSOURI,64108,Open,Restaurant/Deli 6-9 Employees,Restaurant/Deli,http://tuneyourfork@gmail.com,Operational,"813 W 17th
Kansas City, MISSOURI 64108
(39.093062, -94.593876)"
107304,Halls - H-Bar,Halls - H-Bar,2450 Grand,333,Kansas City,MISSOURI,64108,Open,Restaurant/Deli 0-5 Employees,Restaurant/Deli,,Operational,"2450 Grand
Kansas City, MISSOURI 64108
(39.082903, -94.581877)"
107704,Treat America @ Sporting Innovations - CK Kiosk,Treat America @ Sporting Innovations - CK Kiosk,1511 Baltimore Avenue,,Kansas City,MISSOURI,64108,Open,Retail Grocery/Market Under 3000 sq. ft.,Retail Grocery/Market,,Operational,"1511 Baltimore Avenue
Kansas City, MISSOURI 64108
(39.095575, -94.584545)"
107230,Cancun Fiesta Fresh,Cancun Fiesta Fresh,3959  Broadway St,,Kansas City ,MISSOURI,64111,Open,Restaurant/Deli 6-9 Employees,Restaurant/Deli,http://rpinedo000@gmail.com,Operational,"3959 Broadway St
Kansas City, MISSOURI 64111
(39.05447, -94.590897)"
106341,Woodland Elementary,Woodland Elementary,711 Woodland Ave,,Kansas City,MISSOURI,64106,Open,Fee Exempt,Fee Exempt,,Operational,"711 Woodland Ave
Kansas City, MISSOURI 64106
(39.104701, -94.560384)"
106220,McDonald's,McDonald's,3255 Main St,,Kansas City,MISSOURI,64111,Open,Restaurant/Deli 61-70 Employees,Restaurant/Deli,,Operational,"3255 Main St
Kansas City, MISSOURI 64111
(39.067225, -94.585493)"
107716,Treat America @ KMBC/KCWE - CK Kiosk,Treat America @ KMBC/KCWE - CK Kiosk,6455 Winchester Ave,,Kansas City,MISSOURI,64133,Open,Retail Grocery/Market Under 3000 sq. ft.,Retail Grocery/Market,,Operational,"6455 Winchester Ave
Kansas City, MISSOURI 64133
(39.007486, -94.504376)"
105243,Dollar General,Dollar General,5000 E. Linwood,,Kansas City,MISSOURI,64128,Open,Retail Grocery/Market 3001-30000 sq. ft.,Retail Grocery/Market,,Operational,"5000 E. Linwood
Kansas City, MISSOURI 64128
(39.069143, -94.524231)"
533615,Steaks Express #5 533615,Steaks Express #5 533615,3950 NE 33rd Ter.,,Kansas City,MISSOURI,64117,Open,Truck/Tent Sales,Truck/Tent Sales,,Operational,"3950 NE 33rd Ter.
Kansas City, MISSOURI 64117
(39.154178, -94.533741)"
107919,Elite Cuisine EMart,Elite Cuisine EMart,9201  State Line Rd,,Kansas City,MISSOURI,64114,Open,Retail Grocery/Market Under 3000 sq. ft.,Retail Grocery/Market,,Operational,"9201 State Line Rd
Kansas City, MISSOURI 64114
(38.962855, -94.608088)"
521316,"Kansas City Ice Cream Co, Inc. (Cart W) 521316","Kansas City Ice Cream Co, Inc. (Cart W) 521316",5300  Gardner,,Kansas City,MISSOURI,64120,Open,Ice Cream Moblie Vendor,Ice Cream Moblie Vendor,,Operational,"5300 Gardner
Kansas City, MISSOURI 64120
(39.126969, -94.520603)"
107504,Jimmy Johns Gourmet Sandwiches,Jimmy Johns Gourmet Sandwiches,7014 NW 83rd St,,Kansas City,MISSOURI,64152,Open,Restaurant/Deli 10-20 Employees,Restaurant/Deli,,Operational,"7014 NW 83rd St
Kansas City, MISSOURI 64152
(39.244191, -94.660101)"
108347,Brooklyn Xpress Mart,Brooklyn Xpress Mart,2202 East 31st street,,Kansas City,MISSOURI,64109,Open,Retail Grocery/Market Under 3000 sq. ft.,Retail Grocery/Market,,Operational,"2202 East 31st street
Kansas City, MISSOURI 64109
(39.069988, -94.55699)"
107507,Super 8,Super 8,11900 NW Plaza Circle,,Kansas City,MISSOURI,64153,Open,Restaurant/Deli 0-5 Employees,Restaurant/Deli,,Operational,"11900 NW Plaza Circle
Kansas City, MISSOURI 64153
(39.309017, -94.682579)"
536216,Berrie Kabobs Sprint Center 536216,Berrie Kabobs Sprint Center 536216,1407  Grand Blvd,,Kansas City,MISSOURI,64106,Open,Mobile Unit/Pushcart,Mobile Unit/Pushcart,,Operational,"1407 Grand Blvd
Kansas City, MISSOURI 64106
(39.096868, -94.581061)"
108072,Little Burma Grocery Store,Little Burma Grocery Store,2532 Independence Ave,,Kansas City,MISSOURI,64124,Open,Retail Grocery/Market Under 3000 sq. ft.,Retail Grocery/Market,,Operational,"2532 Independence Ave
Kansas City, MISSOURI 64124
(39.106302, -94.551048)"
108378,Greens Innovations Kitchen,Greens Innovations Kitchen,8779  Hillcrest ,,Kansas City ,MISSOURI,64138,Open,Restaurant/Deli 6-9 Employees,Restaurant/Deli,,Operational,"8779 Hillcrest
Kansas City, MISSOURI 64138
(38.966511, -94.514786)"
106974,Vietnam Cafe,Vietnam Cafe,522 Campbell St.,,Kansas City,MISSOURI,64106,Open,Restaurant/Deli 10-20 Employees,Restaurant/Deli,,Operational,"522 Campbell St.
Kansas City, MISSOURI 64106
(39.10924, -94.57306)"
520716,Tito's BBQ 520716,Tito's BBQ 520716,615  S 110th St ,,Edwardsville,MISSOURI,66111,Open,Mobile Unit/Pushcart,Mobile Unit/Pushcart,,Operational,"615 S 110th St
Edwardsville, MISSOURI 66111
(39.08645, -94.834913)"
108063,Maxine's Restaurant Bar,Maxine's Restaurant Bar,2500 E. Truman Rd.,,Kansas City,MISSOURI,64127,Open,Restaurant/Deli 0-5 Employees,Restaurant/Deli,,Operational,"2500 E. Truman Rd.
Kansas City, MISSOURI 64127
(39.094765, -94.552327)"
F00091,The Red Tamale,The Red Tamale,20 E 5th St,,Kansas City,MISSOURI,64106,Open,Farmers Market Permit,Farmers Market Permit,,Operational,"20 E 5th St
Kansas City, MISSOURI 64106
(39.108645, -94.581167)"
S0050,Simona's Sweets & Eats,Simona's Sweets & Eats,21  E 3rd St,,Kansas City,MISSOURI,64012,Open,Sampling Permit,Sampling Permit,,Operational,"21 E 3rd St
Kansas City, MISSOURI 64012
(39.190353, -94.683623)"
108197,Courtyard/Residence Inn Kansas City Downtown Convention Center (So,Courtyard/Residence Inn Kansas City Downtown Convention Center (So,1535 Baltimore ,,Kansas City,MISSOURI,64108,Open,Restaurant/Deli 6-9 Employees,Restaurant/Deli,,Operational,"1535 Baltimore
Kansas City, MISSOURI 64108
(39.095032, -94.584569)"
107427,Express Stop #1(Deli),Express Stop #1(Deli),5712  Independence Ave.,,Kansas City,MISSOURI,64123,Open,Restaurant/Deli 6-9 Employees,Restaurant/Deli,,Operational,"5712 Independence Ave.
Kansas City, MISSOURI 64123
(39.105062, -94.514886)"
108386,Big Biscuit Restaurant,Big Biscuit Restaurant,5502  NE Antioch Rd,,Kansas City ,MISSOURI,64119,Open,Restaurant/Deli 41-60 Employees,Restaurant/Deli,,Operational,"5502 NE Antioch Rd
Kansas City, MISSOURI 64119
(39.194051, -94.548767)"
800264,Chunky Al's (catering),Chunky Al's (catering),201 N. Forest Ave,,Independence,MISSOURI,64050,Open,Catering Permit,Catering Permit,,Operational,"201 N. Forest Ave
Independence, MISSOURI 64050
(39.093654, -94.436407)"
800320,Cleaver and Cork Catering,Cleaver and Cork Catering,1333 Walnut ,,Kansas City ,MISSOURI,64105,Open,Catering Permit,Catering Permit,http://Lindsay@powerandlightdistrict.,Operational,"1333 Walnut
Kansas City, MISSOURI 64105
(39.19699, -94.684028)"
108343,Treat America @ Cerner Butcher/Baker Connections,Treat America @ Cerner Butcher/Baker Connections,8779  Hillcrest ,1024,Kansas City,MISSOURI,64138,Open,Restaurant/Deli 6-9 Employees,Restaurant/Deli,,Operational,"8779 Hillcrest
Kansas City, MISSOURI 64138
(38.966511, -94.514786)"
108239,Jenny Craig Weight Loss Center #714,Jenny Craig Weight Loss Center #714,8036 N. Oak Trfwy,,Kansas City,MISSOURI,64118,Open,Retail Grocery/Market Under 3000 sq. ft.,Retail Grocery/Market,,Operational,"8036 N. Oak Trfwy
Kansas City, MISSOURI 64118
(39.240321, -94.575987)"
107423,Seton Center,Seton Center,2816  E. 23rd St. ,,Kansas City,MISSOURI,64127,Open,Retail Grocery/Market Under 3000 sq. ft.,Retail Grocery/Market,,Operational,"2816 E. 23rd St.
Kansas City, MISSOURI 64127
(39.084521, -94.548999)"
504816,Royals Stadium Bud and Burgers 504816,Royals Stadium Bud and Burgers 504816,1 Royal Way,,Kansas City,MISSOURI,64129,Open,Mobile Unit/Pushcart,Mobile Unit/Pushcart,,Operational,"1 Royal Way
Kansas City, MISSOURI 64129
(39.054727, -94.486227)"
538016,G's Jamaican Quisine #538016,G's Jamaican Quisine #538016,7940 Troost,,Kansas City,MISSOURI,64131,Open,Mobile Unit/Pushcart,Mobile Unit/Pushcart,,Operational,"7940 Troost
Kansas City, MISSOURI 64131
(38.982637, -94.576103)"
539516,Magnolias on the Move #539516,Magnolias on the Move #539516,19 P Street ,,Lake Lotawana,MISSOURI,64068,Open,Mobile Unit/Pushcart,Mobile Unit/Pushcart,,Operational,"19 P Street
Lake Lotawana, MISSOURI 64068
(38.911608, -94.243342)"
107771,Minit Mart #763,Minit Mart #763,7000  East Bannister,,Kansas City,MISSOURI,64134,Open,Retail Grocery/Market Under 3000 sq. ft.,Retail Grocery/Market,,Operational,"7000 East Bannister
Kansas City, MISSOURI 64134
(38.952423, -94.507428)"
543716,Super Torta 543716,Super Torta 543716,21 E 3rd St,,Kansas City,MISSOURI,64106,Open,Mobile Unit/Pushcart,Mobile Unit/Pushcart,,Operational,"21 E 3rd St
Kansas City, MISSOURI 64106
(39.1099, -94.583104)"
107757,Fast Stop,Fast Stop,3500  Independence Ave,,Kansas City,MISSOURI,64124,Open,Retail Grocery/Market Under 3000 sq. ft.,Retail Grocery/Market,,Operational,"3500 Independence Ave
Kansas City, MISSOURI 64124
(39.105933, -94.540295)"
108107,Sheraton Suites- The Gallery (Market),Sheraton Suites- The Gallery (Market),770 W 47th St,,Kansas City,MISSOURI,64112,Open,Retail Grocery/Market Under 3000 sq. ft.,Retail Grocery/Market,,Operational,"770 W 47th St
Kansas City, MISSOURI 64112
(39.042453, -94.595777)"
530416,KC Pinoy 530416,KC Pinoy 530416,1321 Burlington,,N. Kansas Cit,MISSOURI,64116,Open,Mobile Unit/Pushcart,Mobile Unit/Pushcart,,Operational,"1321 Burlington
N. Kansas Cit, MISSOURI 64116
(39.13304, -94.580461)"
107690,Elite Cuisine - BCBS,Elite Cuisine - BCBS,2301 Main St.,,Kansas City,MISSOURI,64108,Open,Restaurant/Deli 10-20 Employees,Restaurant/Deli,,Operational,"2301 Main St.
Kansas City, MISSOURI 64108
(39.085382, -94.583973)"
107855,Asian Buffet,Asian Buffet,511 NW Barry Road,,Kansas City,MISSOURI,64155,Open,Restaurant/Deli 10-20 Employees,Restaurant/Deli,,Operational,"511 NW Barry Road
Kansas City, MISSOURI 64155
(39.246338, -94.58787)"
108109,Iron Wok,Iron Wok,6411 NW 72nd St,,Kansas City,MISSOURI,64151,Open,Restaurant/Deli 6-9 Employees,Restaurant/Deli,,Operational,"6411 NW 72nd St
Kansas City, MISSOURI 64151
(39.225097, -94.652534)"
520016,Starlight Theatre Gate 4 520016,Starlight Theatre Gate 4 520016,4600 Starlight Rd,,Kansas City ,MISSOURI,64132,Open,Mobile Unit/Pushcart,Mobile Unit/Pushcart,,Operational,"4600 Starlight Rd
Kansas City, MISSOURI 64132
(39.009406, -94.532417)"
500716,Pastimes Farm 500716,Pastimes Farm 500716,19509 Hwy 65,,Lincoln ,MISSOURI,65338,Open,Mobile Unit/Pushcart,Mobile Unit/Pushcart,,Operational,"19509 Hwy 65
Lincoln, MISSOURI 65338
(38.383966, -93.343278)"
549016,Percup Tiki Bar #549016,Percup Tiki Bar 549016,1407 Grand Blvd,,Kansas City,MISSOURI,64106,Open,Mobile Unit/Pushcart,Mobile Unit/Pushcart,,Operational,"1407 Grand Blvd
Kansas City, MISSOURI 64106
(39.096868, -94.581061)"
106978,Tom's Town Distiling Company,Tom's Town Distiling Company,1701 Main St.,,Kansas City,MISSOURI,64108,Open,Restaurant/Deli 10-20 Employees,Restaurant/Deli,,Operational,"1701 Main St.
Kansas City, MISSOURI 64108
(39.093231, -94.583515)"
108203,Dollar Tree #6246,Dollar Tree #6246,8929  Wornall Road,,Kansas City,MISSOURI,64114,Open,Retail Grocery/Market 3001-30000 sq. ft.,Retail Grocery/Market,,Operational,"8929 Wornall Road
Kansas City, MISSOURI 64114
(38.965714, -94.595481)"
107832,Minit Mart (Deli),Minit Mart (Deli),9917 E Bannister,,Kansas City,MISSOURI,64134,Open,Restaurant/Deli 10-20 Employees,Restaurant/Deli,,Operational,"9917 E Bannister
Kansas City, MISSOURI 64134
(38.950636, -94.466554)"
106985,No Other Pub,No Other Pub,1370 Grand Blvd,,Kansas City,MISSOURI,64106,Open,Restaurant/Deli 21-40 Employees,Restaurant/Deli,,Operational,"1370 Grand Blvd
Kansas City, MISSOURI 64106
(39.097224, -94.581043)"
108285,Jalapenos Mexican Restaurant,Jalapenos Mexican Restaurant,6318 Brookside Plaza,,Kansas City ,MISSOURI,64113,Open,Restaurant/Deli 41-60 Employees,Restaurant/Deli,,Operational,"6318 Brookside Plaza
Kansas City, MISSOURI 64113
(39.01323, -94.590686)"
106973,Taco Bell #31541,Taco Bell #31541,7201 NE Parvin Rd.,,Kansas City,MISSOURI,64117,Open,Restaurant/Deli 21-40 Employees,Restaurant/Deli,,Operational,"7201 NE Parvin Rd.
Kansas City, MISSOURI 64117
(39.168457, -94.495985)"
521916,The Grill Deal 521916,The Grill Deal 521916,927 E. 85th St.,,Kansas City,MISSOURI,64131,Open,Mobile Unit/Pushcart,Mobile Unit/Pushcart,,Operational,"927 E. 85th St.
Kansas City, MISSOURI 64131
(38.973809, -94.579405)"
107813,Margaret's Place,Margaret's Place,7217  Troost,,Kansas City,MISSOURI,64131,Open,Restaurant/Deli 0-5 Employees,Restaurant/Deli,,Operational,"7217 Troost
Kansas City, MISSOURI 64131
(38.99626, -94.575414)"
107820,Minit Mart (market),Minit Mart (market),7900 Wornall,,Kansas City,MISSOURI,64114,Open,Retail Grocery/Market Under 3000 sq. ft.,Retail Grocery/Market,,Operational,"7900 Wornall
Kansas City, MISSOURI 64114
(38.984597, -94.594585)"
107854,Jimmy John's Gourmet Sandwiches,Jimmy John's Gourmet Sandwiches,303 NE Englewood Road,,Kansas City,MISSOURI,64118,Open,Restaurant/Deli 10-20 Employees,Restaurant/Deli,,Operational,"303 NE Englewood Road
Kansas City, MISSOURI 64118
(39.195675, -94.577197)"
108006,Mein Bowl @ UMKC,Mein Bowl @ UMKC,5100 Cherry St,,Kansas City,MISSOURI,64110,Open,Restaurant/Deli 6-9 Employees,Restaurant/Deli,,Operational,"5100 Cherry St
Kansas City, MISSOURI 64110
(39.034518, -94.580339)"
549816,Sweet Caroline's Ice Box 549816,Sweet Caroline's Ice Box 549816,5000  Main,,Kansas City,MISSOURI,64112,Open,Mobile Unit/Pushcart,Mobile Unit/Pushcart,,Operational,"5000 Main
Kansas City, MISSOURI 64112
(39.036445, -94.587261)"
108259,Donutology,Donutology,1009 Westport Rd,,Kansas City ,MISSOURI,64111,Open,Restaurant/Deli 10-20 Employees,Restaurant/Deli,,Operational,"1009 Westport Rd
Kansas City, MISSOURI 64111
(39.049832, -94.598579)"
107768,GJ Fish and Chicken (market),GJ Fish and Chicken (market),6807  Longview Road,,Kansas City,MISSOURI,64134,Open,Retail Grocery/Market Under 3000 sq. ft.,Retail Grocery/Market,,Operational,"6807 Longview Road
Kansas City, MISSOURI 64134
(38.915357, -94.511794)"
108145,Xpress Mart,Xpress Mart,2519 E 9th St,,Kansas City,MISSOURI,64124,Open,Retail Grocery/Market 3001-30000 sq. ft.,Retail Grocery/Market,,Operational,"2519 E 9th St
Kansas City, MISSOURI 64124
(39.102492, -94.551541)"
523616,La Burrito Feliz 523616,La Burrito Feliz 523616,5226  E 7th ,,Kansas City ,MISSOURI,64123,Open,Mobile Unit/Pushcart,Mobile Unit/Pushcart,,Operational,"5226 E 7th
Kansas City, MISSOURI 64123
(39.103358, -94.519941)"
107945,Minit Mart,Minit Mart,4400  NE Antioch Rd,,Kansas City,MISSOURI,64117,Open,Retail Grocery/Market Under 3000 sq. ft.,Retail Grocery/Market,,Operational,"4400 NE Antioch Rd
Kansas City, MISSOURI 64117
(39.174068, -94.549016)"
107760,Phillips 66 on Blue Ridge,Phillips 66 on Blue Ridge,10322  Blue Ridge ,,Kansas City,MISSOURI,64134,Open,Retail Grocery/Market Under 3000 sq. ft.,Retail Grocery/Market,,Operational,"10322 Blue Ridge
Kansas City, MISSOURI 64134
(38.936358, -94.508486)"
108160,Cenex,Cenex,7501  Troost Ave,,Kansas City,MISSOURI,64131,Open,Retail Grocery/Market Under 3000 sq. ft.,Retail Grocery/Market,,Operational,"7501 Troost Ave
Kansas City, MISSOURI 64131
(38.991234, -94.575675)"
108313,El Malecon Restaurant,El Malecon Restaurant,15740 E US 40 hwy,A,Kansas City,MISSOURI,64136,Open,Restaurant/Deli 0-5 Employees,Restaurant/Deli,,Operational,"15740 E US 40 hwy
Kansas City, MISSOURI 64136
(39.034791, -94.395549)"
800263,Howard's Catering,Howard's Catering,1708 Oak,,Kansas City,MISSOURI,64108,Open,Catering Permit,Catering Permit,,Operational,"1708 Oak
Kansas City, MISSOURI 64108
(39.093161, -94.578888)"
108091,McDonald's #3172,McDonald's #3172,1300 103rd Street,,Kansas City,MISSOURI,64114,Open,Restaurant/Deli 41-60 Employees,Restaurant/Deli,,Operational,"1300 103rd Street
Kansas City, MISSOURI 64114
(38.942021, -94.607128)"
108122,Smallcakes Cupcakery & Creamery,Smallcakes Cupcakery & Creamery,2450  Grand Blvd.,,Kansas City,MISSOURI,64108,Open,Restaurant/Deli 0-5 Employees,Restaurant/Deli,,Operational,"2450 Grand Blvd.
Kansas City, MISSOURI 64108
(39.082903, -94.581877)"
107431,Conoco - Deli,Conoco - Deli,1907 Jackson Ave.,,Kansas City,MISSOURI,64127,Open,Restaurant/Deli 0-5 Employees,Restaurant/Deli,,Operational,"1907 Jackson Ave.
Kansas City, MISSOURI 64127
(39.088389, -94.533497)"
108242,The Antler Room,The Antler Room,2506  Holmes Street,,Kansas City,MISSOURI,64108,Open,Restaurant/Deli 10-20 Employees,Restaurant/Deli,,Operational,"2506 Holmes Street
Kansas City, MISSOURI 64108
(39.081159, -94.57599)"
529316,Smish Smash Sandwich Company 529316,Smish Smash Sandwich Company 529316,334  N Woodland,,Olathe ,KANSAS,66061,Open,Mobile Unit/Pushcart,Mobile Unit/Pushcart,,Operational,"334 N Woodland
Olathe, KANSAS 66061
(38.88629, -94.81601)"
800266,Avenue Bistro Catering,Avenue Bistro Catering,338  W 63rd St. ,,Kansas City,MISSOURI,64113,Open,Catering Permit,Catering Permit,,Operational,"338 W 63rd St.
Kansas City, MISSOURI 64113
(39.014088, -94.59278)"
107805,Circle K Store  #2721626 - Food Retail,Circle K Store  #2721626 - Food Retail,649 E. Bannister Road,,Kansas City,MISSOURI,64131,Open,Retail Grocery/Market 3001-30000 sq. ft.,Retail Grocery/Market,,Operational,"649 E. Bannister Road
Kansas City, MISSOURI 64131
(38.95549, -94.582547)"
108294,Sweet Siam,Sweet Siam,4130 Pennsylvania Ave.,,Kansas City,MISSOURI,64111,Open,Restaurant/Deli 10-20 Employees,Restaurant/Deli,,Operational,"4130 Pennsylvania Ave.
Kansas City, MISSOURI 64111
(39.051768, -94.590597)"
108139,Nara Restaurant @ GSA,Nara Restaurant @ GSA,601 E. 12th St.,,Kansas City,MISSOURI,64106,Open,Restaurant/Deli 0-5 Employees,Restaurant/Deli,,Operational,"601 E. 12th St.
Kansas City, MISSOURI 64106
(39.099679, -94.576089)"
108086,American Food and Vending Service of MO @ Destination Deli,American Food and Vending Service of MO @ Destination Deli,10234 Marion Park Drive,,Kansas City,MISSOURI,64137,Open,Restaurant/Deli 0-5 Employees,Restaurant/Deli,,Operational,"10234 Marion Park Drive
Kansas City, MISSOURI 64137
(38.945247, -94.530859)"
108150,Martin City Food Mart (market),Martin City Food Mart (market),125 West 135th St,,Kansas City,MISSOURI,64145,Open,Retail Grocery/Market Under 3000 sq. ft.,Retail Grocery/Market,,Operational,"125 West 135th St
Kansas City, MISSOURI 64145
(38.883034, -94.59771)"
107691,Troost Market,Troost Market,1108 Armour Blvd.,,Kansas City,MISSOURI,64108,Open,Restaurant/Deli 0-5 Employees,Restaurant/Deli,,Operational,"1108 Armour Blvd.
Kansas City, MISSOURI 64108
(39.063196, -94.571359)"
800161,City Diner Twenty 20 (catering),City Diner Twenty 20 (catering),301 Grand Blvd,,Kansas City,MISSOURI,64106,Open,Catering Permit,Catering Permit,,Operational,"301 Grand Blvd
Kansas City, MISSOURI 64106
(39.110198, -94.580929)"
549116,Taqueria Silva's #549116,Taqueria Silva's #549116,2042 Brighton Ave,,Kansas City ,MISSOURI,64127,Open,Mobile Unit/Pushcart,Mobile Unit/Pushcart,,Operational,"2042 Brighton Ave
Kansas City, MISSOURI 64127
(39.085612, -94.524417)"
107502,Temp-Stop #115,Temp-Stop #115,4411 NW Barry Rd,,Kansas City,MISSOURI,64151,Open,Retail Grocery/Market 3001-30000 sq. ft.,Retail Grocery/Market,,Operational,"4411 NW Barry Rd
Kansas City, MISSOURI 64151
(39.24652, -94.631174)"
520216,"Kansas City Ice Cream Co., Inc (Cart M) 520216","Kansas City Ice Cream Co., Inc (Cart M) 520216",5300  Gardner,,Kansas City,MISSOURI,64120,Open,Ice Cream Moblie Vendor,Ice Cream Moblie Vendor,,Operational,"5300 Gardner
Kansas City, MISSOURI 64120
(39.126969, -94.520603)"
107759,Gilhouly's,Gilhouly's,1721 W 39th St,,Kansas City ,MISSOURI,64111,Open,Bar/Tavern 0-5 Employees,Bar/Tavern,,Operational,"1721 W 39th St
Kansas City, MISSOURI 64111
(39.057268, -94.605201)"
533916,Dave's & Chubby's Food 533916,Dave's & Chubby's Food 533916,3756 Broadway,,Kansas City,MISSOURI,64111,Open,Mobile Unit/Pushcart,Mobile Unit/Pushcart,,Operational,"3756 Broadway
Kansas City, MISSOURI 64111
(39.059013, -94.590632)"
531916,Shock Top Brat Cart 531916,Shock Top Brat Cart 531916,1 Arrowhead Dr,,Kansas City ,MISSOURI,64129,Open,Mobile Unit/Pushcart,Mobile Unit/Pushcart,,Operational,"1 Arrowhead Dr
Kansas City, MISSOURI 64129
(39.051361, -94.49361)"
108351,Boru Ramen,Boru Ramen,500  West 75th Street,,Kansas City,MISSOURI,64114,Open,Restaurant/Deli 21-40 Employees,Restaurant/Deli,,Operational,"500 West 75th Street
Kansas City, MISSOURI 64114
(38.992484, -94.59536)"
108124,Screamin Eagle Bar & Grill,Screamin Eagle Bar & Grill,1414  W 9th St,,Kansas City ,MISSOURI,64101,Open,Restaurant/Deli 10-20 Employees,Restaurant/Deli,,Operational,"1414 W 9th St
Kansas City, MISSOURI 64101
(39.10414, -94.601745)"
108389,Warriors Fuel,Warriors Fuel,8002 North Oak Trafficway,136,Kansas City,MISSOURI,64118,Open,Restaurant/Deli 0-5 Employees,Restaurant/Deli,,Operational,"8002 North Oak Trafficway
Kansas City, MISSOURI 64118
(39.239574, -94.575998)"
108106,Sheraton Suites- The Gallery,Sheraton Suites- The Gallery,770  W 47th St,,Kansas City,MISSOURI,64112,Open,Restaurant/Deli 21-40 Employees,Restaurant/Deli,,Operational,"770 W 47th St
Kansas City, MISSOURI 64112
(39.042453, -94.595777)"
532416,Sugar Baby Sweets 532416,Sugar Baby Sweets 532416,11011 Rowland Ct,,Kansas City ,KANSAS,66109,Open,Mobile Unit/Pushcart,Mobile Unit/Pushcart,,Operational,"11011 Rowland Ct
Kansas City, KANSAS 66109
(39.135176, -94.834627)"
108214,Dollar Tree Store #6795,Dollar Tree Store #6795,4601  Troost,,Kansas City,MISSOURI,64110,Open,Retail Grocery/Market 3001-30000 sq. ft.,Retail Grocery/Market,,Operational,"4601 Troost
Kansas City, MISSOURI 64110
(39.043253, -94.572865)"
S0058,Burton's Maplewood Farm,Burton's Maplewood Farm,8121 W County Rd 75 South,,Medora,INDIANA,47260,Open,Sampling Permit,Sampling Permit,,Operational,"8121 W County Rd 75 South
Medora, INDIANA 47260
(38.862761, -86.188539)"
107490,Park Hill Aquatic Center,Park Hill Aquatic Center,8152 N Congress Ave,,Kansas City,MISSOURI,64151,Open,Restaurant/Deli 0-5 Employees,Restaurant/Deli,,Operational,"8152 N Congress Ave
Kansas City, MISSOURI 64151
(39.243084, -94.668332)"
108069,Stockyards Brewing CO.,Stockyards Brewing CO.,1600 Genessee St.,100,Kansas City,MISSOURI,64102,Open,Bar/Tavern 6-9 Employees,Bar/Tavern,,Operational,"1600 Genessee St.
Kansas City, MISSOURI 64102
(39.0949, -94.604924)"
108379,La Quinta Inn & Suites (Market),La Quinta Inn & Suites (Market),6901 NW 83rd St,,Kansas City,MISSOURI,64152,Open,Retail Grocery/Market Under 3000 sq. ft.,Retail Grocery/Market,,Operational,"6901 NW 83rd St
Kansas City, MISSOURI 64152
(39.244193, -94.660726)"
108210,Casey's General Store #3483- Retail,Casey's General Store #3483- Retail,10751  N. Oak Trafficway,,Kansas City ,MISSOURI,64155,Open,Restaurant/Deli 10-20 Employees,Restaurant/Deli,http://Jamie.dietrich@caseys.com,Operational,"10751 N. Oak Trafficway
Kansas City, MISSOURI 64155
(39.289803, -94.575467)"
108348,Hillcrest Country Club,Hillcrest Country Club,8200 Hillcrest Rd,,Kansas City,MISSOURI,64138,Open,Restaurant/Deli 10-20 Employees,Restaurant/Deli,,Operational,"8200 Hillcrest Rd
Kansas City, MISSOURI 64138
(38.976619, -94.520729)"
108316,Kabuki,Kabuki,333 West Meyer Blvd,,Kansas City,MISSOURI,64113,Open,Restaurant/Deli 0-5 Employees,Restaurant/Deli,,Operational,"333 West Meyer Blvd
Kansas City, MISSOURI 64113
(39.012272, -94.592877)"
511116,Chiefs Aramark Best Damn Rootbeer (511116),Chiefs Aramark Best Damn Rootbeer (511116),1  Red Coat Lane,,Kansas City,MISSOURI,64129,Open,Mobile Unit/Pushcart,Mobile Unit/Pushcart,,Operational,"1 Red Coat Lane
Kansas City, MISSOURI 64129
(39.046976, -94.484283)"
108073,Elite Cuisine @ Burns & McDonnell,Elite Cuisine @ Burns & McDonnell,9450 Ward Parkway,,Kansas City,MISSOURI,64114,Open,Restaurant/Deli 0-5 Employees,Restaurant/Deli,,Operational,"9450 Ward Parkway
Kansas City, MISSOURI 64114
(38.958837, -94.596528)"
107906,Rollin' Grocer,Rollin' Grocer,5706 Troost Ave,,Kansas City,MISSOURI,64110,Open,Retail Grocery/Market Under 3000 sq. ft.,Retail Grocery/Market,,Operational,"5706 Troost Ave
Kansas City, MISSOURI 64110
(39.023288, -94.574018)"
S0056,Mo Jam,Mo Jam,301 N. Lawn,,Kansas City,MISSOURI,64123,Open,Sampling Permit,Sampling Permit,,Operational,"301 N. Lawn
Kansas City, MISSOURI 64123
(39.114643, -94.526721)"
527816,Sprint Center -  Bar #1 (106) 527816,Sprint Center - Bar 1 (106) 527816,1407  Grand,,Kansas City,MISSOURI,64106,Open,Mobile Unit/Pushcart,Mobile Unit/Pushcart,,Operational,"1407 Grand
Kansas City, MISSOURI 64106
(39.096868, -94.581061)"
538716,Variety Trolley #538716,Variety Trolley #538716,3626 Main ,,Kansas City ,MISSOURI,64111,Open,Mobile Unit/Pushcart,Mobile Unit/Pushcart,,Operational,"3626 Main
Kansas City, MISSOURI 64111
(39.060884, -94.585851)"
108084,Police Athletic League of Kansas City,Police Athletic League of Kansas City,1801 White,,Kansas City,MISSOURI,64126,Open,Restaurant/Deli 0-5 Employees,Restaurant/Deli,,Operational,"1801 White
Kansas City, MISSOURI 64126
(39.089094, -94.512695)"
108281,China King,China King,408  W. 103rd St,,Kansas City ,MISSOURI,64114,Open,Restaurant/Deli 0-5 Employees,Restaurant/Deli,,Operational,"408 W. 103rd St
Kansas City, MISSOURI 64114
(38.941597, -94.597212)"
108179,"Hilton KCI Airport-""We Proudly Serve Starbucks""","Hilton KCI Airport-""We Proudly Serve Starbucks""",8801 NW 112th St. ,,Kansas City ,MISSOURI,64153,Open,Restaurant/Deli 6-9 Employees,Restaurant/Deli,,Operational,"8801 NW 112th St.
Kansas City, MISSOURI 64153
(39.296617, -94.682624)"
107448,The Painted Rooster,The Painted Rooster,1320 W 12th St,,Kansas City,MISSOURI,64101,Open,Restaurant/Deli 0-5 Employees,Restaurant/Deli,,Operational,"1320 W 12th St
Kansas City, MISSOURI 64101
(39.100784, -94.601084)"
548816,Percup Tiki Bar #548816,Per Cup Tiki Bar 548816,1407  Grand Blvd,,Kansas City,MISSOURI,64106,Open,Mobile Unit/Pushcart,Mobile Unit/Pushcart,,Operational,"1407 Grand Blvd
Kansas City, MISSOURI 64106
(39.096868, -94.581061)"
107921,Filling Station,Filling Station,250  Richards Rd,,Kansas City,MISSOURI,64116,Open,Restaurant/Deli 0-5 Employees,Restaurant/Deli,,Operational,"250 Richards Rd
Kansas City, MISSOURI 64116
(39.119668, -94.589437)"
107741,Guadalupe Centers- Alta Vista High School,Guadalupe Centers- Alta Vista High School,1524  Paseo ,,Kansas City,MISSOURI,64108,Open,School - Private 0-5 Employees,School - Private,,Operational,"1524 Paseo
Kansas City, MISSOURI 64108
(39.094122, -94.564607)"
107910,Jovito's Italian Cafe & Bakery,Jovito's Italian Cafe & Bakery,12309  State Line Road,,Kansas City ,MISSOURI,64145,Open,Restaurant/Deli 6-9 Employees,Restaurant/Deli,,Operational,"12309 State Line Road
Kansas City, MISSOURI 64145
(38.905357, -94.608012)"
535316,Schwan's 084558 #535316,Schwan's 084558 #535316,6225 NW Kelly Drive,,Parkville,MISSOURI,64152,Open,Mobile Unit/Pushcart,Mobile Unit/Pushcart,,Operational,"6225 NW Kelly Drive
Parkville, MISSOURI 64152
(39.207933, -94.689165)"
108350,Brooklyn Xpress Market,Brooklyn Xpress Market,2202 E 31st Street,,Kansas City,MISSOURI,64109,Open,Restaurant/Deli 0-5 Employees,Restaurant/Deli,,Operational,"2202 E 31st Street
Kansas City, MISSOURI 64109
(39.069988, -94.55699)"
108321,Topsy's Crown Center,Topsy's Crown Center,2450 Grand,129,Kansas City,MISSOURI,64112,Open,Restaurant/Deli 0-5 Employees,Restaurant/Deli,http://Pblank@aol.com,Operational,"2450 Grand
Kansas City, MISSOURI 64112
(39.082903, -94.581877)"
108181,Stonecrest at Burlington Creek,Stonecrest at Burlington Creek,6311 N Cosby Ave,,Kansas City,MISSOURI,64151,Open,Restaurant/Deli 10-20 Employees,Restaurant/Deli,,Operational,"6311 N Cosby Ave
Kansas City, MISSOURI 64151
(39.208515, -94.648282)"
108360,The Bauer Event Space,The Bauer Event Space,115 w 18th st,,Kansas City,MISSOURI,64108,Open,Restaurant/Deli 0-5 Employees,Restaurant/Deli,http://jeffowe@gmail.com,Operational,"115 w 18th st
Kansas City, MISSOURI 64108
(39.091873, -94.585349)"
108320,KCI Starbucks Gate 34,KCI Starbucks Gate 34,32 Rome Circle,Terminal B Gate 34,Kansas City,MISSOURI,64153,Open,Restaurant/Deli 6-9 Employees,Restaurant/Deli,,Operational,"32 Rome Circle
Kansas City, MISSOURI 64153
(39.294617, -94.720412)"
108220,"Dollar Tree Stores, Inc (#06382)","Dollar Tree Stores, Inc (#06382)",6461 N Cosby Ave,,Kansas City,MISSOURI,64151,Open,Retail Grocery/Market 3001-30000 sq. ft.,Retail Grocery/Market,,Operational,"6461 N Cosby Ave
Kansas City, MISSOURI 64151
(39.212543, -94.646339)"
800361,Taylor Made Catering,Taylor Made Catering,12822  W 91st St.,,Kansas City,KANSAS,66215,Open,Catering Permit,Catering Permit,,Operational,"12822 W 91st St.
Kansas City, KANSAS 66215
(38.963758, -94.735252)"
108212,Joe Joe's Catering @ Academy for Intergrated Arts,Joe Joe's Catering @ Academy for Intergrated Arts,7910  Troost,,Kansas City ,MISSOURI,64131,Open,School - Public 0-5 Employees,School - Public; School - Public,,Operational,"7910 Troost
Kansas City, MISSOURI 64131
(38.984541, -94.576012)"
108060,Jo n Go Cafe and Coffee,Jo n Go Cafe and Coffee,901 E. 104 Street,,Kansas City ,MISSOURI,64131,Open,Restaurant/Deli 6-9 Employees,Restaurant/Deli,,Operational,"901 E. 104 Street
Kansas City, MISSOURI 64131
(38.939617, -94.579299)"
107930,Vintage Funk Cafe,Vintage Funk Cafe,1400  W 12th St,,Kansas City ,MISSOURI,64101,Open,Restaurant/Deli 0-5 Employees,Restaurant/Deli,,Operational,"1400 W 12th St
Kansas City, MISSOURI 64101
(39.100796, -94.601632)"
108282,Guadalupe Centers Pre-School,Guadalupe Centers Pre-School,5207 E truman rd,,kansas city,MISSOURI,64127,Open,School - Public 0-5 Employees,School - Public; School - Public,,Operational,"5207 E truman rd
kansas city, MISSOURI 64127
(39.094187, -94.521463)"
108273,Night Blooms,Night Blooms,529 Southwest Blvd,,Kansas City,MISSOURI,64108,Open,Retail Bakery Under 3000 sq. ft.,Retail Bakery,,Operational,"529 Southwest Blvd
Kansas City, MISSOURI 64108
(39.086278, -94.591336)"
108127,Soe Soe Store,Soe Soe Store,615 Prospect Ave,,Kansas City,MISSOURI,64124,Open,Retail Grocery/Market Under 3000 sq. ft.,Retail Grocery/Market,,Operational,"615 Prospect Ave
Kansas City, MISSOURI 64124
(39.105776, -94.551076)"
546016,Chiefs Aramark Bud and Bugers #2 (PG312) 546016,Chiefs Aramark Bud and Bugers #2 (PG312) 546016,1 Red Coat Lane ,,Kansas,MISSOURI,64129,Open,Mobile Unit/Pushcart,Mobile Unit/Pushcart,,Operational,"1 Red Coat Lane
Kansas, MISSOURI 64129
(39.046976, -94.484283)"
108372,Steamboat Sweets,Steamboat Sweets,400 Grand Blvd.,,Kansas City,MISSOURI,64106,Open,Restaurant/Deli 0-5 Employees,Restaurant/Deli,,Operational,"400 Grand Blvd.
Kansas City, MISSOURI 64106
(39.109712, -94.580768)"
108314,Zaxby's Chicken Restaurant,Zaxby's Chicken Restaurant,10430 NE Cookingham Rd.,,Kansas City,MISSOURI,64157,Open,Restaurant/Deli 21-40 Employees,Restaurant/Deli,,Operational,"10430 NE Cookingham Rd.
Kansas City, MISSOURI 64157
(39.267104, -94.450094)"
107928,Meatball District,Meatball District,1806  W 39th St ,,Kansas City,MISSOURI,64111,Open,Restaurant/Deli 10-20 Employees,Restaurant/Deli,,Operational,"1806 W 39th St
Kansas City, MISSOURI 64111
(39.057344, -94.606597)"
108016,Knuckleheads Garage,Knuckleheads Garage,2700 Rochester,,Kansas City,MISSOURI,64120,Open,Bar/Tavern 6-9 Employees,Bar/Tavern,,Operational,"2700 Rochester
Kansas City, MISSOURI 64120
(39.120652, -94.548836)"
108149,Record Bar,Record Bar,1520  Grand Blvd,,Kansas City,MISSOURI,64108,Open,Bar/Tavern 10-20 Employees,Bar/Tavern,,Operational,"1520 Grand Blvd
Kansas City, MISSOURI 64108
(39.095063, -94.581153)"
108284,Shotz Convenience Store & Grill(Deli),Shotz Convenience Store & Grill(Deli)),2900 East 27Th Street,,Kansas City,MISSOURI,64127,Open,Restaurant/Deli 0-5 Employees,Restaurant/Deli,,Operational,"2900 East 27Th Street
Kansas City, MISSOURI 64127
(39.076987, -94.549005)"
107503,Jalapeno Brothers,Jalapeno Brothers,8140  NW Prarie View Rd.,,Kansas City,MISSOURI,64151,Open,Restaurant/Deli 10-20 Employees,Restaurant/Deli,,Operational,"8140 NW Prarie View Rd.
Kansas City, MISSOURI 64151
(39.242033, -94.65881)"
543816,Fresh and Tasty Catering 543816,Fresh and Tasty Catering 543816,7521  W. 97th Street,,Overland Park,KANSAS,66212,Open,Mobile Unit/Pushcart,Mobile Unit/Pushcart,,Operational,"7521 W. 97th Street
Overland Park, KANSAS 66212
(38.95317, -94.673423)"
107686,Parisi Artisan Coffee Bakery,Parisi Artisan Coffee Bakery,710 W. 24th St.,,Kansas City,MISSOURI,64108,Open,Restaurant/Deli 6-9 Employees,Restaurant/Deli,,Operational,"710 W. 24th St.
Kansas City, MISSOURI 64108
(39.084686, -94.593024)"
108318,ProteinHouse,ProteinHouse,1345 Main St.,,Kansas City,MISSOURI,64105,Open,Restaurant/Deli 10-20 Employees,Restaurant/Deli,,Operational,"1345 Main St.
Kansas City, MISSOURI 64105
(39.098008, -94.583277)"
108188,One Stop,One Stop,3350 Troost Ave.,,Kansas City,MISSOURI,64109,Open,Retail Grocery/Market Under 3000 sq. ft.,Retail Grocery/Market,,Operational,"3350 Troost Ave.
Kansas City, MISSOURI 64109
(39.065186, -94.571626)"
800308,M T Plate Cafe Catering,M T Plate Cafe Catering,2300 Main St.,,Kansas City,MISSOURI,64108,Open,Catering Permit,Catering Permit,,Operational,"2300 Main St.
Kansas City, MISSOURI 64108
(39.085809, -94.583929)"
108185,Dickey's Barbecue Pit,Dickey's Barbecue Pit,2510  NE Vivion Rd.,,Kansas City,MISSOURI,64118,Open,Restaurant/Deli 10-20 Employees,Restaurant/Deli,,Operational,"2510 NE Vivion Rd.
Kansas City, MISSOURI 64118
(39.185909, -94.549453)"
107931,DaVinci's,DaVinci's,1020 Broadway,,Kansas City,MISSOURI,64105,Open,Restaurant/Deli 0-5 Employees,Restaurant/Deli,,Operational,"1020 Broadway
Kansas City, MISSOURI 64105
(39.101251, -94.588368)"
108097,Starlight Theatre: BBQ Shack,Starlight Theatre: BBQ Shack,4600 Starlight Rd.,,Kansas City,MISSOURI,64132,Open,Restaurant/Deli 10-20 Employees,Restaurant/Deli,,Operational,"4600 Starlight Rd.
Kansas City, MISSOURI 64132
(39.009406, -94.532417)"
107907,Hy-Vee Gas #1 Caribou Coffee,Hy-Vee Gas #1 Caribou Coffee,8371 N St Clair Ave,,Kansas City,MISSOURI,64151,Open,Restaurant/Deli 10-20 Employees,Restaurant/Deli,,Operational,"8371 N St Clair Ave
Kansas City, MISSOURI 64151
(39.246339, -94.64715)"
108113,Club Tanqueray,Club Tanqueray,5510 E Truman Rd.,,Kansas City,MISSOURI,64127,Open,Bar/Tavern 0-5 Employees,Bar/Tavern,,Operational,"5510 E Truman Rd.
Kansas City, MISSOURI 64127
(39.094077, -94.517919)"
108256,Fervere Bakery,Fervere Bakery,1702  Summit Street,,Kansas City,MISSOURI,64108,Open,Restaurant/Deli 0-5 Employees,Restaurant/Deli,,Operational,"1702 Summit Street
Kansas City, MISSOURI 64108
(39.092843, -94.593379)"
107915,Prospect Stop and More (market),Prospect Stop and More (market),3901 Prospect Ave.,,Kansas City,MISSOURI,64130,Open,Retail Grocery/Market Under 3000 sq. ft.,Retail Grocery/Market,,Operational,"3901 Prospect Ave.
Kansas City, MISSOURI 64130
(39.055237, -94.553597)"
107430,EZ Convience,EZ Convience,3401  E. 12th St.,,Kansas City,MISSOURI,64127,Open,Retail Grocery/Market Under 3000 sq. ft.,Retail Grocery/Market,,Operational,"3401 E. 12th St.
Kansas City, MISSOURI 64127
(39.098517, -94.542012)"
107763,Papa Kenos Pizzaria,Papa Kenos Pizzaria,415  Westport ,,Kansas City ,MISSOURI,64111,Open,Restaurant/Deli 10-20 Employees,Restaurant/Deli,,Operational,"415 Westport
Kansas City, MISSOURI 64111
(39.053122, -94.590907)"
107692,Doughnut Lounge,Doughnut Lounge,4117 Pennsylvania Ave,,Kansas City,MISSOURI,64111,Open,Restaurant/Deli 10-20 Employees,Restaurant/Deli,,Operational,"4117 Pennsylvania Ave
Kansas City, MISSOURI 64111
(39.052401, -94.5911)"
543116,Swope Soccer Village - Taco Cart 543116,Swope Soccer Village - Taco Cart 543116,6310  Lewis Rd,,Kansas City,MISSOURI,64132,Open,Mobile Unit/Pushcart,Mobile Unit/Pushcart,,Operational,"6310 Lewis Rd
Kansas City, MISSOURI 64132
(39.013894, -94.520656)"
108237,Brooklyn Mart Retail,Brooklyn Mart Retail,2200 E Truman Rd,,Kansas City ,MISSOURI,64127,Open,Retail Grocery/Market 3001-30000 sq. ft.,Retail Grocery/Market,,Operational,"2200 E Truman Rd
Kansas City, MISSOURI 64127
(39.094884, -94.555987)"
108126,Oceans of Fun Lazy River Refresh,Oceans of Fun Lazy River Refresh,4545 Worlds of Fun Ave,,Kansas City,MISSOURI,64161,Open,Restaurant/Deli 0-5 Employees,Restaurant/Deli,,Operational,"4545 Worlds of Fun Ave
Kansas City, MISSOURI 64161
(39.174532, -94.492423)"
108005,Al-forat,Al-forat,4436 Saint John Ave,,Kansas City,MISSOURI,64123,Open,Restaurant/Deli 0-5 Employees,Restaurant/Deli,,Operational,"4436 Saint John Ave
Kansas City, MISSOURI 64123
(39.112792, -94.529003)"
106983,Insomnia Cookies,Insomnia Cookies,505 Westport Rd,,Kansas City ,MISSOURI,64111,Open,Restaurant/Deli 6-9 Employees,Restaurant/Deli,,Operational,"505 Westport Rd
Kansas City, MISSOURI 64111
(39.05266, -94.591861)"
108354,The Snack Shop,The Snack Shop,3037 Prospect Ave,,Kasnas City,MISSOURI,64128,Open,Restaurant/Deli 0-5 Employees,Restaurant/Deli,,Operational,"3037 Prospect Ave
Kasnas City, MISSOURI 64128
(39.070707, -94.552798)"
108153,10 Main Market,10 Main Market,1010 Main,,Kansas City,MISSOURI,64105,Open,Retail Grocery/Market Under 3000 sq. ft.,Retail Grocery/Market,,Operational,"1010 Main
Kansas City, MISSOURI 64105
(39.102028, -94.583053)"
108055,Dez Nuts,Dez Nuts,3000 Troost Ave.,,Kansas City,MISSOURI,64109,Open,Restaurant/Deli 0-5 Employees,Restaurant/Deli,,Operational,"3000 Troost Ave.
Kansas City, MISSOURI 64109
(39.07217, -94.571239)"
108383,Catch and Release Fried Fish and BBQ,Catch and Release Fried Fish and BBQ,5536 Troost Ave.,,Kansas City,MISSOURI,64110,Open,Restaurant/Deli 0-5 Employees,Restaurant/Deli,,Operational,"5536 Troost Ave.
Kansas City, MISSOURI 64110
(39.025815, -94.573872)"
108193,Treat America @ Della Lamb Grades 2-8,Treat America @ Della Lamb Grades 2-8,414 Wallace Ave,,Kansas City,MISSOURI,64125,Open,School - Public 0-5 Employees,School - Public; School - Public,,Operational,"414 Wallace Ave
Kansas City, MISSOURI 64125
(39.109234, -94.483108)"
108258,Thai Spice Express,Thai Spice Express,4171 Sterling Ave,,Kansas City,MISSOURI,64133,Open,Restaurant/Deli 6-9 Employees,Restaurant/Deli,http://Thaispicemk@hotmail.com,Operational,"4171 Sterling Ave
Kansas City, MISSOURI 64133
(39.046514, -94.447602)"
108283,Shotz Convenience Store & Grill(Market),Shotz Convenience Store & Grill(Market),2900 East 27th Street,,Kansas City,MISSOURI,64127,Open,Retail Grocery/Market Under 3000 sq. ft.,Retail Grocery/Market,,Operational,"2900 East 27th Street
Kansas City, MISSOURI 64127
(39.076987, -94.549005)"
108306,Aldi #26,Aldi #26,8780 N Ambassador Dr,,Kansas City,MISSOURI,64154,Open,Retail Grocery/Market 3001-30000 sq. ft.,Retail Grocery/Market,,Operational,"8780 N Ambassador Dr
Kansas City, MISSOURI 64154
(39.252758, -94.649699)"
548616,Red Wattle 548616,Red Wattle 548616,1312  E. 49th Terrace,,Kansas City,MISSOURI,64110,Open,Mobile Unit/Pushcart,Mobile Unit/Pushcart,,Operational,"1312 E. 49th Terrace
Kansas City, MISSOURI 64110
(39.037159, -94.570376)"
108110,Rockstar Burgers,Rockstar Burgers,1611 Genessee St ,,Kansas City ,MISSOURI,64102,Open,Restaurant/Deli 6-9 Employees,Restaurant/Deli,,Operational,"1611 Genessee St
Kansas City, MISSOURI 64102
(39.094209, -94.604964)"
108315,Worlds Liquor #4,Worlds Liquor #4,8435  E. 63rd St,,Kansas City,MISSOURI,64133,Open,Retail Grocery/Market Under 3000 sq. ft.,Retail Grocery/Market,,Operational,"8435 E. 63rd St
Kansas City, MISSOURI 64133
(39.009797, -94.487003)"
108271,Kansas City Neighborhood Academy,Kansas City Neighborhood Academy,1619  East 24th Terr.,,Kansas City,MISSOURI,64108,Open,School - Public 0-5 Employees,School - Public; School - Public,,Operational,"1619 East 24th Terr.
Kansas City, MISSOURI 64108
(39.082256, -94.562974)"
108216,Chiefs The Burger Box (126B),Chiefs The Burger Box (126B),1  Redcoat Lane,,Kansas City,MISSOURI,64129,Open,Restaurant/Deli 10-20 Employees,Restaurant/Deli,,Operational,"1 Redcoat Lane
Kansas City, MISSOURI 64129
(39.046976, -94.484283)"
800326,Fresh Catering - Elite Cuisine,Fresh Catering - Elite Cuisine,9201 State Line Road,,Kansas City,MISSOURI,64114,Open,Catering Permit,Catering Permit,,Operational,"9201 State Line Road
Kansas City, MISSOURI 64114
(38.962855, -94.608088)"
108353,Reeves Smokin' BBQ,Reeves Smokin' BBQ,5535 Troost Ave.,,Kansas City,MISSOURI,64110,Open,Restaurant/Deli 0-5 Employees,Restaurant/Deli,,Operational,"5535 Troost Ave.
Kansas City, MISSOURI 64110
(39.025882, -94.573868)"
108211,Casey's General Store #3483- Deli,Casey's General Store #3483- Deli,10751  N. Oak Trafficway,,Kansas City,MISSOURI,64155,Open,Restaurant/Deli 10-20 Employees,Restaurant/Deli,http://Jaime.dietrich@caseys.com,Operational,"10751 N. Oak Trafficway
Kansas City, MISSOURI 64155
(39.289803, -94.575467)"
108125,Raising Cane's Chicken Fingers,Raising Cane's Chicken Fingers,4040 Mill Street,,Kansas City,MISSOURI,64111,Open,Restaurant/Deli 21-40 Employees,Restaurant/Deli,,Operational,"4040 Mill Street
Kansas City, MISSOURI 64111
(39.053507, -94.593784)"
800340,The Painted Rooster Catering,Painted Rooster Catering,1320 W 12th St ,,Kansas City ,MISSOURI,64101,Open,Catering Permit,Catering Permit,,Operational,"1320 W 12th St
Kansas City, MISSOURI 64101
(39.100784, -94.601084)"
107535,Tasty Pops,Tasty Pops,5212 NW Walden Dr,,Kansas City,MISSOURI,64151,Open,Retail Bakery Under 3000 sq. ft.,Retail Bakery,,Operational,"5212 NW Walden Dr
Kansas City, MISSOURI 64151
(39.202083, -94.641359)"
107940,The Homesteader Cafe,The Homesteader Cafe,100 E 7th St,,Kansas City,MISSOURI,64106,Open,Restaurant/Deli 6-9 Employees,Restaurant/Deli,,Operational,"100 E 7th St
Kansas City, MISSOURI 64106
(39.105486, -94.581315)"
511216,Express Food & Grill 511216,Express Food & Grill 511216,3415  Main,,Kansas City,MISSOURI,64111,Open,Mobile Unit/Pushcart,Mobile Unit/Pushcart,,Operational,"3415 Main
Kansas City, MISSOURI 64111
(39.065079, -94.585608)"
534616,"Greg-Co BBQ, LLC 534616","Greg-Co BBQ, LLC 534616",916  N. Arapaho Street,,Independence,MISSOURI,64056,Open,Mobile Unit/Pushcart,Mobile Unit/Pushcart,,Operational,"916 N. Arapaho Street
Independence, MISSOURI 64056
(39.12056, -94.360812)"
543316,Dos De Oras Traveling Taqueria 543316,Dos De Oras Traveling Taqueria 543316,12308 Holmes Rd,,Kansas City ,MISSOURI,64145,Open,Mobile Unit/Pushcart,Mobile Unit/Pushcart,,Operational,"12308 Holmes Rd
Kansas City, MISSOURI 64145
(38.902824, -94.585043)"
107435,Linwood Super Foods,Linwood Super Foods,130 E Linwood Blvd,,Kansas City,MISSOURI,64111,Open,Retail Grocery/Market Under 3000 sq. ft.,Retail Grocery/Market,,Operational,"130 E Linwood Blvd
Kansas City, MISSOURI 64111
(39.068391, -94.583437)"
F00088,Urbavore Urban Farm,Urbavore Urban Farm,6321 Wornall Rd,,Kansas City,MISSOURI,64113,Open,Farmers Market Permit,Farmers Market Permit,,Operational,"6321 Wornall Rd
Kansas City, MISSOURI 64113
(39.013796, -94.593144)"
533815,Tacos La Tabasquena 533815,Tacos La Tabasquena 533815,6106  St. John Ave,,Kansas City,MISSOURI,64123,Open,Mobile Unit/Pushcart,Mobile Unit/Pushcart,,Operational,"6106 St. John Ave
Kansas City, MISSOURI 64123
(39.112146, -94.510086)"
108234,Garrison Community Center,Garrison Community Center,1124 E 5th St. ,,Kansas City,MISSOURI,64106,Open,Restaurant/Deli 6-9 Employees,Restaurant/Deli,,Operational,"1124 E 5th St.
Kansas City, MISSOURI 64106
(39.11089, -94.569364)"
108099,Starlight Theatre: Gimme The Scoop,Starlight Theatre: Gimme The Scoop,4600 Starlight Road,,Kansas City,MISSOURI,64132,Open,Restaurant/Deli 0-5 Employees,Restaurant/Deli,,Operational,"4600 Starlight Road
Kansas City, MISSOURI 64132
(39.009406, -94.532417)"
108083,Journeyman Cafe,Journeyman Cafe,1121  W 47th St,,Kansas City,MISSOURI,64112,Open,Restaurant/Deli 21-40 Employees,Restaurant/Deli,,Operational,"1121 W 47th St
Kansas City, MISSOURI 64112
(39.042597, -94.600652)"
108240,28 Event Space - KC Room,28 Event Space - KC Room,1300 W 28th St,,Kansas City,MISSOURI,64108,Open,Bar/Tavern 10-20 Employees,Bar/Tavern,,Operational,"1300 W 28th St
Kansas City, MISSOURI 64108
(39.077033, -94.600155)"
S0055,Mama Linda's,Mama Linda's,638  N Highland Dr. ,,Independence,MISSOURI,64050,Open,Sampling Permit,Sampling Permit,,Operational,"638 N Highland Dr.
Independence, MISSOURI 64050
(39.097833, -94.407264)"
108186,Metropolitan Community College HSI,Metropolitan Community College HSI,3444 Broadway,,Kansas City,MISSOURI,64111,Open,Restaurant/Deli 0-5 Employees,Restaurant/Deli,,Operational,"3444 Broadway
Kansas City, MISSOURI 64111
(39.065063, -94.590281)"
518616,Starlight Theatre Center Stage 518616,Starlight Theatre Center Stage 518616,4600 Starlight Rd,,Kansas City ,MISSOURI,64132,Open,Mobile Unit/Pushcart,Mobile Unit/Pushcart,,Operational,"4600 Starlight Rd
Kansas City, MISSOURI 64132
(39.009406, -94.532417)"
108336,P.S.,P.S.,106 W 12th St ,,Kansas City ,MISSOURI,64105,Open,Bar/Tavern 10-20 Employees,Bar/Tavern,,Operational,"106 W 12th St
Kansas City, MISSOURI 64105
(39.099978, -94.584514)"
534116,Royals Stadium Dippin Dots 534116,Royals Stadium Dippin Dots 534116,1 Royal Way,,Kansas City,MISSOURI,64129,Open,Mobile Unit/Pushcart,Mobile Unit/Pushcart,,Operational,"1 Royal Way
Kansas City, MISSOURI 64129
(39.054727, -94.486227)"
108074,Blip Roasters,Blip Roasters,1101 Mulberry ,,Kansas City,MISSOURI,64101,Open,Restaurant/Deli 0-5 Employees,Restaurant/Deli,http://ian@bliproasters.com,Operational,"1101 Mulberry
Kansas City, MISSOURI 64101
(39.101323, -94.599833)"
522216,Pigtails and Olives 522216,Pig Tails and Olives 522216,10201 47th St.,,Merriam ,KANSAS,66023,Open,Mobile Unit/Pushcart,Mobile Unit/Pushcart,,Operational,"10201 47th St.
Merriam, KANSAS 66023
(39.043987, -94.704586)"
108209,Farm to Table Kitchen - Sura Eats,Farm to Table Kitchen - Sura Eats,21 E 3rd St.,,Kansas City,MISSOURI,64106,Open,Restaurant/Deli 0-5 Employees,Restaurant/Deli,,Operational,"21 E 3rd St.
Kansas City, MISSOURI 64106
(39.1099, -94.583104)"
108288,Stock Hill,Stock Hill,4800 Main St.,G-001,Kansas City,MISSOURI,64112,Open,Restaurant/Deli 91-100 Employees,Restaurant/Deli,,Operational,"4800 Main St.
Kansas City, MISSOURI 64112
(39.039001, -94.587132)"
108039,Bonnie View Farms,Bonnie View Farms,9903 Grandview Rd,,Kansas City,MISSOURI,64137,Open,Retail Grocery/Market Under 3000 sq. ft.,Retail Grocery/Market,http://www.bonnieviewkc.com,Operational,"9903 Grandview Rd
Kansas City, MISSOURI 64137
(38.946485, -94.547119)"
107533,The Upper Cut,The Upper Cut,9769 N. Cedar Ave.,,Kansas City,MISSOURI,64157,Open,Restaurant/Deli 0-5 Employees,Restaurant/Deli,,Operational,"9769 N. Cedar Ave.
Kansas City, MISSOURI 64157
(39.270496, -94.453786)"
108345,The American Restaurant,The American Restaurant,200 E 25th st,,Kansas City,MISSOURI,64108,Open,Restaurant/Deli 10-20 Employees,Restaurant/Deli,http://scott.pekorek@starwoodhotels.c,Operational,"200 E 25th st
Kansas City, MISSOURI 64108
(39.081691, -94.58082)"
108121,Krispy Krunchy Chicken at Fast Stop,Krispy Krunchy Chicken at Fast Stop,705  E. 75th St. ,,Kansas City,MISSOURI,64131,Open,Restaurant/Deli 0-5 Employees,Restaurant/Deli,,Operational,"705 E. 75th St.
Kansas City, MISSOURI 64131
(38.991707, -94.579574)"
108370,Treat America @ Cerner CK 6th Floor North,Treat America @ Cerner CK 6th Floor North,8779  Hillcrest Rd,Bld 1024,Kansas City,MISSOURI,64138,Open,Retail Grocery/Market Under 3000 sq. ft.,Retail Grocery/Market,,Operational,"8779 Hillcrest Rd
Kansas City, MISSOURI 64138
(38.966511, -94.514786)"
531816,Twisted Taters 531816,Twisted Taters 531816,538 Sarah Lane ,,Liberty,MISSOURI,64068,Open,Mobile Unit/Pushcart,Mobile Unit/Pushcart,,Operational,"538 Sarah Lane
Liberty, MISSOURI 64068
(39.226975, -94.429288)"
537016,Chelbi's 537016,Chelbi's 537016,5065 SE Odell Rd,,Lathrop ,MISSOURI,64465,Open,Mobile Unit/Pushcart,Mobile Unit/Pushcart,,Operational,"5065 SE Odell Rd
Lathrop, MISSOURI 64465
(39.498523, -94.247522)"
108189,American Food and Vending Service of Missouri at Frontier School o,American Food and Vending Service of Missouri at Frontier School o,5605 Troost Ave,,Kansas City ,MISSOURI,64110,Open,School - Public 0-5 Employees,School - Public; School - Public,,Operational,"5605 Troost Ave
Kansas City, MISSOURI 64110
(39.024479, -94.573949)"
516716,Up Down Trailer 516716,Up Down Trailer 516716,101 Southwest Blvd,,Kansas City ,MISSOURI,64108,Open,Mobile Unit/Pushcart,Mobile Unit/Pushcart,,Operational,"101 Southwest Blvd
Kansas City, MISSOURI 64108
(39.090133, -94.585306)"
539616,Royal Sandwich 539616,Royal Sandwich 539616,6299 N Pennsylvania Ave,,Kansas City ,MISSOURI,64118,Open,Mobile Unit/Pushcart,Mobile Unit/Pushcart,,Operational,"6299 N Pennsylvania Ave
Kansas City, MISSOURI 64118
(39.208644, -94.588913)"
108003,Zaina Restaurant,Zaina Restaurant,1108 Grand Blvd,,Kansas City,MISSOURI,64106,Open,Restaurant/Deli 6-9 Employees,Restaurant/Deli,,Operational,"1108 Grand Blvd
Kansas City, MISSOURI 64106
(39.100646, -94.580867)"
800313,Jon Russell BBQ Fresh Mix Grill Catering,Jon Russell BBQ Fresh Mix Grill Catering,13145 State Line,,Kansas City,MISSOURI,64145,Open,Catering Permit,Catering Permit,,Operational,"13145 State Line
Kansas City, MISSOURI 64145
(38.889726, -94.607981)"
108317,Chipotle Mexican Grill #2612,Chipotle Mexican Grill #2612,4323 Chouteau Trafficway ,A-1,Kansas City,MISSOURI,64117,Open,Restaurant/Deli 21-40 Employees,Restaurant/Deli,,Operational,"4323 Chouteau Trafficway
Kansas City, MISSOURI 64117
(39.17241, -94.534494)"
107943,Operation Breakthrough Inc- Food Pantry,Operation Breakthrough Inc- Food Pantry,3039  Troost ,,Kansas City,MISSOURI,64109,Open,Fee Exempt,Fee Exempt,,Operational,"3039 Troost
Kansas City, MISSOURI 64109
(39.070807, -94.571303)"
108375,Cornerstones of Care (Spofford Campus),Cornerstones of Care (Spofford Campus),9700  Grandview Rd,,Kansas City,MISSOURI,64137,Open,School - Private 0-5 Employees,School - Private,,Operational,"9700 Grandview Rd
Kansas City, MISSOURI 64137
(38.950168, -94.549925)"
108369,Treat America @ Cerner CK 6th Floor South,Treat America @ Cerner CK 6th Floor South,8779 Hillcrest Rd,Bld 1024,Kansas City,MISSOURI,64138,Open,Retail Grocery/Market Under 3000 sq. ft.,Retail Grocery/Market,,Operational,"8779 Hillcrest Rd
Kansas City, MISSOURI 64138
(38.966511, -94.514786)"
544416,Slaters Pizza Wings 'N' Things 544416,Slaters Pizza Wings 'N' Things 544416,207 NW Leann Dr.,,Blue Springs ,MISSOURI,64015,Open,Mobile Unit/Pushcart,Mobile Unit/Pushcart,,Operational,"207 NW Leann Dr.
Blue Springs, MISSOURI 64015
(39.04385, -94.261989)"
107769,ReDiscover,ReDiscover,3211  Woodland Ave ,,Kansas City ,MISSOURI,64109,Open,Restaurant/Deli 0-5 Employees,Restaurant/Deli,,Operational,"3211 Woodland Ave
Kansas City, MISSOURI 64109
(39.06819, -94.562174)"
108261,Micronesian Market,Micronesian Market,4023 N Cherry ,,Kansas City ,MISSOURI,64116,Open,Retail Grocery/Market Under 3000 sq. ft.,Retail Grocery/Market,,Operational,"4023 N Cherry
Kansas City, MISSOURI 64116
(39.163635, -94.574286)"
545616,LC Hamburgers Inc 545616,LC Hamburgers Inc 545616,7612  NW Prairie View Rd.,,Kansas City,MISSOURI,64151,Open,Mobile Unit/Pushcart,Mobile Unit/Pushcart,,Operational,"7612 NW Prairie View Rd.
Kansas City, MISSOURI 64151
(39.233938, -94.65871)"
108302,"Wells Family Farms, Locally Sourced Meats","Wells Family Farms, Locally Sourced Meats",419 Main,,Kansas City,MISSOURI,64105,Open,Retail Grocery/Market Under 3000 sq. ft.,Retail Grocery/Market,,Operational,"419 Main
Kansas City, MISSOURI 64105
(39.109383, -94.583135)"
107425,Rays 50 Yard Line Diner,Rays 50 Yard Line Diner,5912  Blue Pkwy,,Kansas City,MISSOURI,64129,Open,Restaurant/Deli 0-5 Employees,Restaurant/Deli,,Operational,"5912 Blue Pkwy
Kansas City, MISSOURI 64129
(39.033607, -94.514814)"
549216,Hail! Coffee 549216,Hail! Coffee 549216,200  NE Chipman Rd,,Lee's Summit,MISSOURI,64063,Open,Mobile Unit/Pushcart,Mobile Unit/Pushcart,,Operational,"200 NE Chipman Rd
Lee's Summit, MISSOURI 64063
(38.924974, -94.37566)"
108260,Soul Lounge,Soul Lounge,9916 Holmes rd,A,Kansas City ,MISSOURI,64131,Open,Restaurant/Deli 10-20 Employees,Restaurant/Deli,,Operational,"9916 Holmes rd
Kansas City, MISSOURI 64131
(38.947845, -94.582378)"
609013,The Lunch Box,The Lunch Box,8200 East 63rd St. ,,Kansas City,MISSOURI,64134,Open,Seasonal Permit,Seasonal Permit,,Operational,"8200 East 63rd St.
Kansas City, MISSOURI 64134
(39.010094, -94.494036)"
108279,Bon Appetit Kaufmann Foundation Cafe,Bon Appetit Kaufmann Foundation Cafe,4801 Rockhill Rd.,,Kansas City,MISSOURI,64110,Open,Restaurant/Deli 6-9 Employees,Restaurant/Deli,,Operational,"4801 Rockhill Rd.
Kansas City, MISSOURI 64110
(39.040945, -94.578319)"
108244,Simply the best Cuisine@Urban Christian Academy,Simply the best Cuisine@Urban Christian Academy,4328 Jackson,,Kansas City ,MISSOURI,64130,Open,School - Private 0-5 Employees,School - Private,,Operational,"4328 Jackson
Kansas City, MISSOURI 64130
(39.047063, -94.535564)"
108053,Cold Stone Creamery,Cold Stone Creamery,114  W 47th St,,Kansas City,MISSOURI,64112,Open,Restaurant/Deli 10-20 Employees,Restaurant/Deli,,Operational,"114 W 47th St
Kansas City, MISSOURI 64112
(39.042277, -94.58885)"
108182,Northeast Market,Northeast Market,4422 Saint John Ave.,,Kansas City,MISSOURI,64123,Open,Retail Grocery/Market Under 3000 sq. ft.,Retail Grocery/Market,,Operational,"4422 Saint John Ave.
Kansas City, MISSOURI 64123
(39.112805, -94.529335)"
107826,Minit Mart,Minit Mart,9901 NE Barry Rd,,Kansas City ,MISSOURI,64157,Open,Retail Grocery/Market 3001-30000 sq. ft.,Retail Grocery/Market,,Operational,"9901 NE Barry Rd
Kansas City, MISSOURI 64157
(39.244636, -94.461267)"
108307,Reconciliation Services,Reconciliation Services,3101  Troost Avenue,,Kansas City,MISSOURI,64109,Open,Restaurant/Deli 0-5 Employees,Restaurant/Deli,,Operational,"3101 Troost Avenue
Kansas City, MISSOURI 64109
(39.070439, -94.571322)"
108041,Qdoba Mexican Eats #2979,Qdoba Mexican Eats #2979,515  Westport Rd. ,,Kansas City,MISSOURI,64111,Open,Restaurant/Deli 10-20 Employees,Restaurant/Deli,,Operational,"515 Westport Rd.
Kansas City, MISSOURI 64111
(39.05259, -94.592002)"
108312,Red Door Grill,Red Door Grill,6324  Brookside Plaza,,Kansas City,MISSOURI,64113,Open,Restaurant/Deli 61-70 Employees,Restaurant/Deli,,Operational,"6324 Brookside Plaza
Kansas City, MISSOURI 64113
(39.012926, -94.590706)"
F00092,Hemme Brothers Creamery,Hemme Brothers Creamery,20 E 5th St,201,Kansas City,MISSOURI,64106,Open,Farmers Market Permit,Farmers Market Permit,,Operational,"20 E 5th St
Kansas City, MISSOURI 64106
(39.108645, -94.581167)"
108280,Panificadora El Angel,Panificadora El Angel,2314  Summit ,,Kansas City,MISSOURI,64108,Open,Restaurant/Deli 0-5 Employees,Restaurant/Deli,,Operational,"2314 Summit
Kansas City, MISSOURI 64108
(39.085235, -94.593791)"
108275,Double M Market-Deli,Double M Market-Deli,5749 Prospect,,Kansas City ,MISSOURI,64130,Open,Restaurant/Deli 0-5 Employees,Restaurant/Deli,,Operational,"5749 Prospect
Kansas City, MISSOURI 64130
(39.021284, -94.555514)"
108131,Domino's Pizza,Domino's Pizza,204 W 39th St. ,,Kansas City,MISSOURI,64111,Open,Restaurant/Deli 10-20 Employees,Restaurant/Deli,,Operational,"204 W 39th St.
Kansas City, MISSOURI 64111
(39.056666, -94.588624)"
S0051,Yummy's Choice,Yummy's Choice,1608 W 39th Street,,Kansas City,MISSOURI,64111,Open,Sampling Permit,Sampling Permit,,Operational,"1608 W 39th Street
Kansas City, MISSOURI 64111
(39.057227, -94.60408)"
108183,Evolve Juicery and Paleo Kitchen,Evolve Juicery and Paleo Kitchen,322  Southwest Boulevard,,Kansas City,MISSOURI,64108,Open,Restaurant/Deli 6-9 Employees,Restaurant/Deli,,Operational,"322 Southwest Boulevard
Kansas City, MISSOURI 64108
(39.088132, -94.588395)"
531216,El Indio #2 531216,El Indio #2 531216,6307 Brookside ,,Kansas City ,MISSOURI,64113,Open,Mobile Unit/Pushcart,Mobile Unit/Pushcart,,Operational,"6307 Brookside
Kansas City, MISSOURI 64113
(39.013562, -94.590667)"
108167,Peking Garden,Peking Garden,5930 Wilson Rd,,Kansas City,MISSOURI,64123,Open,Restaurant/Deli 0-5 Employees,Restaurant/Deli,,Operational,"5930 Wilson Rd
Kansas City, MISSOURI 64123
(39.105834, -94.511917)"
800265,Bay Boy Specialty Sandwiches,Bay Boy Specialty Sandwiches,516 W 103rd,,Kansas City,MISSOURI,64114,Open,Catering Permit,Catering Permit,,Operational,"516 W 103rd
Kansas City, MISSOURI 64114
(38.941639, -94.598475)"
108051,Troost Market and Cellphones,Troost Market and Cellphones,7044 Troost Ave,,Kansas City,MISSOURI,64131,Open,Retail Grocery/Market Under 3000 sq. ft.,Retail Grocery/Market,,Operational,"7044 Troost Ave
Kansas City, MISSOURI 64131
(38.998964, -94.575295)"
108031,Pioneer Cafe,Pioneer Cafe,15015 E. US 40 Hwy,,Kansas City,MISSOURI,64136,Open,Restaurant/Deli 0-5 Employees,Restaurant/Deli,,Operational,"15015 E. US 40 Hwy
Kansas City, MISSOURI 64136
(39.03494, -94.399621)"
534816,El Tenedor KC 2 534816,El Tenedor KC 2 534816,2932  S 8th Terr ,,Kansas City ,KANSAS,66103,Open,Mobile Unit/Pushcart,Mobile Unit/Pushcart,,Operational,"2932 S 8th Terr
Kansas City, KANSAS 66103
(39.048311, -94.630487)"
108243,Artego Pizza,Artego Pizza,900 W 39th St. ,,Kansas City,MISSOURI,64111,Open,Restaurant/Deli 21-40 Employees,Restaurant/Deli,,Operational,"900 W 39th St.
Kansas City, MISSOURI 64111
(39.056972, -94.597078)"
107825,Minit Mart,Minit Mart,6901 NW Barry Rd,,Kansas City,MISSOURI,64153,Open,Retail Grocery/Market Under 3000 sq. ft.,Retail Grocery/Market,,Operational,"6901 NW Barry Rd
Kansas City, MISSOURI 64153
(39.246826, -94.660555)"
536416,The Waffler 2 #536416,The Waffler 2 #536416,2309  W 74th Terr,,Prairie Villa,KANSAS,66208,Open,Mobile Unit/Pushcart,Mobile Unit/Pushcart,,Operational,"2309 W 74th Terr
Prairie Villa, KANSAS 66208
(38.994068, -94.612409)"
108030,Shio Ramen Shop,Shio Ramen Shop,3605 Broadway,,Kansas City,MISSOURI,64111,Open,Restaurant/Deli 0-5 Employees,Restaurant/Deli,,Operational,"3605 Broadway
Kansas City, MISSOURI 64111
(39.061994, -94.590462)"
108309,Bon Appetit Kauffman Foundation Catering Kitchen,Bon Appetit Kauffman Foundation Catering Kitchen,4801 Rockhill Rd.,,Kansas City,MISSOURI,64110,Open,Restaurant/Deli 6-9 Employees,Restaurant/Deli,,Operational,"4801 Rockhill Rd.
Kansas City, MISSOURI 64110
(39.040945, -94.578319)"
107909,Plate,Plate,6201  Oak ,,Kansas City,MISSOURI,64113,Open,Restaurant/Deli 6-9 Employees,Restaurant/Deli,,Operational,"6201 Oak
Kansas City, MISSOURI 64113
(39.014566, -94.583722)"
107816,Rockhurst Roasterie,Rockhurst Roasterie,1100 Rockhurst Rd,Arrupe Building,Kansas ,MISSOURI,64110,Open,Restaurant/Deli 6-9 Employees,Restaurant/Deli,,Operational,"1100 Rockhurst Rd
Kansas, MISSOURI 64110
(39.032681, -94.573246)"
108029,Bun Mee Phan,Bun Mee Phan,4244 N. Oak Trafficway,,Kansas City,MISSOURI,64116,Open,Restaurant/Deli 0-5 Employees,Restaurant/Deli,,Operational,"4244 N. Oak Trafficway
Kansas City, MISSOURI 64116
(39.171534, -94.576749)"
538916,Hy Chi 538916,Hy Chi 538916,13400 W 87th ,,Lenexa,KANSAS,66215,Open,Mobile Unit/Pushcart,Mobile Unit/Pushcart,,Operational,"13400 W 87th
Lenexa, KANSAS 66215
(38.971106, -94.741364)"
S0061,Barefood'n Happy,Barefood'n Happy,10837 Cleveland Ave,,Kansas City,MISSOURI,64137,Open,Sampling Permit,Sampling Permit,,Operational,"10837 Cleveland Ave
Kansas City, MISSOURI 64137
(38.927905, -94.546222)"
108062,Fork N Fit,Fork N Fit,1010 E. 1st St.,,Kansas City,MISSOURI,64106,Open,Restaurant/Deli 0-5 Employees,Restaurant/Deli,,Operational,"1010 E. 1st St.
Kansas City, MISSOURI 64106
(39.114049, -94.570898)"
108198,Courtyard/Residence Inn Kansas City Downtown Convention Center (Ma,Courtyard/Residence Inn Kansas City Downtown Convention Center (Ma,1535 Baltimore,,Kansas City,MISSOURI,64108,Open,Retail Grocery/Market Under 3000 sq. ft.,Retail Grocery/Market,,Operational,"1535 Baltimore
Kansas City, MISSOURI 64108
(39.095032, -94.584569)"
107946,Farm to Table Kitchen - Kaci's Muffins & More,Farm to Table Kitchen - Kaci's Muffins & More,21 E 3rd St,,Kansas City,MISSOURI,64106,Open,Restaurant/Deli 0-5 Employees,Restaurant/Deli,,Operational,"21 E 3rd St
Kansas City, MISSOURI 64106
(39.1099, -94.583104)"
108230,KC Express Food and Mart,KC Express Food and Mart,2619 Independence Ave,,Kansas City,MISSOURI,64124,Open,Restaurant/Deli 0-5 Employees,Restaurant/Deli,,Operational,"2619 Independence Ave
Kansas City, MISSOURI 64124
(39.106264, -94.550006)"
107837,Minit Mart (deli),Minit Mart (deli),4430  NE Chouteau Tfwy,,Kansas City ,MISSOURI,64117,Open,Restaurant/Deli 6-9 Employees,Restaurant/Deli,,Operational,"4430 NE Chouteau Tfwy
Kansas City, MISSOURI 64117
(39.182296, -94.540659)"
106976,Spin Neapolitan Pizza,Spin Neapolitan Pizza,6100 NW 63rd Ter,,Kansas City,MISSOURI,64151,Open,Restaurant/Deli 21-40 Employees,Restaurant/Deli,,Operational,"6100 NW 63rd Ter
Kansas City, MISSOURI 64151
(39.209339, -94.651294)"
108208,Manila Bay Ihaw-Ihaw,Manila Bay Ihaw-Ihaw,4800  E. Bannister Rd,,Kansas City ,MISSOURI,64137,Open,Restaurant/Deli 6-9 Employees,Restaurant/Deli,,Operational,"4800 E. Bannister Rd
Kansas City, MISSOURI 64137
(38.953544, -94.534727)"
527016,Bop N' Bowl 527016,Bop N' Bowl 527016,201 N Forest ,,Independence ,MISSOURI,64050,Open,Mobile Unit/Pushcart,Mobile Unit/Pushcart,,Operational,"201 N Forest
Independence, MISSOURI 64050
(39.093654, -94.436407)"
108219,Cold Stone Creamery,Cold Stone Creamery,7251 NW 86th Place,,Kansas City,MISSOURI,64153,Open,Restaurant/Deli 10-20 Employees,Restaurant/Deli,,Operational,"7251 NW 86th Place
Kansas City, MISSOURI 64153
(39.251157, -94.663316)"
108332,QuikTrip #229 (Deli),QuikTrip #229 (Deli),7100 Parvin Road,,Kansas City,MISSOURI,64117,Open,Restaurant/Deli 10-20 Employees,Restaurant/Deli,,Operational,"7100 Parvin Road
Kansas City, MISSOURI 64117
(39.168878, -94.496759)"
108363,La Quinta Inn & Suites,La Quinta Inn & Suites,6901 NW 83rd St,,Kansas City,MISSOURI,64152,Open,Restaurant/Deli 0-5 Employees,Restaurant/Deli,,Operational,"6901 NW 83rd St
Kansas City, MISSOURI 64152
(39.244193, -94.660726)"
108238,Wally's Pastry Shop,Wally's Pastry Shop,3855 N Oak Trfwy,,Kansas City ,MISSOURI,64116,Open,Restaurant/Deli 0-5 Employees,Restaurant/Deli,,Operational,"3855 N Oak Trfwy
Kansas City, MISSOURI 64116
(39.164979, -94.576798)"
108290,AEP Restaurant,AEP Restaurant,1815 W 39th St. ,,Kansas City,MISSOURI,64111,Open,Restaurant/Deli 10-20 Employees,Restaurant/Deli,,Operational,"1815 W 39th St.
Kansas City, MISSOURI 64111
(39.057285, -94.606825)"
108194,Snap & Go (Deli),Snap & Go (Deli),8201 E Bannister RD,,Kansas City,MISSOURI,64134,Open,Restaurant/Deli 0-5 Employees,Restaurant/Deli,,Operational,"8201 E Bannister RD
Kansas City, MISSOURI 64134
(38.951727, -94.49356)"
108225,B&B Theatres Northland 14,B&B Theatres Northland 14,4900 NE 80th St.,,Kansas City,MISSOURI,64119,Open,Restaurant/Deli 21-40 Employees,Restaurant/Deli,,Operational,"4900 NE 80th St.
Kansas City, MISSOURI 64119
(39.23878, -94.52271)"
107434,Mid KC Petroleum 2 (market),Mid KC Petroleum 2 (market),2911 Van Brunt Blvd,,Kansas City,MISSOURI,64128,Open,Retail Grocery/Market Under 3000 sq. ft.,Retail Grocery/Market,,Operational,"2911 Van Brunt Blvd
Kansas City, MISSOURI 64128
(39.072075, -94.520474)"
108218,Fam Spot,Fam Spot,3445 Woodland,,Kansas City ,MISSOURI,64109,Open,Retail Grocery/Market Under 3000 sq. ft.,Retail Grocery/Market,,Operational,"3445 Woodland
Kansas City, MISSOURI 64109
(39.062983, -94.56245)"
108025,KC Wineworks,KC Wineworks,1829  McGee,,Kansas City,MISSOURI,64108,Open,Restaurant/Deli 0-5 Employees,Restaurant/Deli,,Operational,"1829 McGee
Kansas City, MISSOURI 64108
(39.090639, -94.580204)"
108178,KC Univ of Med and Biosciences - Campus Store,KC Univ of Med and Biosciences - Campus Store,1750 Independence Ave,,Kansas City,MISSOURI,64106,Open,Retail Grocery/Market Under 3000 sq. ft.,Retail Grocery/Market,,Operational,"1750 Independence Ave
Kansas City, MISSOURI 64106
(39.106654, -94.560738)"
107824,Minit Mart (deli),Minit Mart (deli),6901 NW Barry Rd,,Kansas City,MISSOURI,64153,Open,Restaurant/Deli 10-20 Employees,Restaurant/Deli,,Operational,"6901 NW Barry Rd
Kansas City, MISSOURI 64153
(39.246826, -94.660555)"
S0053,Meshuggah Bagels,Meshuggah Bagels,6609 Royal St.,109,Pleasant Vall,MISSOURI,64068,Open,Sampling Permit,Sampling Permit,,Operational,"6609 Royal St.
Pleasant Vall, MISSOURI 64068
(39.214516, -94.481914)"
108251,Unforked,Unforked,2450  Grand,113,Kansas City,MISSOURI,64108,Open,Restaurant/Deli 10-20 Employees,Restaurant/Deli,,Operational,"2450 Grand
Kansas City, MISSOURI 64108
(39.082903, -94.581877)"
108191,City Diner Twenty 20,City Diner Twenty 20,301 Grand Blvd,,Kansas City,MISSOURI,64106,Open,Restaurant/Deli 6-9 Employees,Restaurant/Deli,,Operational,"301 Grand Blvd
Kansas City, MISSOURI 64106
(39.110198, -94.580929)"
108129,Crows Coffee,Crows Coffee,7440  Washington Street,,Kansas City,MISSOURI,64114,Open,Restaurant/Deli 10-20 Employees,Restaurant/Deli,,Operational,"7440 Washington Street
Kansas City, MISSOURI 64114
(38.993091, -94.595321)"
108252,Fast Stop,Fast Stop,131 E 39th St. ,,Kansas City,MISSOURI,64111,Open,Restaurant/Deli 0-5 Employees,Restaurant/Deli,,Operational,"131 E 39th St.
Kansas City, MISSOURI 64111
(39.056514, -94.584131)"
F00089,2L Farms,2L Farms,1644 Wyandotte,,Kansas City,MISSOURI,64108,Open,Farmers Market Permit,Farmers Market Permit,,Operational,"1644 Wyandotte
Kansas City, MISSOURI 64108
(39.092999, -94.585917)"
513916,Torched Goodness 513916,Torched Goodness 513916,1447  W. 23rd St.,,Lawrence,KANSAS,66046,Open,Mobile Unit/Pushcart,Mobile Unit/Pushcart,,Operational,"1447 W. 23rd St.
Lawrence, KANSAS 66046
(38.942745, -95.252382)"
108247,Just Juice,Just Juice,1607 W 39th St. ,,Kansas City,MISSOURI,64111,Open,Restaurant/Deli 6-9 Employees,Restaurant/Deli,,Operational,"1607 W 39th St.
Kansas City, MISSOURI 64111
(39.057232, -94.604211)"
108308,Reconciliation Services (Pantry),Reconciliation Services (Pantry),3101  Troost Avenue,,Kansas City,MISSOURI,64109,Open,Retail Grocery/Market Under 3000 sq. ft.,Retail Grocery/Market,,Operational,"3101 Troost Avenue
Kansas City, MISSOURI 64109
(39.070439, -94.571322)"
108248,Hy-Vee Market Grille #3,Hy-Vee Market Grille #3,5330 NW 64th St,,Kansas City,MISSOURI,64151,Open,Restaurant/Deli 41-60 Employees,Restaurant/Deli,,Operational,"5330 NW 64th St
Kansas City, MISSOURI 64151
(39.210515, -94.641863)"
514716,Cirque Du Sucre #514716,Cirque Du Sucre #514716,216  W 73rd St ,,Kansas City ,MISSOURI,64114,Open,Mobile Unit/Pushcart,Mobile Unit/Pushcart,,Operational,"216 W 73rd St
Kansas City, MISSOURI 64114
(38.995882, -94.592615)"
108104,Starlight Theatre: Burger Bar,Starlight Theatre: Burger Bar,4600 Starlight Road,,Kansas City ,MISSOURI,64132,Open,Restaurant/Deli 10-20 Employees,Restaurant/Deli,,Operational,"4600 Starlight Road
Kansas City, MISSOURI 64132
(39.009406, -94.532417)"
108377,Edible Arrangements,Edible Arrangements,9255 NE 83rd Terr,,Kansas City,MISSOURI,64158,Open,Restaurant/Deli 6-9 Employees,Restaurant/Deli,,Operational,"9255 NE 83rd Terr
Kansas City, MISSOURI 64158
(39.243364, -94.462087)"
530716,Royals Aramark Evan Williams Cart 530716,Royals Aramark Evan Williams Cart 530716,1 Royal Way,,Kansas City,MISSOURI,64129,Open,Mobile Unit/Pushcart,Mobile Unit/Pushcart,,Operational,"1 Royal Way
Kansas City, MISSOURI 64129
(39.054727, -94.486227)"
107944,Minit Mart,Minit Mart,4430 NE Chouteau TRFY,,Kansas City,MISSOURI,64117,Open,Retail Grocery/Market Under 3000 sq. ft.,Retail Grocery/Market,,Operational,"4430 NE Chouteau TRFY
Kansas City, MISSOURI 64117
(39.182296, -94.540659)"
108035,Lucky Dynasty,Lucky Dynasty,1110 Emmanuel Cleaver II Blvd,,Kansas City,MISSOURI,64110,Open,Restaurant/Deli 0-5 Employees,Restaurant/Deli,,Operational,"1110 Emmanuel Cleaver II Blvd
Kansas City, MISSOURI 64110
(39.041649, -94.572074)"
107822,Minit Mart (retail),Minit Mart (retail),6897 E Front,,Kansas City,MISSOURI,64120,Open,Retail Grocery/Market 3001-30000 sq. ft.,Retail Grocery/Market,,Operational,"6897 E Front
Kansas City, MISSOURI 64120
(39.130093, -94.501427)"
108068,El Mercado Fresco (bakery),El Mercado Fresco (bakery),5117 Independence Ave,,Kansas City,MISSOURI,64124,Open,Retail Bakery Under 3000 sq. ft.,Retail Bakery,,Operational,"5117 Independence Ave
Kansas City, MISSOURI 64124
(39.10529, -94.521486)"
107418,Carniceria Y Tortilleria San Antonio (Market),Carniceria Y Tortilleria San Antonio (Market),2904 Independence Ave.,,Kansas City,MISSOURI,64124,Open,Retail Grocery/Market 3001-30000 sq. ft.,Retail Grocery/Market,,Operational,"2904 Independence Ave.
Kansas City, MISSOURI 64124
(39.106149, -94.546539)"
108148,Las Plebes,Las Plebes,3019  E 12th St,,Kansas City,MISSOURI,64127,Open,Bar/Tavern 0-5 Employees,Bar/Tavern,,Operational,"3019 E 12th St
Kansas City, MISSOURI 64127
(39.098662, -94.546141)"
521116,Yo-Sammich 521116,Yo-Sammich,6215 Acuff St,,Shawnee,KANSAS,66216,Open,Mobile Unit/Pushcart,Mobile Unit/Pushcart,,Operational,"6215 Acuff St
Shawnee, KANSAS 66216
(39.015479, -94.755043)"
107818,Seasons 52,Seasons 52,340  Ward Parkway ,,Kansas City ,MISSOURI,64112,Open,Restaurant/Deli 81-90 Employees,Restaurant/Deli,,Operational,"340 Ward Parkway
Kansas City, MISSOURI 64112
(39.040514, -94.591567)"
108008,Joe Joes Catering @ Allen Village (North Campus),Joe Joes Catering @ Allen Village (North Campus),706  42nd,,Kansas City,MISSOURI,64111,Open,School - Private 0-5 Employees,School - Private,,Operational,"706 42nd
Kansas City, MISSOURI 64111
(39.052581, -94.59485)"
108264,Joe's Mini Mart,Joe's Mini Mart,3800 e 39th st,,Kansas City,MISSOURI,64128,Open,Retail Grocery/Market 3001-30000 sq. ft.,Retail Grocery/Market,,Operational,"3800 e 39th st
Kansas City, MISSOURI 64128
(39.054965, -94.539443)"
800360,Shining Stars Catering,Shining Stars Catering,918 Baltimore ,,Kansas City ,MISSOURI,64105,Open,Catering Permit,Catering Permit,,Operational,"918 Baltimore
Kansas City, MISSOURI 64105
(39.102932, -94.584189)"
107929,Picklemans,Picklemans,509 Westport Rd. ,,Kansas City,MISSOURI,64111,Open,Restaurant/Deli 10-20 Employees,Restaurant/Deli,http://jstarke@picklemans.net,Operational,"509 Westport Rd.
Kansas City, MISSOURI 64111
(39.052708, -94.591764)"
108010,Trader Joe's #720 (Demo Area),Trader Joe's #720 (Demo Area),8600  Ward Parkway,Suite 1020,Kansas City,MISSOURI,64114,Open,Restaurant/Deli 10-20 Employees,Restaurant/Deli,,Operational,"8600 Ward Parkway
Kansas City, MISSOURI 64114
(38.971601, -94.60543)"
108157,Quik Trip #234 Market,Quik Trip #234 Market,6400 E 87th st ,,Kansas City ,MISSOURI,64138,Open,Retail Grocery/Market 3001-30000 sq. ft.,Retail Grocery/Market,http://dpopp@quiktrip.com,Operational,"6400 E 87th st
Kansas City, MISSOURI 64138
(38.967222, -94.515168)"
108147,Goodcents Deli Fresh Subs,Goodcents Deli Fresh Subs,6310 N Chatham Ave,,Kansas City,MISSOURI,64151,Open,Restaurant/Deli 6-9 Employees,Restaurant/Deli,,Operational,"6310 N Chatham Ave
Kansas City, MISSOURI 64151
(39.209605, -94.643033)"
107426,Somali Center of Kansas City,Somali Center of Kansas City,1340  Admiral Blvd.,,Kansas City,MISSOURI,64106,Open,Restaurant/Deli 0-5 Employees,Restaurant/Deli,,Operational,"1340 Admiral Blvd.
Kansas City, MISSOURI 64106
(39.105337, -94.56529)"
108335,Mother Earth Coffee,Mother Earth Coffee,3504 Gillham,,Kansas City,MISSOURI,64111,Open,Restaurant/Deli 6-9 Employees,Restaurant/Deli,,Operational,"3504 Gillham
Kansas City, MISSOURI 64111
(39.063492, -94.580993)"
108384,Black Wall Street,Black Wall Street,5908 Prospect,,Kansas City,MISSOURI,64130,Open,Restaurant/Deli 0-5 Employees,Restaurant/Deli,,Operational,"5908 Prospect
Kansas City, MISSOURI 64130
(39.018948, -94.555812)"
108200,Neighborhood Cafe - Waldo,Neighborhood Cafe - Waldo,7531 Wornall Road,,Kansas City,MISSOURI,64114,Open,Restaurant/Deli 21-40 Employees,Restaurant/Deli,,Operational,"7531 Wornall Road
Kansas City, MISSOURI 64114
(38.991896, -94.5943)"
107814,Newsroom Cafe,Newsroom Cafe,11154  Blue Ridge Blvd,,Kansas City,MISSOURI,64134,Open,Restaurant/Deli 0-5 Employees,Restaurant/Deli,,Operational,"11154 Blue Ridge Blvd
Kansas City, MISSOURI 64134
(38.921661, -94.509566)"
108027,Basement Garment House,Basement Garment House,1000  Broadway,,Kansas City ,MISSOURI,64105,Open,Bar/Tavern 10-20 Employees,Bar/Tavern,,Operational,"1000 Broadway
Kansas City, MISSOURI 64105
(39.102181, -94.588308)"
108114,West Bottoms Kitchen,West Bottoms Kitchen,1623 Genessee,,Kansas City ,MISSOURI,64102,Open,Restaurant/Deli 0-5 Employees,Restaurant/Deli,,Operational,"1623 Genessee
Kansas City, MISSOURI 64102
(39.093791, -94.60499)"
108310,The DeLeon Event Space & Chapel,The DeLeon Event Space & Chapel,3235 Gillham,,Kansas City ,MISSOURI,64109,Open,Bar/Tavern 0-5 Employees,Bar/Tavern,,Operational,"3235 Gillham
Kansas City, MISSOURI 64109
(39.067308, -94.579125)"
108263,Q Hot Pot,Q Hot Pot,8610 NW Prairie View Rd. ,,Kansas City,MISSOURI,64153,Open,Restaurant/Deli 0-5 Employees,Restaurant/Deli,,Operational,"8610 NW Prairie View Rd.
Kansas City, MISSOURI 64153
(39.250501, -94.661621)"
535416,Schwan's 18AB0H #535416,Schwan's 18AB0H #535416,6225  NW Kelly Dr,,Parkville,MISSOURI,64152,Open,Truck/Tent Sales,Truck/Tent Sales,,Operational,"6225 NW Kelly Dr
Parkville, MISSOURI 64152
(39.207933, -94.689165)"
107506,Firehouse Subs,Firehouse Subs,8934 NW Skyview Ave,,Kansas City,MISSOURI,64154,Open,Restaurant/Deli 10-20 Employees,Restaurant/Deli,,Operational,"8934 NW Skyview Ave
Kansas City, MISSOURI 64154
(39.257981, -94.651382)"
108297,Eat Fit Go Healthy Foods,Eat Fit Go Healthy Foods,2800 Guinotte Ave,A,Kansas City,MISSOURI,64120,Open,Restaurant/Deli 6-9 Employees,Restaurant/Deli,,Operational,"2800 Guinotte Ave
Kansas City, MISSOURI 64120
(39.119652, -94.546115)"
108087,Texas Tom's,Texas Tom's,6859 East 99th Street,,Kansas City,MISSOURI,64134,Open,Restaurant/Deli 0-5 Employees,Restaurant/Deli,,Operational,"6859 East 99th Street
Kansas City, MISSOURI 64134
(38.945197, -94.509748)"
108102,Starlight Theatre: Taste of Italy,Starlight Theatre: Taste of Italy,4600  Starlight Road,,Kansas City,MISSOURI,64132,Open,Restaurant/Deli 10-20 Employees,Restaurant/Deli,,Operational,"4600 Starlight Road
Kansas City, MISSOURI 64132
(39.009406, -94.532417)"
108098,Starlight Theatre: Backstage Bistro,Starlight Theatre: Backstage Bistro,4600 Starlight Road,,Kansas City ,MISSOURI,64132,Open,Restaurant/Deli 10-20 Employees,Restaurant/Deli,,Operational,"4600 Starlight Road
Kansas City, MISSOURI 64132
(39.009406, -94.532417)"
534216,Royals Stadium Dippin Dots 534216,Royals Stadium Dippin Dots 534216,1 Royal Way,,Kansas City,MISSOURI,64129,Open,Mobile Unit/Pushcart,Mobile Unit/Pushcart,,Operational,"1 Royal Way
Kansas City, MISSOURI 64129
(39.054727, -94.486227)"
108012,Intercontinental Kansas City at the Plaza (Rooftop Bar),Intercontinental Kansas City at the Plaza (Rooftop Bar),401 Ward Parkway,,Kansas City,MISSOURI,64112,Open,Bar/Tavern 21-40 Employees,Bar/Tavern,,Operational,"401 Ward Parkway
Kansas City, MISSOURI 64112
(39.039659, -94.592655)"
108158,Kulture Kurry @ Cerner South,Kulture Kurry @ Cerner South,10236  Marion Park Dr. ,,Kansas City ,MISSOURI,64137,Open,Restaurant/Deli 0-5 Employees,Restaurant/Deli,,Operational,"10236 Marion Park Dr.
Kansas City, MISSOURI 64137
(38.942522, -94.528426)"
800331,New Mark Sunfresh #156 (catering),New Mark Sunfresh #156 (catering),10225 N. Oak Trfwy,,Kansas City,MISSOURI,64155,Open,Catering Permit,Catering Permit,,Operational,"10225 N. Oak Trfwy
Kansas City, MISSOURI 64155
(39.279269, -94.5755)"
107809,Paseo Xpress Mart,Paseo Xpress Mart,4341  Paseo Blvd,,Kansas City,MISSOURI,64110,Open,Retail Grocery/Market Under 3000 sq. ft.,Retail Grocery/Market,,Operational,"4341 Paseo Blvd
Kansas City, MISSOURI 64110
(39.047226, -94.567983)"
108364,Cosentino's Downtown Market - Yahia Kamal,Cosentino's Downtown Market - Yahia Kamal,10 E 13th St,,Kansas City,MISSOURI,64106,Open,Restaurant/Deli 0-5 Employees,Restaurant/Deli,,Operational,"10 E 13th St
Kansas City, MISSOURI 64106
(39.098602, -94.583147)"
108047,Texas Tom's Burgers,Texas Tom's Burgers,5018 NE Parvin Road,,Kansas City,MISSOURI,64117,Open,Restaurant/Deli 6-9 Employees,Restaurant/Deli,,Operational,"5018 NE Parvin Road
Kansas City, MISSOURI 64117
(39.16703, -94.51855)"
108056,Mesob Restaurant,Mesob Restaurant,3600 Broadway,Suite 105,Kansas City,MISSOURI,64111,Open,Restaurant/Deli 0-5 Employees,Restaurant/Deli,,Operational,"3600 Broadway
Kansas City, MISSOURI 64111
(39.061905, -94.590467)"
106977,PepperJax Grill,PepperJax Grill,4179 Sterling Ave,,Kansas City,MISSOURI,64133,Open,Restaurant/Deli 21-40 Employees,Restaurant/Deli,,Operational,"4179 Sterling Ave
Kansas City, MISSOURI 64133
(39.046444, -94.447607)"
107922,Minsky's Pizza,Minsky's Pizza,3063 Southwest Blvd,,Kansas City,MISSOURI,64108,Open,Restaurant/Deli 10-20 Employees,Restaurant/Deli,,Operational,"3063 Southwest Blvd
Kansas City, MISSOURI 64108
(39.072785, -94.606895)"
609010,Wilson's Maple Lemonade,Wilson's Maple Lemonade,10805 W 88th Terr,,Overland Park,KANSAS,66214,Open,Seasonal Permit,Seasonal Permit,,Operational,"10805 W 88th Terr
Overland Park, KANSAS 66214
(38.96794, -94.711543)"
108133,Hampton Inn,Hampton Inn,801 Walnut St.,,Kansas City,MISSOURI,64106,Open,Restaurant/Deli 0-5 Employees,Restaurant/Deli,,Operational,"801 Walnut St.
Kansas City, MISSOURI 64106
(39.104283, -94.581823)"
108165,Brown and Loe Restaurant,Brown and Loe Restaurant,429 Walnut,,Kansas City,MISSOURI,64106,Open,Restaurant/Deli 21-40 Employees,Restaurant/Deli,,Operational,"429 Walnut
Kansas City, MISSOURI 64106
(39.10865, -94.58169)"
609011,Summer Sno Co LLC,Summer Sno Co LLC,10225 N Oak Trfwy,,Kansas City,MISSOURI,64155,Open,Seasonal Permit,Seasonal Permit,,Operational,"10225 N Oak Trfwy
Kansas City, MISSOURI 64155
(39.279269, -94.5755)"
108159,Baccala,Baccala,4704 Independence Ave,,Kansas City ,MISSOURI,64124,Open,Bar/Tavern 0-5 Employees,Bar/Tavern,,Operational,"4704 Independence Ave
Kansas City, MISSOURI 64124
(39.105485, -94.527013)"
108272,Insomnia Cookies,Insomnia Cookies,54 E 14th St.,,Kansas City,MISSOURI,64106,Open,Restaurant/Deli 10-20 Employees,Restaurant/Deli,,Operational,"54 E 14th St.
Kansas City, MISSOURI 64106
(39.097234, -94.582729)"
107429,The Cakery Bread & Bakery Outlet,The Cakery Bread & Bakery Outlet,3033  Prospect Ave.,,Kansas City,MISSOURI,64128,Open,Retail Bakery Under 3000 sq. ft.,Retail Bakery,,Operational,"3033 Prospect Ave.
Kansas City, MISSOURI 64128
(39.071065, -94.552782)"
108058,Elite Cuisine-Penn Valley,Elite Cuisine-Penn Valley,3201 Southwest Trafficway,,Kansas City,MISSOURI,64111,Open,Restaurant/Deli 0-5 Employees,Restaurant/Deli,,Operational,"3201 Southwest Trafficway
Kansas City, MISSOURI 64111
(39.068994, -94.594611)"
107839,The Pool at One Light,The Pool at One Light,1271  Main St,,Kansas City,MISSOURI,64105,Open,Bar/Tavern 21-40 Employees,Bar/Tavern,,Operational,"1271 Main St
Kansas City, MISSOURI 64105
(39.098997, -94.583222)"
106975,Station Coffee,Station Coffee,1010 B Westport Road,,Kansas City,MISSOURI,64111,Open,Restaurant/Deli 6-9 Employees,Restaurant/Deli,,Operational,"1010 B Westport Road
Kansas City, MISSOURI 64111
(39.049843, -94.598993)"
F00085,Rupe Family Farms,Rupe Family Farms,20  E 5th St,,Kansas City,MISSOURI,64105,Open,Farmers Market Permit,Farmers Market Permit,,Operational,"20 E 5th St
Kansas City, MISSOURI 64105
(39.108645, -94.581167)"
541016,Applebee's Food Truck 541016,Applebee's Food Truck 541016,8140 Ward Parkway,Suite 120,Kansas City ,MISSOURI,64114,Open,Mobile Unit/Pushcart,Mobile Unit/Pushcart,,Operational,"8140 Ward Parkway
Kansas City, MISSOURI 64114
(38.980688, -94.606656)"
108226,Rock Stop #4 (Deli),Rock Stop #4 (Deli),14306 E hwy 40,,Kansas City,MISSOURI,64136,Open,Restaurant/Deli 0-5 Employees,Restaurant/Deli,,Operational,"14306 E hwy 40
Kansas City, MISSOURI 64136
(39.035488, -94.41148)"
108291,Summit Grill and Bar KC,Summit Grill and Bar KC,520 W. 75th St. ,,Kansas City ,MISSOURI,64114,Open,Restaurant/Deli 21-40 Employees,Restaurant/Deli,,Operational,"520 W. 75th St.
Kansas City, MISSOURI 64114
(38.992511, -94.596081)"
107683,Guadalupe Center's Academia de Ninos,Guadalupe Center's Academia de Ninos,5203 E. Truman Rd.,,Kansas City,MISSOURI,64127,Open,School - Private 0-5 Employees,School - Private,,Operational,"5203 E. Truman Rd.
Kansas City, MISSOURI 64127
(39.09419, -94.5216)"
108112,Best Host Inn Plaza,Best Host Inn Plaza,5701 Longview Rd. ,,Kansas City ,MISSOURI,64137,Open,Restaurant/Deli 0-5 Employees,Restaurant/Deli,,Operational,"5701 Longview Rd.
Kansas City, MISSOURI 64137
(38.916229, -94.525066)"
108094,Hampton Inn- KCI,Hampton Inn- KCI,11212  N Newark Circle,,Kansas City ,MISSOURI,64153,Open,Restaurant/Deli 0-5 Employees,Restaurant/Deli,,Operational,"11212 N Newark Circle
Kansas City, MISSOURI 64153
(39.297747, -94.682884)"
108233,Tony Aguirre Community Center,Tony Aguirre Community Center,2050  W Pennway,,Kansas City,MISSOURI,64108,Open,Restaurant/Deli 6-9 Employees,Restaurant/Deli,,Operational,"2050 W Pennway
Kansas City, MISSOURI 64108
(39.088496, -94.594597)"
107539,The Station #2 (deli),The Station #2 (deli),8050 N. Brighton,,Kansas City,MISSOURI,64119,Open,Restaurant/Deli 10-20 Employees,Restaurant/Deli,,Operational,"8050 N. Brighton
Kansas City, MISSOURI 64119
(39.239682, -94.520715)"
F00052,Skyview Farm & Creamery,Skyview Farm & Creamery,6675 Holmes,,Kansas City,MISSOURI,64131,Open,Farmers Market Permit,Farmers Market Permit,,Operational,"6675 Holmes
Kansas City, MISSOURI 64131
(39.007093, -94.579518)"
108019,Java Garage,Java Garage,1413 W 11th,,Kansas City,MISSOURI,64101,Open,Restaurant/Deli 0-5 Employees,Restaurant/Deli,,Operational,"1413 W 11th
Kansas City, MISSOURI 64101
(39.101653, -94.602119)"
108278,Mudbug Cajun Po'Boys,Mudbug Cajun Po' Boys,4702 NE Vivion,,Kansas City,MISSOURI,64119,Open,Restaurant/Deli 0-5 Employees,Restaurant/Deli,,Operational,"4702 NE Vivion
Kansas City, MISSOURI 64119
(39.18797, -94.524701)"
108304,Top Hat Mercantile,Top Hat Mercantile,1285 Hickory St,,Kansas City ,MISSOURI,64101,Open,Restaurant/Deli 0-5 Employees,Restaurant/Deli,,Operational,"1285 Hickory St
Kansas City, MISSOURI 64101
(39.099769, -94.601497)"
800319,Leinenkugel Kansas City Catering,Leinenkugel Kansas City Catering,1323  Walnut,,Kansas City ,MISSOURI,64105,Open,Catering Permit,Catering Permit,http://Lindsay@powerandlightdistrict.,Operational,"1323 Walnut
Kansas City, MISSOURI 64105
(39.098114, -94.582179)"
108367,Treat America @ Cerner CK 3rd Floor South,Treat America @ Cerner CK 3rd Floor South,8779 Hillcrest Rd,1024,Kansas City,MISSOURI,64138,Open,Retail Grocery/Market Under 3000 sq. ft.,Retail Grocery/Market,,Operational,"8779 Hillcrest Rd
Kansas City, MISSOURI 64138
(38.966511, -94.514786)"
108380,J.R.'s Mini Mart (deli),J.R.'s Mini Mart (deli),7344  Troost Ave.,,Kansas City,MISSOURI,64131,Open,Restaurant/Deli 0-5 Employees,Restaurant/Deli,,Operational,"7344 Troost Ave.
Kansas City, MISSOURI 64131
(38.993641, -94.575552)"
108066,Landmark International Worship Center Kitchen,Landmark International Worship Center Kitchen,8719 Sni-A-Bar Rd.,,Kansas City,MISSOURI,64129,Open,Restaurant/Deli 0-5 Employees,Restaurant/Deli,,Operational,"8719 Sni-A-Bar Rd.
Kansas City, MISSOURI 64129
(39.031101, -94.480893)"
108105,Simply the Best Cuisine,Simply the Best Cuisine,5440 BlueRidge Cut-off,,Kansas City,MISSOURI,64133,Open,Restaurant/Deli 0-5 Employees,Restaurant/Deli,,Operational,"5440 BlueRidge Cut-off
Kansas City, MISSOURI 64133
(39.025826, -94.481259)"
800332,Somali Center of Kansas City (catering),Somali Center of Kansas City (catering),1340  Admiral,,Kansas City,MISSOURI,64106,Open,Catering Permit,Catering Permit,,Operational,"1340 Admiral
Kansas City, MISSOURI 64106
(39.105337, -94.56529)"
108092,Eat & Run,Eat & Run,4302 Woodland Ave,,Kansas City,MISSOURI,64110,Open,Restaurant/Deli 0-5 Employees,Restaurant/Deli,,Operational,"4302 Woodland Ave
Kansas City, MISSOURI 64110
(39.048546, -94.563265)"
107914,Prospect Stop and More (deli),Prospect Stop and More (deli),3901 Prospect Ave.,,Kansas City,MISSOURI,64130,Open,Restaurant/Deli 0-5 Employees,Restaurant/Deli,,Operational,"3901 Prospect Ave.
Kansas City, MISSOURI 64130
(39.055237, -94.553597)"
107685,M T Plate Cafe,M T Plate Cafe,2300 Main St.,,Kansas City,MISSOURI,64108,Open,Restaurant/Deli 0-5 Employees,Restaurant/Deli,,Operational,"2300 Main St.
Kansas City, MISSOURI 64108
(39.085809, -94.583929)"
108232,Metropolitan Community College Business and Technology Bookstore,Metropolitan Community College Business and Technology Bookstore,1775  Universal,,Kansas City,MISSOURI,64120,Open,Restaurant/Deli 0-5 Employees,Restaurant/Deli,,Operational,"1775 Universal
Kansas City, MISSOURI 64120
(39.139476, -94.505796)"
107682,Ollie's Local,Ollie's Local,3044 Gillham Dr.,,Kansas City,MISSOURI,64108,Open,Restaurant/Deli 6-9 Employees,Restaurant/Deli,,Operational,"3044 Gillham Dr.
Kansas City, MISSOURI 64108
(39.071764, -94.578841)"
523016,Chunky Al's 523016,Chunky Al's 523016,7601 Westridge,,Kansas City,MISSOURI,64138,Open,Mobile Unit/Pushcart,Mobile Unit/Pushcart,,Operational,"7601 Westridge
Kansas City, MISSOURI 64138
(38.983311, -94.441323)"
108388,Worlds Liquors #2,Worlds Liquors #2,600 NW 68th St,,Kansas City,MISSOURI,64118,Open,Retail Grocery/Market Under 3000 sq. ft.,Retail Grocery/Market,,Operational,"600 NW 68th St
Kansas City, MISSOURI 64118
(39.217392, -94.588027)"
108250,Headlights Bar and Grill,Headlights Bar and Grill,1036 N. Agnes,,Kansas City,MISSOURI,64120,Open,Restaurant/Deli 0-5 Employees,Restaurant/Deli,,Operational,"1036 N. Agnes
Kansas City, MISSOURI 64120
(39.127438, -94.545558)"
527716,Sprint Center - Bar #2 (115) 527716,Sprint Center - Bar #2 (115) 527716,1407  Grand,,Kansas City,MISSOURI,64106,Open,Mobile Unit/Pushcart,Mobile Unit/Pushcart,,Operational,"1407 Grand
Kansas City, MISSOURI 64106
(39.096868, -94.581061)"
108235,Marlborough Community Center,Marlborough Community Center,8200 Paseo Blvd. ,,Kansas City,MISSOURI,64131,Open,Restaurant/Deli 0-5 Employees,Restaurant/Deli,,Operational,"8200 Paseo Blvd.
Kansas City, MISSOURI 64131
(38.978826, -94.56708)"
108071,Hong Kong Supermarket (deli),Hong Kong Supermarket (deli),6421  E Truman Rd,,Kansas City,MISSOURI,64126,Open,Restaurant/Deli 0-5 Employees,Restaurant/Deli,,Operational,"6421 E Truman Rd
Kansas City, MISSOURI 64126
(39.093808, -94.506996)"
108255,MCC Penn Valley Bookstore,MCC Penn Valley Bookstore,3201 SW Trafficway,,Kansas City,MISSOURI,64111,Open,Retail Grocery/Market Under 3000 sq. ft.,Retail Grocery/Market,,Operational,"3201 SW Trafficway
Kansas City, MISSOURI 64111
(39.068994, -94.594611)"
609012,Hawaiian Ice,Hawaiian Ice,6300 N Revere Dr,,Kansas City,MISSOURI,64151,Open,Seasonal Permit,Seasonal Permit,,Operational,"6300 N Revere Dr
Kansas City, MISSOURI 64151
(39.20813, -94.65164)"
108298,Brewery Emperial,Brewery Emperial,1829  Oak Street,,Kansas City,MISSOURI,64108,Open,Restaurant/Deli 10-20 Employees,Restaurant/Deli,,Operational,"1829 Oak Street
Kansas City, MISSOURI 64108
(39.090659, -94.579009)"
108064,Valero Quick Stop Deli,Valero Quick Stop Deli,8105 East Bannister Road,,Kansas City,MISSOURI,64134,Open,Restaurant/Deli 0-5 Employees,Restaurant/Deli,,Operational,"8105 East Bannister Road
Kansas City, MISSOURI 64134
(38.951752, -94.494405)"
107949,Subway,Subway,905 Broadway Blvd,,Kansas City,MISSOURI,64105,Open,Restaurant/Deli 0-5 Employees,Restaurant/Deli,,Operational,"905 Broadway Blvd
Kansas City, MISSOURI 64105
(39.103431, -94.588272)"
800323,Pizza Bar (catering),Pizza Bar (catering),1320 Grand Blvd,,Kansas City,MISSOURI,64108,Open,Catering Permit,Catering Permit,,Operational,"1320 Grand Blvd
Kansas City, MISSOURI 64108
(39.09781, -94.581013)"
108341,Treat America @ Cerner Starbucks Connections,Treat America @ Cerner Starbucks Connections,8779 Hillcrest,Bld 1024,Kansas City,MISSOURI,64138,Open,Restaurant/Deli 0-5 Employees,Restaurant/Deli,,Operational,"8779 Hillcrest
Kansas City, MISSOURI 64138
(38.966511, -94.514786)"
800330,Price Choppper #102 Catering,Price Choppper #102 Catering,1030 W 103rd street,,Kansas City,MISSOURI,64114,Open,Catering Permit,Catering Permit,http://Calliec@consentinos.com,Operational,"1030 W 103rd street
Kansas City, MISSOURI 64114
(38.941946, -94.605487)"
107918,Wing Stop #1061,Wing Stop #1061,4203 E. 50th Terr.,,Kansas City,MISSOURI,64130,Open,Restaurant/Deli 10-20 Employees,Restaurant/Deli,,Operational,"4203 E. 50th Terr.
Kansas City, MISSOURI 64130
(39.03382, -94.53606)"
536116,Schwan's 4A222A #536116,Schwan's 4A222A #536116,6225 NW Kelly Dr,,Parkville,MISSOURI,64152,Open,Truck/Tent Sales,Truck/Tent Sales,,Operational,"6225 NW Kelly Dr
Parkville, MISSOURI 64152
(39.207933, -94.689165)"
538416,Jimmy Mac's 538416,Jimmy Mac's 538416,3940  Bales ,,Kansas City ,MISSOURI,64130,Open,Mobile Unit/Pushcart,Mobile Unit/Pushcart,,Operational,"3940 Bales
Kansas City, MISSOURI 64130
(39.053588, -94.543311)"
107172,Unbakery & Juicery,Unbakery & Juicery,634 East 63rd,,Kansas Cty,MISSOURI,64110,Open,Restaurant/Deli 0-5 Employees,Restaurant/Deli,http://RobinKrausekc@gmail.com,Operational,"634 East 63rd
Kansas Cty, MISSOURI 64110
(39.01349, -94.5801)"
108299,Popeye's #12358,Popeye's #12358,6901 NW 83rd Ter,,Kansas City,MISSOURI,64152,Open,Restaurant/Deli 21-40 Employees,Restaurant/Deli,,Operational,"6901 NW 83rd Ter
Kansas City, MISSOURI 64152
(39.245662, -94.660484)"
107920,The Filling Station,The Filling Station,2980 McGee,,Kansas City,MISSOURI,64108,Open,Restaurant/Deli 10-20 Employees,Restaurant/Deli,,Operational,"2980 McGee
Kansas City, MISSOURI 64108
(39.07282, -94.578113)"
106981,Sharx,Sharx,8785 Blue Ridge Blvd.,,Kansas City,MISSOURI,64138,Open,Restaurant/Deli 0-5 Employees,Restaurant/Deli,,Operational,"8785 Blue Ridge Blvd.
Kansas City, MISSOURI 64138
(38.964306, -94.499032)"
107827,Minit Mart (deli),Minit Mart (deli),9901 NE Barry Rd,,Kansas City ,MISSOURI,64157,Open,Restaurant/Deli 21-40 Employees,Restaurant/Deli,,Operational,"9901 NE Barry Rd
Kansas City, MISSOURI 64157
(39.244636, -94.461267)"
107773,Minit Mart (market),Minit Mart (market),9917 E Bannister,,Kansas City,MISSOURI,64134,Open,Retail Grocery/Market Under 3000 sq. ft.,Retail Grocery/Market,,Operational,"9917 E Bannister
Kansas City, MISSOURI 64134
(38.950636, -94.466554)"
108059,Trubalance Nutrition and Fitness,Trubalance Nutrition and Fitness,9249  Ward Parkway ,,Kansas City,MISSOURI,64114,Open,Restaurant/Deli 0-5 Employees,Restaurant/Deli,,Operational,"9249 Ward Parkway
Kansas City, MISSOURI 64114
(38.959443, -94.595734)"
108331,QuikTrip #229 (Market),QuikTrip #229 (Market),7100 NE Parvin Road,,Kansas City,MISSOURI,64117,Open,Retail Grocery/Market 3001-30000 sq. ft.,Retail Grocery/Market,,Operational,"7100 NE Parvin Road
Kansas City, MISSOURI 64117
(39.168878, -94.496759)"
108061,Meshuggah Bagels,Meshuggah Bagels,1208  W. 39th St. ,,Kansas City,MISSOURI,64111,Open,Restaurant/Deli 0-5 Employees,Restaurant/Deli,,Operational,"1208 W. 39th St.
Kansas City, MISSOURI 64111
(39.057124, -94.601049)"
108207,Johnny Kaw's,Johnny Kaw's,504  Westport Rd. ,,Kansas City,MISSOURI,64111,Open,Bar/Tavern 10-20 Employees,Bar/Tavern,,Operational,"504 Westport Rd.
Kansas City, MISSOURI 64111
(39.052718, -94.591745)"
108204,Al Laith Supermarket Bakery,Al Laith Supermarket Bakery,1602  NE Parvin Rd,,Kansas City ,MISSOURI,64116,Open,Retail Bakery Under 3000 sq. ft.,Retail Bakery,,Operational,"1602 NE Parvin Rd
Kansas City, MISSOURI 64116
(39.166657, -94.560201)"
108205,Al Laith Supermarket,Al Laith Supermarket,1602 NE Parvin Rd,,Kansas City ,MISSOURI,64116,Open,Retail Grocery/Market Under 3000 sq. ft.,Retail Grocery/Market,,Operational,"1602 NE Parvin Rd
Kansas City, MISSOURI 64116
(39.166657, -94.560201)"
F00086,Cheshire & Co Sweet Shoppe,Cheshire & Co Sweet Shoppe,20 E 5th,,Kansas City,MISSOURI,64106,Open,Farmers Market Permit,Farmers Market Permit,,Operational,"20 E 5th
Kansas City, MISSOURI 64106
(39.108645, -94.581167)"
108093,Portico Coffee Shop,Portico Coffee Shop,5460  Blue Ridge Cutoff,,Kansas City,MISSOURI,64133,Open,Restaurant/Deli 0-5 Employees,Restaurant/Deli,http://cmeador@visitgraceway.org,Operational,"5460 Blue Ridge Cutoff
Kansas City, MISSOURI 64133
(39.024438, -94.48133)"
108085,Intercontinental Kansas City at the Plaza (Concierge Lounge),Intercontinental Kansas City at the Plaza (Concierge Lounge),401 Ward Parkway,,Kansas City,MISSOURI,64112,Open,Restaurant/Deli 21-40 Employees,Restaurant/Deli,,Operational,"401 Ward Parkway
Kansas City, MISSOURI 64112
(39.039659, -94.592655)"
108202,Research Coffee Shop,Research Coffee Shop,2316 E Meyer Blvd,,Kansas City ,MISSOURI,64132,Open,Restaurant/Deli 0-5 Employees,Restaurant/Deli,,Operational,"2316 E Meyer Blvd
Kansas City, MISSOURI 64132
(39.007169, -94.558731)"
107811,t. Loft,t. Loft,200 W 47th,,Kansas City,MISSOURI,64112,Open,Restaurant/Deli 21-40 Employees,Restaurant/Deli,,Operational,"200 W 47th
Kansas City, MISSOURI 64112
(39.042303, -94.589682)"
108215,Chiefs Aramark Stand 122C,Chiefs Aramark Stand 122C,1  Red Coat Lane,,Kansas City,MISSOURI,64129,Open,Restaurant/Deli 10-20 Employees,Restaurant/Deli,,Operational,"1 Red Coat Lane
Kansas City, MISSOURI 64129
(39.046976, -94.484283)"
107841,Good Trip,Good Trip,2711 Indiana Ave,,Kansas City,MISSOURI,64128,Open,Retail Grocery/Market Under 3000 sq. ft.,Retail Grocery/Market,,Operational,"2711 Indiana Ave
Kansas City, MISSOURI 64128
(39.076423, -94.543295)"
107925,Club 1000 2nd Floor,Club 1000 2nd Floor,1000 Broadway,,Kansas City,MISSOURI,64105,Open,Bar/Tavern 10-20 Employees,Bar/Tavern,,Operational,"1000 Broadway
Kansas City, MISSOURI 64105
(39.102181, -94.588308)"
108044,Leinenkugel's,Leinenkugel's,1323 Walnut,,Kansas City,MISSOURI,64105,Open,Restaurant/Deli 21-40 Employees,Restaurant/Deli,,Operational,"1323 Walnut
Kansas City, MISSOURI 64105
(39.098114, -94.582179)"
F00083,Just Enough Heat,Just Enough Heat,20 East 5th Street,,Kansas City,MISSOURI,64106,Open,Farmers Market Permit,Farmers Market Permit,,Operational,"20 East 5th Street
Kansas City, MISSOURI 64106
(39.108645, -94.581167)"
107171,Never On Sunday Greek Restaurant,Never On Sunday Greek Restaurant,9932 Holmes Rd,,Kansas City ,MISSOURI,64131,Open,Restaurant/Deli 0-5 Employees,Restaurant/Deli,http://inend@yahoo.com,Operational,"9932 Holmes Rd
Kansas City, MISSOURI 64131
(38.946552, -94.582428)"
800333,RC's Restaurant (Catering),RC's Restaurant (Catering),330  E 135th St.,,Kansas City,MISSOURI,64145,Open,Catering Permit,Catering Permit,,Operational,"330 E 135th St.
Kansas City, MISSOURI 64145
(38.882641, -94.591547)"
107836,Vom Fass,Vom Fass,515  Nichols Rd,,Kansas City,MISSOURI,64112,Open,Retail Grocery/Market Under 3000 sq. ft.,Retail Grocery/Market,,Operational,"515 Nichols Rd
Kansas City, MISSOURI 64112
(39.04137, -94.59452)"
107758,Bob Wasabi Kitchen,Bob Wasabi Kitchen,1726 W 39th ST,,Kansas City ,MISSOURI,64111,Open,Restaurant/Deli 6-9 Employees,Restaurant/Deli,http://robertshin1227@gmail.com,Operational,"1726 W 39th ST
Kansas City, MISSOURI 64111
(39.05727, -94.605272)"
108213,Joe Joe's Catering @ Citizens of the World,Joe Joe's Catering @ Citizens of the World,3435  Broadway,,Kansas City,MISSOURI,64111,Open,School - Private 0-5 Employees,School - Private,,Operational,"3435 Broadway
Kansas City, MISSOURI 64111
(39.064473, -94.590312)"
107917,Red Bridge Market,Red Bridge Market,3601  E Red Bridge Rd,,Kansas City,MISSOURI,64137,Open,Retail Grocery/Market Under 3000 sq. ft.,Retail Grocery/Market,,Operational,"3601 E Red Bridge Rd
Kansas City, MISSOURI 64137
(38.924478, -94.548347)"
108138,Cafe Europa,Cafe Europa,323 East 55th St. ,,Kansas City,MISSOURI,64113,Open,Restaurant/Deli 21-40 Employees,Restaurant/Deli,,Operational,"323 East 55th St.
Kansas City, MISSOURI 64113
(39.027531, -94.58363)"
107169,Latino American Restaurant,Latino American Restaurant,15014  40 highway,,Kansas City ,MISSOURI,64136,Open,Restaurant/Deli 0-5 Employees,Restaurant/Deli,,Operational,"15014 40 highway
Kansas City, MISSOURI 64136
(39.03492, -94.399051)"
108046,816 Hotel,816 Hotel,801  Westport Rd. ,,Kansas City,MISSOURI,64111,Open,Restaurant/Deli 0-5 Employees,Restaurant/Deli,,Operational,"801 Westport Rd.
Kansas City, MISSOURI 64111
(39.051283, -94.595487)"
108342,Treat America @ Cerner Swadesh/Pangea Connection,Treat America @ Cerner Swadesh/Pangea Connection,8779 Hillcrest ,Bld 1024,Kansas City,MISSOURI,64138,Open,Restaurant/Deli 10-20 Employees,Restaurant/Deli,,Operational,"8779 Hillcrest
Kansas City, MISSOURI 64138
(38.966511, -94.514786)"
108119,Boulevard Brewing Co. Beer Hall,Boulevard Brewing Co. Beer Hall,2534  Madison Avenue,,Kansas City,MISSOURI,64108,Open,Restaurant/Deli 21-40 Employees,Restaurant/Deli,,Operational,"2534 Madison Avenue
Kansas City, MISSOURI 64108
(39.081307, -94.595181)"
527116,Soldier Dogggz 527116,Soldier Dogggz 527116,1457  NE Hillside Terr,303,Kansas City ,MISSOURI,64116,Open,Mobile Unit/Pushcart,Mobile Unit/Pushcart,,Operational,"1457 NE Hillside Terr
Kansas City, MISSOURI 64116
(39.150964, -94.563325)"
108089,Comfort Inn & Suites (Market),Comfort Inn & Suites (Market),7300 NE Parvin Rd. ,,Kansas City,MISSOURI,64117,Open,Retail Grocery/Market Under 3000 sq. ft.,Retail Grocery/Market,,Operational,"7300 NE Parvin Rd.
Kansas City, MISSOURI 64117
(39.168392, -94.494594)"
501816,Sno Flower Shaved Ice 501816,Sno Flower Shaved Ice 501816,12201  Mohawk ,,Leawood,KANSAS,66209,Open,Mobile Unit/Pushcart,Mobile Unit/Pushcart,,Operational,"12201 Mohawk
Leawood, KANSAS 66209
(38.906293, -94.629477)"
107804,Circle K Store #2721626 - Food Service,Circle K Store #2721626 - Food Service,649 E. Bannister Road,,Kansas City,MISSOURI,64131,Open,Restaurant/Deli 6-9 Employees,Restaurant/Deli,,Operational,"649 E. Bannister Road
Kansas City, MISSOURI 64131
(38.95549, -94.582547)"
800307,Waldo Pizza (catering),Waldo Pizza (catering),7433 Broadway,,Kansas City,MISSOURI,64114,Open,Catering Permit,Catering Permit,,Operational,"7433 Broadway
Kansas City, MISSOURI 64114
(38.992956, -94.593813)"
108177,American Food and Vending Srvs of MO Benjamin Banneker,American Food and Vending Srvs of MO Benjamin Banneker,6401  Rockhill Road ,,Kansas City ,MISSOURI,64132,Open,School - Private 0-5 Employees,School - Private,,Operational,"6401 Rockhill Road
Kansas City, MISSOURI 64132
(39.010953, -94.576989)"
800328,Granfalloon Restaurant & Bar (Catering),Granfalloon Restaurant & Bar (Catering),608  Ward Parkway,,Kansas City,MISSOURI,64112,Open,Catering Permit,Catering Permit,,Operational,"608 Ward Parkway
Kansas City, MISSOURI 64112
(39.039951, -94.594823)"
108075,KC Mingles,KC Mingles,8625 Troost Ave,,Kansas City ,MISSOURI,64131,Open,Restaurant/Deli 10-20 Employees,Restaurant/Deli,,Operational,"8625 Troost Ave
Kansas City, MISSOURI 64131
(38.971797, -94.57661)"
502316,Wings-N-Things Express 502316,Wings-N-Things Express 502316,3919 Campbell ,,Kansas City ,MISSOURI,64110,Open,Mobile Unit/Pushcart,Mobile Unit/Pushcart,,Operational,"3919 Campbell
Kansas City, MISSOURI 64110
(39.055374, -94.574515)"
516816,The Casual Foodie 516816,The Casual Foodie 516816,10916 W 71st St,,Shawnee ,KANSAS,66203,Open,Mobile Unit/Pushcart,Mobile Unit/Pushcart,,Operational,"10916 W 71st St
Shawnee, KANSAS 66203
(38.999957, -94.713153)"
107770,Wings Cafe,Wings Cafe,3927  Broadway ,,Kansas City ,MISSOURI,64111,Open,Restaurant/Deli 6-9 Employees,Restaurant/Deli,http://lredwood1@gmail.com,Operational,"3927 Broadway
Kansas City, MISSOURI 64111
(39.055574, -94.590834)"
108368,Treat America @ Cerner CK 4th Floor North,Treat America @ Cerner CK 4th Floor North,8779 Hillcrest Rd,1024,Kansas City,MISSOURI,64138,Open,Retail Grocery/Market Under 3000 sq. ft.,Retail Grocery/Market,,Operational,"8779 Hillcrest Rd
Kansas City, MISSOURI 64138
(38.966511, -94.514786)"
108266,Trago,Trago,9261 NE 83rd Terr,,Kansas City,MISSOURI,64158,Open,Restaurant/Deli 21-40 Employees,Restaurant/Deli,,Operational,"9261 NE 83rd Terr
Kansas City, MISSOURI 64158
(39.243363, -94.462082)"
502116,The Carlsons Sandwiches & Wraps (502116),The Carlsons Sandwiches & Wraps (502116),5831 NW Lakeview Drive,,Kansas City,MISSOURI,64118,Open,Mobile Unit/Pushcart,Mobile Unit/Pushcart,,Operational,"5831 NW Lakeview Drive
Kansas City, MISSOURI 64118
(39.201776, -94.590548)"
108168,KC Univ of Med and Biosciences - Cottonwood Cafe,KC Univ of Med and Biosciences - Cottonwood Cafe,1750  Independence Ave,,Kansas City,MISSOURI,64106,Open,Restaurant/Deli 6-9 Employees,Restaurant/Deli,,Operational,"1750 Independence Ave
Kansas City, MISSOURI 64106
(39.106654, -94.560738)"
108311,South Side Mafia Pizzeria,South Side Mafia Pizzeria,10328 Blue Ridge Blvd ,,Kansas City ,MISSOURI,64134,Open,Restaurant/Deli 0-5 Employees,Restaurant/Deli,,Operational,"10328 Blue Ridge Blvd
Kansas City, MISSOURI 64134
(38.936951, -94.508583)"
108022,Krokstrom Klubb & Market,Krokstrom Klubb & Market,3601 Broadway Blvd. ,,Kansas City,MISSOURI,64111,Open,Restaurant/Deli 10-20 Employees,Restaurant/Deli,,Operational,"3601 Broadway Blvd.
Kansas City, MISSOURI 64111
(39.061941, -94.590465)"
108196,Courtyard/Residence Inn Kansas City Downtown Convention Center (No,Courtyard/Residence Inn Kansas City Downtown Convention Center (No,1535 Baltimore,,Kansas City,MISSOURI,64108,Open,Restaurant/Deli 10-20 Employees,Restaurant/Deli,,Operational,"1535 Baltimore
Kansas City, MISSOURI 64108
(39.095032, -94.584569)"
108077,Kansas City Kitchen,Kansas City Kitchen,3906 Waddell Ave. ,,Kansas City,MISSOURI,64111,Open,Restaurant/Deli 6-9 Employees,Restaurant/Deli,,Operational,"3906 Waddell Ave.
Kansas City, MISSOURI 64111
(39.056277, -94.595819)"
107762,Howard's,Howard's,1708  Oak ,,Kansas City ,MISSOURI,64108,Open,Restaurant/Deli 0-5 Employees,Restaurant/Deli,,Operational,"1708 Oak
Kansas City, MISSOURI 64108
(39.093161, -94.578888)"
108337,TownePlace Suites,TownePlace Suites,11812 NW Plaza Circle,,Kansas City,MISSOURI,64153,Open,Restaurant/Deli 0-5 Employees,Restaurant/Deli,,Operational,"11812 NW Plaza Circle
Kansas City, MISSOURI 64153
(39.307455, -94.684099)"
108303,Popcorn Heaven,Popcorn Heaven,536 Westport Rd.,,Kansas City,MISSOURI,64111,Open,Restaurant/Deli 0-5 Employees,Restaurant/Deli,,Operational,"536 Westport Rd.
Kansas City, MISSOURI 64111
(39.0523, -94.59259)"
108164,QuikTrip #168 Deli,QuikTrip #168 Deli,10232 Wornall Road,,Kansas City,MISSOURI,64114,Open,Restaurant/Deli 10-20 Employees,Restaurant/Deli,,Operational,"10232 Wornall Road
Kansas City, MISSOURI 64114
(38.942832, -94.596571)"
108048,Brothers Grocery Store,Brothers Grocery Store,400 Brooklyn,,Kansas City,MISSOURI,64124,Open,Retail Grocery/Market Under 3000 sq. ft.,Retail Grocery/Market,,Operational,"400 Brooklyn
Kansas City, MISSOURI 64124
(39.109519, -94.555481)"
536016,Schwan's 0A455A #536016,Schwan's 0A455A #536016,6225  NW Kelly Drive,,Parkville,MISSOURI,64152,Open,Truck/Tent Sales,Truck/Tent Sales,,Operational,"6225 NW Kelly Drive
Parkville, MISSOURI 64152
(39.207933, -94.689165)"
108172,American Food and Vending Service of Missouri at KIPP Endeavor Aca,American Food and Vending Service of Missouri at KIPP Endeavor Aca,2700 E 18th Street,,Kansas City ,MISSOURI,64127,Open,School - Public 0-5 Employees,School - Public; School - Public,,Operational,"2700 E 18th Street
Kansas City, MISSOURI 64127
(39.090781, -94.55084)"
108195,Percy's Bar & D's Kitchen,Percy's Bar & D's Kitchen,7500  Oldham,,Kansas City,MISSOURI,64138,Open,Restaurant/Deli 0-5 Employees,Restaurant/Deli,,Operational,"7500 Oldham
Kansas City, MISSOURI 64138
(38.984571, -94.511225)"
108128,Fusion Buffet,Fusion Buffet,4039 Mill St. ,,Kansas City,MISSOURI,64111,Open,Restaurant/Deli 6-9 Employees,Restaurant/Deli,,Operational,"4039 Mill St.
Kansas City, MISSOURI 64111
(39.053515, -94.593902)"
514616,PepperJax Philly Express 514616,PepperJax Philly Express 514616,14700 Dory Court,,Apple Valley,MINNESOTA,55124,Open,Mobile Unit/Pushcart,Mobile Unit/Pushcart,,Operational,"14700 Dory Court
Apple Valley, MINNESOTA 55124
(44.737376, -93.15988)"
517116,Casa Agave 517116,Casa Agave 517116,1340 Village West Pkwy,,Kansas City,KANSAS,66111,Open,Mobile Unit/Pushcart,Mobile Unit/Pushcart,,Operational,"1340 Village West Pkwy
Kansas City, KANSAS 66111
(39.120071, -94.819739)"
F00087,Peacefull Hills Farm,Peacefull Hills Farm,1644 Wyandotte St,,Kansas CIty,MISSOURI,64108,Open,Farmers Market Permit,Farmers Market Permit,,Operational,"1644 Wyandotte St
Kansas CIty, MISSOURI 64108
(39.092999, -94.585917)"
108274,Double M Market,Double M Market,5749 Prospect ,,Kansas City ,MISSOURI,64130,Open,Retail Grocery/Market Under 3000 sq. ft.,Retail Grocery/Market,,Operational,"5749 Prospect
Kansas City, MISSOURI 64130
(39.021284, -94.555514)"
S0059,PJ's Snacks,PJ's Snacks,407  Manor Dr,,Belton,MISSOURI,64012,Open,Sampling Permit,Sampling Permit,,Operational,"407 Manor Dr
Belton, MISSOURI 64012
(38.821704, -94.538783)"
107833,Minit Mart (market),Minit Mart (market),10245 State Line Rd,,Kansas City,MISSOURI,64114,Open,Retail Grocery/Market 3001-30000 sq. ft.,Retail Grocery/Market,,Operational,"10245 State Line Rd
Kansas City, MISSOURI 64114
(38.942936, -94.608074)"
108351,Bory Ramen,Bory Ramen,500  West 75th Street,,Kansas City,MISSOURI,64114,Open,Restaurant/Deli 21-40 Employees,Restaurant/Deli,,Operational,"500 West 75th Street
Kansas City, MISSOURI 64114
(38.992484, -94.59536)"
108334,Best Western Plus,Best Western Plus,11130  NW Ambassador Drive,,Kansas City,MISSOURI,64153,Open,Restaurant/Deli 0-5 Employees,Restaurant/Deli,,Operational,"11130 NW Ambassador Drive
Kansas City, MISSOURI 64153
(39.29365, -94.681716)"
108065,Valero Quick Stop (market),Valero Quick Stop (market),8105 East Bannister Road,,Kansas City,MISSOURI,64134,Open,Retail Grocery/Market Under 3000 sq. ft.,Retail Grocery/Market,,Operational,"8105 East Bannister Road
Kansas City, MISSOURI 64134
(38.951752, -94.494405)"
107831,Minit Mart (market),Minit Mart (market),7447 State Line,,Kansas City,MISSOURI,64114,Open,Retail Grocery/Market Under 3000 sq. ft.,Retail Grocery/Market,,Operational,"7447 State Line
Kansas City, MISSOURI 64114
(38.993704, -94.60794)"
517216,Kona Ice 517216,Kona Ice 517216,8224   Summit ,,Kansas City ,MISSOURI,64114,Open,Mobile Unit/Pushcart,Mobile Unit/Pushcart,,Operational,"8224 Summit
Kansas City, MISSOURI 64114
(38.978858, -94.599532)"
527216,Pip's Burgers Argosy Riverside Casino 527216,Pip's Burgers Argosy Riverside Casino 527216,777 NW Argosy Pkwy ,,Riverside ,MISSOURI,64150,Open,Mobile Unit/Pushcart,Mobile Unit/Pushcart,,Operational,"777 NW Argosy Pkwy
Riverside, MISSOURI 64150
(39.162083, -94.620495)"
108095,Estilo Rancho Mexican Grill & Cantina,Estilo Rancho Mexican Grill & Cantina,6427 N Cosby,,Kansas City,MISSOURI,64151,Open,Restaurant/Deli 21-40 Employees,Restaurant/Deli,,Operational,"6427 N Cosby
Kansas City, MISSOURI 64151
(39.213298, -94.646266)"
535916,Schwan's 80A9JT #535916,Schwan's 80A9JT #535916,6225 NW Kelly Drive,,Parkville,MISSOURI,64152,Open,Truck/Tent Sales,Truck/Tent Sales,,Operational,"6225 NW Kelly Drive
Parkville, MISSOURI 64152
(39.207933, -94.689165)"
107942,Royals Aramark Barrel Bar (317),Royals Aramark Barrel Bar (317),1 Royals Way,,Kansas City,MISSOURI,64129,Open,Bar/Tavern 0-5 Employees,Bar/Tavern,,Operational,"1 Royals Way
Kansas City, MISSOURI 64129
(39.054727, -94.486227)"
107821,Minit Mart (deli),Minit Mart (deli),7900  Wornall,,Kansas City,MISSOURI,64114,Open,Restaurant/Deli 10-20 Employees,Restaurant/Deli,,Operational,"7900 Wornall
Kansas City, MISSOURI 64114
(38.984597, -94.594585)"
108339,Kentucky Fried Chicken #5388,Kentucky Fried Chicken #5388,9551 NE 83rd Ter,,Kansas City,MISSOURI,64158,Open,Restaurant/Deli 21-40 Employees,Restaurant/Deli,,Operational,"9551 NE 83rd Ter
Kansas City, MISSOURI 64158
(39.243567, -94.4632)"
107530,Five Guys Burgers & Fries,Five Guys Burgers & Fries,5223 NE Antioch Rd.,,Kansas City,MISSOURI,64119,Open,Restaurant/Deli 10-20 Employees,Restaurant/Deli,,Operational,"5223 NE Antioch Rd.
Kansas City, MISSOURI 64119
(39.188813, -94.548789)"
108333,Tavernonna Italian Kitchen,Tavernonna Italian Kitchen,106 W 12th St ,,Kansas City ,MISSOURI,64105,Open,Restaurant/Deli 10-20 Employees,Restaurant/Deli,,Operational,"106 W 12th St
Kansas City, MISSOURI 64105
(39.099978, -94.584514)"
107911,Prime Sushi,Prime Sushi,4980  Main St,,Kansas City,MISSOURI,64112,Open,Restaurant/Deli 10-20 Employees,Restaurant/Deli,,Operational,"4980 Main St
Kansas City, MISSOURI 64112
(39.036867, -94.587243)"
108067,El Mercado Fresco (deli),El Mercado Fresco (deli),5117  Independence Ave,,Kansas City,MISSOURI,64124,Open,Restaurant/Deli 10-20 Employees,Restaurant/Deli,,Operational,"5117 Independence Ave
Kansas City, MISSOURI 64124
(39.10529, -94.521486)"
108292,Kilo Charlie,Kilo Charlie,106 W 12th St ,,Kansas City ,MISSOURI,64105,Open,Restaurant/Deli 10-20 Employees,Restaurant/Deli,,Operational,"106 W 12th St
Kansas City, MISSOURI 64105
(39.099978, -94.584514)"
108049,Roma Italian Restaurant,Roma Italian Restaurant,211 NW Barry Rd,,Kansas City,MISSOURI,64155,Open,Restaurant/Deli 0-5 Employees,Restaurant/Deli,,Operational,"211 NW Barry Rd
Kansas City, MISSOURI 64155
(39.246321, -94.583105)"
107927,Club 1000 6th Floor,Club 1000 6th Floor,1000 Broadway,,Kansas City,MISSOURI,64105,Open,Bar/Tavern 10-20 Employees,Bar/Tavern,,Operational,"1000 Broadway
Kansas City, MISSOURI 64105
(39.102181, -94.588308)"
541516,Boyer's Artisan Meatballs 541516,Boyer's Artisan Meatballs 541516,5248 Gleason Rd ,,Shawnee ,KANSAS,66226,Open,Mobile Unit/Pushcart,Mobile Unit/Pushcart,,Operational,"5248 Gleason Rd
Shawnee, KANSAS 66226
(39.03311, -94.862257)"
108001,Hayes Hamburger and Chili,Hayes Hamburger and Chili,2502  NE Vivion Road,,Kansas City,MISSOURI,64118,Open,Restaurant/Deli 10-20 Employees,Restaurant/Deli,,Operational,"2502 NE Vivion Road
Kansas City, MISSOURI 64118
(39.185721, -94.549727)"
107808,Night & Day Gourmet a Minsky's & Eggtc. Joynt,Night & Day Gourmet a Minsky's & Eggtc. Joynt,4747  JC Nichols Pkwy,,Kansas City,MISSOURI,64112,Open,Restaurant/Deli 6-9 Employees,Restaurant/Deli,,Operational,"4747 JC Nichols Pkwy
Kansas City, MISSOURI 64112
(39.041219, -94.588065)"
108387,Dairy Queen,Dairy Queen,10350  NE Cookingham,,Kansas City,MISSOURI,64157,Open,Restaurant/Deli 41-60 Employees,Restaurant/Deli,,Operational,"10350 NE Cookingham
Kansas City, MISSOURI 64157
(39.267808, -94.452101)"
108373,J.R.'s Mini Mart,J.R.'s Mini Mart,7344  Troost Ave.,,Kansas City ,MISSOURI,64131,Open,Retail Grocery/Market Under 3000 sq. ft.,Retail Grocery/Market,,Operational,"7344 Troost Ave.
Kansas City, MISSOURI 64131
(38.993641, -94.575552)"
108173,American Food & Vending Srvc of MO @ Frontier Stem High School,American Food & Vending Srvc of MO @ Frontier Stem High School,6455 E Commerce Ave,,Kansas City,MISSOURI,64120,Open,School - Public 0-5 Employees,School - Public; School - Public,,Operational,"6455 E Commerce Ave
Kansas City, MISSOURI 64120
(39.131598, -94.507468)"
108340,Treat America @ Cerner Main Kitchen Connections,Treat America @ Cerner Main Kitchen Connections,8779 Hillcrest,Bld 1024,Kansas City,MISSOURI,64138,Open,Restaurant/Deli 10-20 Employees,Restaurant/Deli,,Operational,"8779 Hillcrest
Kansas City, MISSOURI 64138
(38.966511, -94.514786)"
534616,"Greg-Co BBQ, LLC","Greg-Co BBQ, LLC",916 N. Arapaho Street,,Independence,MISSOURI,64056,Open,Mobile Unit/Pushcart,Mobile Unit/Pushcart,,Operational,"916 N. Arapaho Street
Independence, MISSOURI 64056
(39.12056, -94.360812)"
107975,Big Mart (Deli),Big Mart (Deli),5405 E. Truman Rd. ,,Kansas City ,MISSOURI,64127,Open,Restaurant/Deli 0-5 Employees,Restaurant/Deli,,Operational,"5405 E. Truman Rd.
Kansas City, MISSOURI 64127
(39.094111, -94.519037)"
107292,Ruins Pub,Ruins Pub,1715 Main,,Kansas City ,MISSOURI,64108,Open,Restaurant/Deli 10-20 Employees,Restaurant/Deli,,Operational,"1715 Main
Kansas City, MISSOURI 64108
(39.092869, -94.583532)"
107689,Holiday Inn Kansas City NE I-435,Holiday Inn Kansas City NE I-435,7333 NE Parvin Rd.,,Kansas City,MISSOURI,64117,Open,Restaurant/Deli 10-20 Employees,Restaurant/Deli,,Operational,"7333 NE Parvin Rd.
Kansas City, MISSOURI 64117
(39.168347, -94.495425)"
108245,Rendezvous Lounge,Rendezvous Lounge,11816  Blue Ridge Blvd,,Kansas City,MISSOURI,64134,Open,Bar/Tavern 10-20 Employees,Bar/Tavern,,Operational,"11816 Blue Ridge Blvd
Kansas City, MISSOURI 64134
(38.909584, -94.521816)"
107534,Zedz 4,Zedz 4,4540 N. Brighton,,Kansas City,MISSOURI,64117,Open,Retail Grocery/Market Under 3000 sq. ft.,Retail Grocery/Market,,Operational,"4540 N. Brighton
Kansas City, MISSOURI 64117
(39.177066, -94.521342)"
107433,Mid KC Petroleum 2 (deli),Mid KC Petroleum 2 (deli),2911 Van Brunt Blvd,,Kansas City,MISSOURI,64128,Open,Restaurant/Deli 0-5 Employees,Restaurant/Deli,,Operational,"2911 Van Brunt Blvd
Kansas City, MISSOURI 64128
(39.072075, -94.520474)"
108009,the Batcave,the Batcave,2111 Washington ,,Kansas City,MISSOURI,64108,Open,Bar/Tavern 6-9 Employees,Bar/Tavern,,Operational,"2111 Washington
Kansas City, MISSOURI 64108
(39.086881, -94.590272)"
533716,Edward's Foods 533716,Edward's Foods 533716,624 Kansas Ave,,Kansas City,KANSAS,66105,Open,Mobile Unit/Pushcart,Mobile Unit/Pushcart,,Operational,"624 Kansas Ave
Kansas City, KANSAS 66105
(39.08756, -94.623975)"
108111,Kokothai,Kokothai,1513  Grand Blvd,,Kansas City,MISSOURI,64108,Open,Restaurant/Deli 6-9 Employees,Restaurant/Deli,,Operational,"1513 Grand Blvd
Kansas City, MISSOURI 64108
(39.095364, -94.581139)"
800316,Farm to Table Kitchen - D & R Catering,Farm to Table Kitchen,21 E 3rd St.,,Kansas City,MISSOURI,64106,Open,Catering Permit,Catering Permit,,Operational,"21 E 3rd St.
Kansas City, MISSOURI 64106
(39.1099, -94.583104)"
106984,Yogurtini,Yogurtini,4853 Main St.,,Kansas City,MISSOURI,64112,Open,Restaurant/Deli 6-9 Employees,Restaurant/Deli,,Operational,"4853 Main St.
Kansas City, MISSOURI 64112
(39.038911, -94.587136)"
800160,Hereford House Zona Rosa LLC (Catering),Hereford House Zona Rosa LLC (Catering),8661  N. Stoddard Ave,,Kansas City,MISSOURI,64153,Open,Catering Permit,Catering Permit,,Operational,"8661 N. Stoddard Ave
Kansas City, MISSOURI 64153
(39.250943, -94.664702)"
108103,Starlight Theatre: Main Kitchen,Starlight Theatre: Main Kitchen,4600 Starlight Road,,Kansas City,MISSOURI,64132,Open,Restaurant/Deli 10-20 Employees,Restaurant/Deli,,Operational,"4600 Starlight Road
Kansas City, MISSOURI 64132
(39.009406, -94.532417)"
107421,5401 Convenience,5401 Convenience,5401 Blue Parkway,,Kansas CIty,MISSOURI,64130,Open,Retail Grocery/Market Under 3000 sq. ft.,Retail Grocery/Market,,Operational,"5401 Blue Parkway
Kansas CIty, MISSOURI 64130
(39.034604, -94.521712)"
108330,KC Taco Company,KC Taco Company,520 Walnut,,Kansas City,MISSOURI,64106,Open,Restaurant/Deli 6-9 Employees,Restaurant/Deli,,Operational,"520 Walnut
Kansas City, MISSOURI 64106
(39.107656, -94.581334)"
108013,Intercontinental Kansas City at the Plaza (Banquet Kitchen),Intercontinental Kansas City at the Plaza (Banquet Kitchen),401 Ward Parkway,,Kansas City,MISSOURI,64112,Open,Restaurant/Deli 41-60 Employees,Restaurant/Deli,,Operational,"401 Ward Parkway
Kansas City, MISSOURI 64112
(39.039659, -94.592655)"
108002,Twisted Fresh,Twisted Fresh,6131 NW 63rd Ter,,Kansas City,MISSOURI,64151,Open,Restaurant/Deli 10-20 Employees,Restaurant/Deli,,Operational,"6131 NW 63rd Ter
Kansas City, MISSOURI 64151
(39.209544, -94.65194)"
108140,Hy-Vee Market Grille,Hy-Vee Market Grille,207  NE Englewood Rd,,Kansas City ,MISSOURI,64118,Open,Restaurant/Deli 41-60 Employees,Restaurant/Deli,http://1321Director@hy-vee.com,Operational,"207 NE Englewood Rd
Kansas City, MISSOURI 64118
(39.195994, -94.57985)"
107532,Qdoba Mexican Eats #2892,Qdoba Mexican Eats #2892,9300 NE Barry Rd.,,Kansas City,MISSOURI,64157,Open,Restaurant/Deli 21-40 Employees,Restaurant/Deli,,Operational,"9300 NE Barry Rd.
Kansas City, MISSOURI 64157
(39.244879, -94.463701)"
106982,The Station #2,The Station #2,8050 N. Brighton,,Kansas City,MISSOURI,64119,Open,Retail Grocery/Market 3001-30000 sq. ft.,Retail Grocery/Market,,Operational,"8050 N. Brighton
Kansas City, MISSOURI 64119
(39.239682, -94.520715)"
107419,Carniceria Y Tortilleria San Antonio (Deli),Carniceria Y Tortilleria San Antonio (Deli),2904 Independence Ave.,,Kansas City,MISSOURI,64124,Open,Restaurant/Deli 6-9 Employees,Restaurant/Deli,,Operational,"2904 Independence Ave.
Kansas City, MISSOURI 64124
(39.106149, -94.546539)"
108228,On Broadway,On Broadway,2101  Broadway,,Kansas City,MISSOURI,64108,Open,Restaurant/Deli 0-5 Employees,Restaurant/Deli,,Operational,"2101 Broadway
Kansas City, MISSOURI 64108
(39.087263, -94.589075)"
503816,A Taste of Flav'R,A Taste of Flav'r (550116),4224  SW Flintrock Circle,,Lee's Summit,MISSOURI,64082,Open,Mobile Unit/Pushcart,Mobile Unit/Pushcart,,Operational,"4224 SW Flintrock Circle
Lee's Summit, MISSOURI 64082
(38.844102, -94.40524)"
108045,Northern Lights Pizza,Northern Lights Pizza,7711 NW Prairie View Rd,,Kansas CIty,MISSOURI,64151,Open,Restaurant/Deli 6-9 Employees,Restaurant/Deli,,Operational,"7711 NW Prairie View Rd
Kansas CIty, MISSOURI 64151
(39.234472, -94.658795)"
107840,Lucky Boys,Lucky Boys,1615 Genessee,,Kansas City,MISSOURI,64102,Open,Bar/Tavern 0-5 Employees,Bar/Tavern,,Operational,"1615 Genessee
Kansas City, MISSOURI 64102
(39.094074, -94.604972)"
108159,Baccala,Baccala,4704 Independence Ave ,,Kansas City ,MISSOURI,64124,Open,Bar/Tavern 0-5 Employees,Bar/Tavern,,Operational,"4704 Independence Ave
Kansas City, MISSOURI 64124
(39.105485, -94.527013)"
108289,EZ Convenience Deli,EZ Convenience Deli,3401 E 12th St,,Kansas City,MISSOURI,64127,Open,Restaurant/Deli 0-5 Employees,Restaurant/Deli,,Operational,"3401 E 12th St
Kansas City, MISSOURI 64127
(39.098517, -94.542012)"
108365,Holy Land Halal Market,Holy Land Halal Market,2319 Independence Ave,,Kansas City,MISSOURI,64124,Open,Retail Grocery/Market Under 3000 sq. ft.,Retail Grocery/Market,,Operational,"2319 Independence Ave
Kansas City, MISSOURI 64124
(39.106403, -94.553802)"
107829,Minit Mart (Deli),Minit Mart (Deli),11100 Holmes,,Kansaas City,MISSOURI,64131,Open,Restaurant/Deli 10-20 Employees,Restaurant/Deli,,Operational,"11100 Holmes
Kansaas City, MISSOURI 64131
(38.925519, -94.583389)"
107947,Throwback,Throwback,510 Westport Rd,,Kansas City,MISSOURI,64111,Open,Bar/Tavern 0-5 Employees,Bar/Tavern,,Operational,"510 Westport Rd
Kansas City, MISSOURI 64111
(39.052669, -94.591843)"
108249,Jasmine Mini Mart,Jasmine Mini Mart,406 NW Englewood Rd.,,Kansas City,MISSOURI,64118,Open,Retail Grocery/Market Under 3000 sq. ft.,Retail Grocery/Market,,Operational,"406 NW Englewood Rd.
Kansas City, MISSOURI 64118
(39.195722, -94.587852)"
542116,Applebee's 542116,Applebee's 542116,13201  State Line Rd,,Kansas City,MISSOURI,64145,Open,Mobile Unit/Pushcart,Mobile Unit/Pushcart,,Operational,"13201 State Line Rd
Kansas City, MISSOURI 64145
(38.888177, -94.60798)"
800314,Three Points,Three Points,1511 Baltimore Avenue,,Kansas City,MISSOURI,64108,Open,Catering Permit,Catering Permit,,Operational,"1511 Baltimore Avenue
Kansas City, MISSOURI 64108
(39.095575, -94.584545)"
108052,TNK Children's Foundation,TNK Children's Foundation,900 E. Linwood Blvd.,,Kansas City,MISSOURI,64109,Open,Restaurant/Deli 0-5 Employees,Restaurant/Deli,,Operational,"900 E. Linwood Blvd.
Kansas City, MISSOURI 64109
(39.068745, -94.573708)"
108376,Brick House,Brick House,400 E 31st st,,Kansas City,MISSOURI,64108,Open,Restaurant/Deli 10-20 Employees,Restaurant/Deli,,Operational,"400 E 31st st
Kansas City, MISSOURI 64108
(39.070821, -94.579885)"
108221,Kula Cafe @ Yoga Patch,Kula Cafe @ Yoga Patch,7235 Central,,Kansas City,MISSOURI,64114,Open,Restaurant/Deli 0-5 Employees,Restaurant/Deli,,Operational,"7235 Central
Kansas City, MISSOURI 64114
(38.996462, -94.592803)"
108018,Hamar Weyne Coffee Shop,Hamar Weyne Coffee Shop,2323 Independence Ave,8,Kansas City,MISSOURI,64106,Open,Restaurant/Deli 0-5 Employees,Restaurant/Deli,,Operational,"2323 Independence Ave
Kansas City, MISSOURI 64106
(39.106401, -94.553716)"
108374,Hardees #1506262,Hardees #1506262,5373  E. Bannister Rd,,Kansas City ,MISSOURI,64137,Open,Restaurant/Deli 21-40 Employees,Restaurant/Deli,,Operational,"5373 E. Bannister Rd
Kansas City, MISSOURI 64137
(38.953074, -94.526835)"
108100,Starlight Theatre: Swope Park Sweet Shop,Starlight Theatre: Swope Park Sweet Shop,4600 Starlight Road,,Kansas City,MISSOURI,64132,Open,Restaurant/Deli 0-5 Employees,Restaurant/Deli,,Operational,"4600 Starlight Road
Kansas City, MISSOURI 64132
(39.009406, -94.532417)"
108176,American Food & Vending Srvs of MO @ Crossroads Academy,American Food & Vending Srvs of MO @ Crossroads Academy,1015 Central,,Kansas City,MISSOURI,64105,Open,School - Private 0-5 Employees,School - Private,,Operational,"1015 Central
Kansas City, MISSOURI 64105
(39.101736, -94.586916)"
108295,Cafe Europa Union Hill,Cafe Europa Union Hill,2976  Gillham Road,,Kansas City,MISSOURI,64108,Open,Restaurant/Deli 21-40 Employees,Restaurant/Deli,,Operational,"2976 Gillham Road
Kansas City, MISSOURI 64108
(39.072839, -94.578778)"
108268,Sodexo@State Street-Micro Market,Sodexo@State Street-Micro Market,801 Pennsylvania Ave,,Kansas City ,MISSOURI,64105,Open,Retail Grocery/Market Under 3000 sq. ft.,Retail Grocery/Market,,Operational,"801 Pennsylvania Ave
Kansas City, MISSOURI 64105
(39.104157, -94.590967)"
514516,Dees Nachos,Dees Nachos,7312 Jackson,,Kansas City,MISSOURI,64132,Open,Mobile Unit/Pushcart,Mobile Unit/Pushcart,,Operational,"7312 Jackson
Kansas City, MISSOURI 64132
(38.993128, -94.538445)"
508316,Evan Williams Cart PB417 508316,Evan Williams Cart PB417 508316,1  Royal Way ,,Kansas City ,MISSOURI,64129,Open,Mobile Unit/Pushcart,Mobile Unit/Pushcart,,Operational,"1 Royal Way
Kansas City, MISSOURI 64129
(39.054727, -94.486227)"
108152,Shang Tea Kitchen,Shang Tea Kitchen,2450  Grand Blvd,,Kansas City,MISSOURI,64108,Open,Restaurant/Deli 0-5 Employees,Restaurant/Deli,,Operational,"2450 Grand Blvd
Kansas City, MISSOURI 64108
(39.082903, -94.581877)"
108222,Ca Va Bistro,Ca Va Bistro,4149 Pennsylvania,,Kansas City,MISSOURI,64111,Open,Restaurant/Deli 10-20 Employees,Restaurant/Deli,,Operational,"4149 Pennsylvania
Kansas City, MISSOURI 64111
(39.051329, -94.590246)"
108366,Treat America @ Cerner CK Connections Cafe,Treat America @ Cerner CK Connections Cafe,8779 Hillcrest Rd,1024,Kansas City,MISSOURI,64138,Open,Retail Grocery/Market Under 3000 sq. ft.,Retail Grocery/Market,,Operational,"8779 Hillcrest Rd
Kansas City, MISSOURI 64138
(38.966511, -94.514786)"
107924,Club 1000 1st Floor,Club 1000 1st Floor,1000  Broadway,,Kansas City,MISSOURI,64105,Open,Bar/Tavern 10-20 Employees,Bar/Tavern,,Operational,"1000 Broadway
Kansas City, MISSOURI 64105
(39.102181, -94.588308)"
107913,One Stop Store,One Stop Store,2200  Lexington Ave,,Kansas City,MISSOURI,64124,Open,Retail Grocery/Market Under 3000 sq. ft.,Retail Grocery/Market,,Operational,"2200 Lexington Ave
Kansas City, MISSOURI 64124
(39.111033, -94.555415)"
504116,Q's Carts 504116,Q's Carts,7221  NE 47th ,,Kansas City ,MISSOURI,64117,Open,Mobile Unit/Pushcart,Mobile Unit/Pushcart,,Operational,"7221 NE 47th
Kansas City, MISSOURI 64117
(39.179623, -94.495638)"
800318,Pita For Good Catering 800318,Pita For Good Catering 800318,201 N Forest Ave,130,Independence,MISSOURI,64050,Open,Catering Permit,Catering Permit,,Operational,"201 N Forest Ave
Independence, MISSOURI 64050
(39.093654, -94.436407)"
108020,Big Doggs K.C. Steak-N-Take,Big Doggs K.C. Steak-N-Take,6151 Blue Parkway,,Kansas City,MISSOURI,64129,Open,Restaurant/Deli 0-5 Employees,Restaurant/Deli,,Operational,"6151 Blue Parkway
Kansas City, MISSOURI 64129
(39.032652, -94.513471)"
108246,Eddie V's #8571,Eddie V's #8571,700 W 47th St,,Kansas ,MISSOURI,64112,Open,Restaurant/Deli 71-80 Employees,Restaurant/Deli,,Operational,"700 W 47th St
Kansas, MISSOURI 64112
(39.042437, -94.595019)"
108132,Burritos To Go,Burritos To Go,4803 Independence Ave,,Kansas City,MISSOURI,64124,Open,Restaurant/Deli 0-5 Employees,Restaurant/Deli,,Operational,"4803 Independence Ave
Kansas City, MISSOURI 64124
(39.105426, -94.525437)"
512316,Fungal Fusion 512316,Fungal Fusion 512316,201 N Forest Ave,130,Independence,MISSOURI,65000,Open,Mobile Unit/Pushcart,Mobile Unit/Pushcart,,Operational,"201 N Forest Ave
Independence, MISSOURI 65000
(39.110505, -94.435492)"
107916,Silver Spoon Cafe,Silver Spoon Cafe,120  W 12th St ,,Kansas City,MISSOURI,64105,Open,Restaurant/Deli 0-5 Employees,Restaurant/Deli,,Operational,"120 W 12th St
Kansas City, MISSOURI 64105
(39.100005, -94.585179)"
108156,QuikTrip #234 Deli,QuikTrip #234 Deli,6400 E 87th st ,,Kansas City,MISSOURI,64138,Open,Restaurant/Deli 10-20 Employees,Restaurant/Deli,http://dpopp@quiktrip.com,Operational,"6400 E 87th st
Kansas City, MISSOURI 64138
(38.967222, -94.515168)"
108137,Church's Chicken,Church's Chicken,4601 NE Vivion Rd.,,Kansas City,MISSOURI,64119,Open,Restaurant/Deli 10-20 Employees,Restaurant/Deli,,Operational,"4601 NE Vivion Rd.
Kansas City, MISSOURI 64119
(39.18797, -94.525488)"
107432,Price Chopper #105 (Bakery),Price Chopper #105 (Bakery),5800  Wilson Rd.,,Kansas City,MISSOURI,64123,Open,Retail Bakery Under 3000 sq. ft.,Retail Bakery,,Operational,"5800 Wilson Rd.
Kansas City, MISSOURI 64123
(39.105453, -94.513944)"
108293,Komatsu Ramen,Komatsu Ramen,3951 Broadway,,Kansas City,MISSOURI,64111,Open,Restaurant/Deli 10-20 Employees,Restaurant/Deli,,Operational,"3951 Broadway
Kansas City, MISSOURI 64111
(39.054979, -94.590867)"
108241,Subway #67053,Subway #67053,2401  Gillham Rd.,,Kansas City,MISSOURI,64108,Open,Restaurant/Deli 10-20 Employees,Restaurant/Deli,,Operational,"2401 Gillham Rd.
Kansas City, MISSOURI 64108
(39.08275, -94.578611)"
107537,Super 8,Super 8,4321 N. Corrington Ave.,,Kansas City,MISSOURI,64117,Open,Restaurant/Deli 0-5 Employees,Restaurant/Deli,,Operational,"4321 N. Corrington Ave.
Kansas City, MISSOURI 64117
(39.172755, -94.495106)"
548716,Curbside Rocks Streetfood and Catering #548716,Curbside Rocks Streetfood and Catering #548716,624  Powahtan CT W,,Independence,MISSOURI,64056,Open,Mobile Unit/Pushcart,Mobile Unit/Pushcart,,Operational,"624 Powahtan CT W
Independence, MISSOURI 64056
(39.115011, -94.355453)"
108011,Grilled Cheez @ Signature Flight Support,Grilled Cheez @ Signature Flight Support,10 NW Richards Rd,,Kansas City,MISSOURI,64116,Open,Restaurant/Deli 0-5 Employees,Restaurant/Deli,,Operational,"10 NW Richards Rd
Kansas City, MISSOURI 64116
(39.114943, -94.59099)"
108199,Homeslice Pizza & Pints,Homeslice Pizza & Pints,1501 Grand,,Kansas City,MISSOURI,64108,Open,Restaurant/Deli 21-40 Employees,Restaurant/Deli,,Suspended,"1501 Grand
Kansas City, MISSOURI 64108
(39.095536, -94.58113)"
107772,Minit Mart #753,Minit Mart #753,11100  Holmes,,Kansas City,MISSOURI,64131,Open,Retail Grocery/Market 30001-40000 sq. ft.,Retail Grocery/Market,,Operational,"11100 Holmes
Kansas City, MISSOURI 64131
(38.925519, -94.583389)"
108224,Goat Hill Coffee & Soda,Goat Hill Coffee & Soda,811  W. 17th Street,,Kansas City,MISSOURI,64108,Open,Restaurant/Deli 0-5 Employees,Restaurant/Deli,,Operational,"811 W. 17th Street
Kansas City, MISSOURI 64108
(39.093052, -94.593485)"
518816,Taqueria los Altos de Jalisco 518816,Taqueria los Altos de Jalisco 518816,3719 St. John,,Kansas City,MISSOURI,64123,Open,Mobile Unit/Pushcart,Mobile Unit/Pushcart,,Operational,"3719 St. John
Kansas City, MISSOURI 64123
(39.113049, -94.536268)"
108296,Urban Cafe,Urban Cafe,4101  Troost Ave.,,Kansas City,MISSOURI,64110,Open,Restaurant/Deli 0-5 Employees,Restaurant/Deli,,Operational,"4101 Troost Ave.
Kansas City, MISSOURI 64110
(39.052514, -94.572327)"
108265,Plowboys BBQ,Plowboys BBQ,1111 Main St.,120,Kansas City,MISSOURI,64105,Open,Restaurant/Deli 6-9 Employees,Restaurant/Deli,,Operational,"1111 Main St.
Kansas City, MISSOURI 64105
(39.100732, -94.583122)"
108270,Brioche Pastry Shop,Brioche Pastry Shop,2000  Main,,Kansas City,MISSOURI,64108,Open,Restaurant/Deli 0-5 Employees,Restaurant/Deli,,Operational,"2000 Main
Kansas City, MISSOURI 64108
(39.088753, -94.583732)"
519516,Westport Pizza and Pepsi 519516,Westport Pizza and Pepsi 519516,4021 Pennsylvania ,,Kansas City ,MISSOURI,64111,Open,Mobile Unit/Pushcart,Mobile Unit/Pushcart,,Operational,"4021 Pennsylvania
Kansas City, MISSOURI 64111
(39.054452, -94.592735)"
108356,7-eleven #26369D (deli),7-eleven #26369D (deli),3201 Independence Ave,,Kansas City,MISSOURI,64124,Open,Restaurant/Deli 0-5 Employees,Restaurant/Deli,,Operational,"3201 Independence Ave
Kansas City, MISSOURI 64124
(39.10604, -94.543664)"
108036,Loose Mansion,Loose Mansion,101 E. Armour Blvd. ,,Kansas City,MISSOURI,64111,Open,Restaurant/Deli 10-20 Employees,Restaurant/Deli,,Operational,"101 E. Armour Blvd.
Kansas City, MISSOURI 64111
(39.063728, -94.584178)"
108079,Gyro Grill Cafe,Gyro Grill Cafe,412 NW Englewood Rd,,Kansas City,MISSOURI,64118,Open,Restaurant/Deli 0-5 Employees,Restaurant/Deli,,Operational,"412 NW Englewood Rd
Kansas City, MISSOURI 64118
(39.196089, -94.58634)"
548116,Vee's Barbecue & Casual Catering 548116,Vee's Barbecue & Casual Catering 548116,3530  Park,,Kansas City,MISSOURI,64109,Open,Mobile Unit/Pushcart,Mobile Unit/Pushcart,,Operational,"3530 Park
Kansas City, MISSOURI 64109
(39.061817, -94.556726)"
108227,Small Cakes,Small Cakes,4900  N Oak Trafficway,,Kansas City ,MISSOURI,64118,Open,Restaurant/Deli 0-5 Employees,Restaurant/Deli,http://g.mirkowski@yahoo.com,Operational,"4900 N Oak Trafficway
Kansas City, MISSOURI 64118
(39.182652, -94.576716)"
108135,Crown Point,Crown Point,2631 NE Vivion Rd.,,Kansas City,MISSOURI,64119,Open,Restaurant/Deli 10-20 Employees,Restaurant/Deli,,Operational,"2631 NE Vivion Rd.
Kansas City, MISSOURI 64119
(39.187015, -94.547567)"
800322,McFadden's Sports Saloon (catering),McFadden's Sports Saloon (catering),1330 Grand,,Kansas City,MISSOURI,64106,Open,Catering Permit,Catering Permit,,Operational,"1330 Grand
Kansas City, MISSOURI 64106
(39.097506, -94.581032)"
107199,China Dragon,China Dragon,7809  North Oak Trafficway,,Kansas City ,MISSOURI,64118,Open,Restaurant/Deli 0-5 Employees,Restaurant/Deli,http://Liuyan101019@gmail.com,Operational,"7809 North Oak Trafficway
Kansas City, MISSOURI 64118
(39.236496, -94.576027)"
108090,McDonald's 25248,McDonald's 25248,13301  State Line Rd,,Kansas City,MISSOURI,64145,Open,Restaurant/Deli 41-60 Employees,Restaurant/Deli,,Operational,"13301 State Line Rd
Kansas City, MISSOURI 64145
(38.887412, -94.607975)"
531116,El Indio #1 531116,El Indio #1 531116,6307  Brookside,,Kansas City ,MISSOURI,64113,Open,Mobile Unit/Pushcart,Mobile Unit/Pushcart,,Operational,"6307 Brookside
Kansas City, MISSOURI 64113
(39.013562, -94.590667)"
108385,The Serrated Edge Comedy Workshop,The Serrated Edge Comedy Workshop,512 Southwest Blvd,,Kansas City,MISSOURI,64108,Open,Bar/Tavern 0-5 Employees,Bar/Tavern,http://kyleyarber@yahoo.com,Operational,"512 Southwest Blvd
Kansas City, MISSOURI 64108
(39.086693, -94.590683)"
500516,Blaahzay Cafe 500516,Blaahzay Cafe 500516,517  SW Stacey Dr,,Lee's Summit ,MISSOURI,64082,Open,Mobile Unit/Pushcart,Mobile Unit/Pushcart,,Operational,"517 SW Stacey Dr
Lee's Summit, MISSOURI 64082
(38.84609, -94.388668)"
107838,Interstate Oil,Interstate Oil,4532  Paseo Blvd,,Kansas City ,MISSOURI,64110,Open,Retail Grocery/Market Under 3000 sq. ft.,Retail Grocery/Market,,Operational,"4532 Paseo Blvd
Kansas City, MISSOURI 64110
(39.043977, -94.568262)"
108217,Fam Spot (Deli),Fam Spot (Deli),3445 Woodland ,,Kansas City ,MISSOURI,64109,Open,Restaurant/Deli 0-5 Employees,Restaurant/Deli,,Operational,"3445 Woodland
Kansas City, MISSOURI 64109
(39.062983, -94.56245)"
526815,Up Down Mobile 526815,Up Down Mobile 526815,101 SW Blvd.,,Kansas City,MISSOURI,64108,Open,Mobile Unit/Pushcart,Mobile Unit/Pushcart,,Operational,"101 SW Blvd.
Kansas City, MISSOURI 64108
(39.090133, -94.585306)"
108267,Children's Memorial Lutheran Church,Children's Memorial Lutheran Church,5001  Independence Ave. ,,Kansas City,MISSOURI,64124,Open,Restaurant/Deli 0-5 Employees,Restaurant/Deli,,Operational,"5001 Independence Ave.
Kansas City, MISSOURI 64124
(39.105341, -94.523103)"
108180,Rock Stop #4 (Market),Rock Stop #4 (Market),14306 E US 40 HYWY,,Kansas City,MISSOURI,64136,Open,Retail Grocery/Market 3001-30000 sq. ft.,Retail Grocery/Market,,,"14306 E US 40 HYWY
Kansas City, MISSOURI 64136
(39.035488, -94.41148)"
531316,Chubby's 531316,Chubby's 531316,3756  Broadway,,Kansas City ,MISSOURI,64111,Open,Mobile Unit/Pushcart,Mobile Unit/Pushcart,,Operational,"3756 Broadway
Kansas City, MISSOURI 64111
(39.059013, -94.590632)"
108078,Clayview Country Club,Clayview Country Club,7990 N. Farley,,Kansas City,MISSOURI,64158,Open,Retail Grocery/Market Under 3000 sq. ft.,Retail Grocery/Market,,Operational,"7990 N. Farley
Kansas City, MISSOURI 64158
(39.238071, -94.474988)"
107746,Dollar Tree #6588,Dollar Tree #6588,4501 N Brighton Ave.,,Kansas City,MISSOURI,64117,Open,Retail Grocery/Market 3001-30000 sq. ft.,Retail Grocery/Market,,Operational,"4501 N Brighton Ave.
Kansas City, MISSOURI 64117
(39.175936, -94.521348)"
108355,7-eleven #26369D,7-eleven #26369D,3201 Independence Ave,,Kansas City,MISSOURI,64124,Open,Retail Grocery/Market Under 3000 sq. ft.,Retail Grocery/Market,,Operational,"3201 Independence Ave
Kansas City, MISSOURI 64124
(39.10604, -94.543664)"
108174,American Food & Vending Srvc of MO @ Frontier School of Innovation,American Food & Vending Srvc of MO @ Frontier School of Innovation,6700  Corporate Dr.,,Kansas City,MISSOURI,64120,Open,School - Public 0-5 Employees,School - Public; School - Public,,Operational,"6700 Corporate Dr.
Kansas City, MISSOURI 64120
(39.13555, -94.503139)"
108349,Holiday Inn KCI (Market),Holiday Inn KCI (Market),11728  NW Ambassador Drive,,Kansas City ,MISSOURI,64153,Open,Retail Grocery/Market Under 3000 sq. ft.,Retail Grocery/Market,,Operational,"11728 NW Ambassador Drive
Kansas City, MISSOURI 64153
(39.306954, -94.682127)"
108371,Treat America @ Cerner CK 9th Floor South,Treat America @ Cerner CK 9th Floor South,8779  Hillcrest Rd,Bld 1024,Kansas City,MISSOURI,64138,Open,Retail Grocery/Market Under 3000 sq. ft.,Retail Grocery/Market,,Operational,"8779 Hillcrest Rd
Kansas City, MISSOURI 64138
(38.966511, -94.514786)"
108155,Town News 3,Town News 3,120 w 12th street,110,Kansas City,MISSOURI,64105,Open,Retail Grocery/Market Under 3000 sq. ft.,Retail Grocery/Market,,Operational,"120 w 12th street
Kansas City, MISSOURI 64105
(39.100005, -94.585179)"
108229,Starbucks Coffee Company Store #21366,Starbucks Coffee Company Store #21366,9595  N McGee,,Kansas City ,MISSOURI,64155,Open,Restaurant/Deli 21-40 Employees,Restaurant/Deli,,Operational,"9595 N McGee
Kansas City, MISSOURI 64155
(39.267104, -94.577189)"
534016,Royals Stadium Dippin Dots 534016,Royals Stadium Dippin Dots 534016,1  Royal Way,,Kansas City,MISSOURI,64129,Open,Mobile Unit/Pushcart,Mobile Unit/Pushcart,,Operational,"1 Royal Way
Kansas City, MISSOURI 64129
(39.054727, -94.486227)"
108254,Noodles & Company,Noodles & Company,9140 NE Barry Rd.,,Kansas City,MISSOURI,64157,Open,Restaurant/Deli 21-40 Employees,Restaurant/Deli,,Operational,"9140 NE Barry Rd.
Kansas City, MISSOURI 64157
(39.244929, -94.466044)"
108344,Smaxx Restaurant,Smaxx Restaurant,1827 Vine,B,Kansas City,MISSOURI,64108,Open,Restaurant/Deli 6-9 Employees,Restaurant/Deli,http://diningwiththediva@gmail.com,Operational,"1827 Vine
Kansas City, MISSOURI 64108
(39.089981, -94.56342)"
108070,Get it to Go (deli),Get it to Go (deli),5000 Woodland Ave.,,Kansas City,MISSOURI,64130,Open,Restaurant/Deli 0-5 Employees,Restaurant/Deli,,Operational,"5000 Woodland Ave.
Kansas City, MISSOURI 64130
(39.035753, -94.563962)"
800068,"Hy-Vee, Inc (Catering)","Hy-Vee, Inc (Catering)",8301 N St Clair Ave,,Kansas City,MISSOURI,64151,Open,Catering Permit,Catering Permit,,Operational,"8301 N St Clair Ave
Kansas City, MISSOURI 64151
(39.245209, -94.646774)"
518416,Mai's Noodle Express 518416,Mai's Noodle Express 518416,21 E 3rd St.,,Kansas City,MISSOURI,64106,Open,Mobile Unit/Pushcart,Mobile Unit/Pushcart,,Operational,"21 E 3rd St.
Kansas City, MISSOURI 64106
(39.1099, -94.583104)"
502016,Rollin' Grocer 502016,Rollin' Grocer 502016,19  P St.,,Lake Lotawana,MISSOURI,64086,Open,Mobile Unit/Pushcart,Mobile Unit/Pushcart,,Operational,"19 P St.
Lake Lotawana, MISSOURI 64086
(38.911608, -94.243342)"
107817,Plaza Liquor,Plaza Liquor,4500  Belleview,,Kansas,MISSOURI,64110,Open,Retail Grocery/Market Under 3000 sq. ft.,Retail Grocery/Market,,Operational,"4500 Belleview
Kansas, MISSOURI 64110
(39.045957, -94.598357)"
510716,Fresh 510716,Fresh 510716,1017  N Kansas Ave,,Kansas City ,MISSOURI,64120,Open,Mobile Unit/Pushcart,Mobile Unit/Pushcart,,Operational,"1017 N Kansas Ave
Kansas City, MISSOURI 64120
(39.126573, -94.546454)"
108023,Town News 2,Town News 2,1103 Grand Blvd,,Kansas City,MISSOURI,64106,Open,Retail Grocery/Market Under 3000 sq. ft.,Retail Grocery/Market,,Operational,"1103 Grand Blvd
Kansas City, MISSOURI 64106
(39.100791, -94.580859)"
S0054,Great Gran's Pickle Company,Great Gran's Pickles,6411 Wyandotte St,,Kansas City,MISSOURI,64113,Open,Sampling Permit,Sampling Permit,,Operational,"6411 Wyandotte St
Kansas City, MISSOURI 64113
(39.011467, -94.590805)"
107902,Fav Trip KCMO,Fav Trip KCMO,9500 Blue Ridge Blvd,,Kansas City,MISSOURI,64134,Open,Retail Grocery/Market Under 3000 sq. ft.,Retail Grocery/Market,,Operational,"9500 Blue Ridge Blvd
Kansas City, MISSOURI 64134
(38.952046, -94.507982)"
108166,King's Table Soul Food,King's Table Soul Food,5932 Prospect Ave.,,Kansas City,MISSOURI,64132,Open,Restaurant/Deli 0-5 Employees,Restaurant/Deli,,Operational,"5932 Prospect Ave.
Kansas City, MISSOURI 64132
(39.018068, -94.555884)"
107505,Econolodge KCI,Econolodge KCI,11300 NW Prarie View Rd.,,Kansas City,MISSOURI,64153,Open,Restaurant/Deli 0-5 Employees,Restaurant/Deli,,Operational,"11300 NW Prarie View Rd.
Kansas City, MISSOURI 64153
(39.298416, -94.68655)"
545515,Big D's Eats 545515,Big D's Eats 545515,8005 Paseo,,Kansas City,MISSOURI,64131,Open,Mobile Unit/Pushcart,Mobile Unit/Pushcart,,Operational,"8005 Paseo
Kansas City, MISSOURI 64131
(38.981983, -94.566937)"
108206,Domino's,Domino's,13131 State Line,,Kansas City,MISSOURI,64145,Open,Restaurant/Deli 0-5 Employees,Restaurant/Deli,,Operational,"13131 State Line
Kansas City, MISSOURI 64145
(38.8905, -94.60798)"
108190,American Food and Vending Services of MO at Crossroads Academy Qua,American Food and Vending Services of MO at Crossroads Academy Qua,1018 Washington Street,,Kansas City,MISSOURI,64105,Open,School - Private 0-5 Employees,School - Private,,Operational,"1018 Washington Street
Kansas City, MISSOURI 64105
(39.10176, -94.589967)"
108161,Haha's Hub,Haha's Hub,3834 Main St. ,,Kansas City,MISSOURI,64111,Open,Restaurant/Deli 0-5 Employees,Restaurant/Deli,,Operational,"3834 Main St.
Kansas City, MISSOURI 64111
(39.057013, -94.586079)"
108192,Treat America @ Della Lamb Grades K-1,Treat America @ Della Lamb Grades K-1,500 Woodland Ave,,Kansas City,MISSOURI,64106,Open,School - Public 0-5 Employees,School - Public; School - Public,,Operational,"500 Woodland Ave
Kansas City, MISSOURI 64106
(39.108334, -94.559978)"
108037,The Soccer Lot,The Soccer Lot,2536 W. Pennway,,Kansas City,MISSOURI,64108,Open,Restaurant/Deli 0-5 Employees,Restaurant/Deli,,Operational,"2536 W. Pennway
Kansas City, MISSOURI 64108
(39.081187, -94.591699)"
522916,Estrella Azul 522916,Estrella Azul 522916,6863 W. 91st St.,,Overland Park,KANSAS,66212,Open,Mobile Unit/Pushcart,Mobile Unit/Pushcart,,Operational,"6863 W. 91st St.
Overland Park, KANSAS 66212
(38.96393, -94.665307)"
108146,FujiSan Sushi,FujiSan Sushi,5110  N. Oak Trfy,,Kansas City,MISSOURI,64118,Open,Restaurant/Deli 0-5 Employees,Restaurant/Deli,http://andy.kuo@fujifood.com,Operational,"5110 N. Oak Trfy
Kansas City, MISSOURI 64118
(39.18659, -94.576594)"
108257,Baghdad Bakery,Baghdad Bakery,4107  N Cherry,,Kansas,MISSOURI,64116,Open,Restaurant/Deli 0-5 Employees,Restaurant/Deli,,Operational,"4107 N Cherry
Kansas, MISSOURI 64116
(39.168173, -94.576439)"
108300,Synergy Services-Children's Center,Synergy Services-Children's Center,2501 NE 46th St ,,Kansas City ,MISSOURI,64116,Open,Restaurant/Deli 10-20 Employees,Restaurant/Deli,,Operational,"2501 NE 46th St
Kansas City, MISSOURI 64116
(39.177358, -94.549757)"
107853,Jimmy John's Gourmet Sandwiches,Jimmy John's Gourmet Sandwiches,9558  N. McGee,,Kansas City,MISSOURI,64155,Open,Restaurant/Deli 10-20 Employees,Restaurant/Deli,,Operational,"9558 N. McGee
Kansas City, MISSOURI 64155
(39.265637, -94.576959)"
107780,Bon Appetit Management Company,Bon Appetit Management Company,1000  E 50th St ,,Kansas City ,MISSOURI,64110,Open,Restaurant/Deli 10-20 Employees,Restaurant/Deli,,Operational,"1000 E 50th St
Kansas City, MISSOURI 64110
(39.036251, -94.574385)"
800329,Price Chopper (catering),Price Chopper (catering),9717 N. Ash Ave.,,Kansas City,MISSOURI,64157,Open,Catering Permit,Catering Permit,,Operational,"9717 N. Ash Ave.
Kansas City, MISSOURI 64157
(39.269726, -94.450306)"
107834,Minit Mart (Deli),Minit Mart (Deli),10245  State Line Rd,,Kansas City ,MISSOURI,64114,Open,Restaurant/Deli 10-20 Employees,Restaurant/Deli,,Operational,"10245 State Line Rd
Kansas City, MISSOURI 64114
(38.942936, -94.608074)"
527416,Sprint Center - Bar #3 (205) 527416,Sprint Center - Bar #3 (205) 527416,1407 Grand,,Kansas City,MISSOURI,64106,Open,Mobile Unit/Pushcart,Mobile Unit/Pushcart,,Operational,"1407 Grand
Kansas City, MISSOURI 64106
(39.096868, -94.581061)"
108170,KC Univ of Med and Biosciences - Common Grounds,KC Univ of Med and Biosciences - Common Grounds,1750 Independence Ave,,Kansas City,MISSOURI,64106,Open,Restaurant/Deli 0-5 Employees,Restaurant/Deli,,Operational,"1750 Independence Ave
Kansas City, MISSOURI 64106
(39.106654, -94.560738)"
526715,Paleofit/Chop Chop,Paleofit/Chop Chop,1016  N. Scott,,Belton,MISSOURI,64012,Open,Mobile Unit/Pushcart,Mobile Unit/Pushcart,,Operational,"1016 N. Scott
Belton, MISSOURI 64012
(38.832953, -94.533609)"
515816,Kansas City Water Ice Company 515816,Kansas City Water Ice  Company 515816,8419 N Winter Ave ,,Kansas City ,MISSOURI,64153,Open,Mobile Unit/Pushcart,Mobile Unit/Pushcart,,Operational,"8419 N Winter Ave
Kansas City, MISSOURI 64153
(39.248309, -94.662715)"
107538,Our Family Catering @ Manheim KC,Our Family Catering @ Manheim KC,3901 N. Skiles Ave,,Kansas City,MISSOURI,64161,Open,Restaurant/Deli 0-5 Employees,Restaurant/Deli,,Operational,"3901 N. Skiles Ave
Kansas City, MISSOURI 64161
(39.163064, -94.484196)"
107766,Dempsey's Burger Pub,Dempsey's Burger Pub,4120 Pennsylvania ,,Kansas City ,MISSOURI,64111,Open,Restaurant/Deli 21-40 Employees,Restaurant/Deli,,Operational,"4120 Pennsylvania
Kansas City, MISSOURI 64111
(39.052131, -94.590886)"
107851,Dragonfly Tea Zone,Dragonfly Tea Zone,215 NE Englewood Road,D,Kansas City,MISSOURI,64118,Open,Restaurant/Deli 0-5 Employees,Restaurant/Deli,,Operational,"215 NE Englewood Road
Kansas City, MISSOURI 64118
(39.195681, -94.578442)"
108154,Hereford House Zona Rosa LLC,Hereford House Zona Rosa LLC,8661  N. Stoddard,,Kansas City,MISSOURI,64153,Open,Restaurant/Deli 61-70 Employees,Restaurant/Deli,,Operational,"8661 N. Stoddard
Kansas City, MISSOURI 64153
(39.250943, -94.664702)"
108358,Menards,Menards,8901 N Green Hills Rd,,Kansas City,MISSOURI,64154,Open,Retail Grocery/Market 3001-30000 sq. ft.,Retail Grocery/Market,,Operational,"8901 N Green Hills Rd
Kansas City, MISSOURI 64154
(39.25567, -94.630947)"
108338,TownePlace Suites (Market),TownePlace Suites (Market),11812 NW Plaza Circle,,Kansas City,MISSOURI,64153,Open,Retail Grocery/Market Under 3000 sq. ft.,Retail Grocery/Market,,Operational,"11812 NW Plaza Circle
Kansas City, MISSOURI 64153
(39.307455, -94.684099)"
108015,Intercontinental Kansas City at the Plaza (Oak Room Lounge),Intercontinental Kansas City at the Plaza (Oak Room Lounge),401  Ward Parkway,,Kansas City,MISSOURI,64112,Open,Bar/Tavern 6-9 Employees,Bar/Tavern,,Operational,"401 Ward Parkway
Kansas City, MISSOURI 64112
(39.039659, -94.592655)"
500716,Pastimes Farm 500716,Pastimes Farm 500716,19509 Hwy 65,,"Lincoln,",MISSOURI,65338,Open,Mobile Unit/Pushcart,Mobile Unit/Pushcart,,Operational,"19509 Hwy 65
Lincoln,, MISSOURI 65338
(38.383966, -93.343278)"
513716,Pita for Good (513716),Pita for Good (513716),302 NW Rockhill Circle,,Lee's Summit,MISSOURI,64081,Open,Mobile Unit/Pushcart,Mobile Unit/Pushcart,,Operational,"302 NW Rockhill Circle
Lee's Summit, MISSOURI 64081
(38.920818, -94.424348)"
107830,Minit Mart (Deli),Minit Mart (Deli),7447 State Line Road,,Kansas City,MISSOURI,64114,Open,Restaurant/Deli 6-9 Employees,Restaurant/Deli,,Operational,"7447 State Line Road
Kansas City, MISSOURI 64114
(38.993704, -94.60794)"
108117,Lifted Spirits,Lifted Spirits,1734  Cherry Street,,Kansas City,MISSOURI,64108,Open,Bar/Tavern 10-20 Employees,Bar/Tavern,,Operational,"1734 Cherry Street
Kansas City, MISSOURI 64108
(39.092642, -94.576566)"
108236,Brooklyn Mart Deli,Brooklyn Mart Deli,2200 E Truman Rd,,Kansas City,MISSOURI,64127,Open,Restaurant/Deli 0-5 Employees,Restaurant/Deli,,Operational,"2200 E Truman Rd
Kansas City, MISSOURI 64127
(39.094884, -94.555987)"
108322,Jambo Cafe,Jambo Cafe,9922 Holmes Rd,,Kansas City ,MISSOURI,64131,Open,Restaurant/Deli 0-5 Employees,Restaurant/Deli,,Operational,"9922 Holmes Rd
Kansas City, MISSOURI 64131
(38.947588, -94.582393)"
108187,AMC Theatres Ward Parkway 14 (MacGuffins Bar & Lounge),AMC Theatres Ward Parkway 14 (MacGuffins Bar & Lounge),8600  Ward Parkway,14,Kansas City,MISSOURI,64114,Open,Bar/Tavern 0-5 Employees,Bar/Tavern,,Operational,"8600 Ward Parkway
Kansas City, MISSOURI 64114
(38.971601, -94.60543)"
S0049,Soupe Glacee,Soupe Glacee,201 N. Forest,,Independence,MISSOURI,64050,Open,Sampling Permit,Sampling Permit,,Operational,"201 N. Forest
Independence, MISSOURI 64050
(39.093654, -94.436407)"
S0060,Fair Share Farm,Fair Share Farm,18613  Downing Rd,,Kearney,MISSOURI,64060,Open,Sampling Permit,Sampling Permit,,Operational,"18613 Downing Rd
Kearney, MISSOURI 64060
(39.429654, -94.276253)"
108382,Sharx Fish,Sharx Fish,6841  Longview Rd,,Kansas City,MISSOURI,64134,Open,Restaurant/Deli 0-5 Employees,Restaurant/Deli,,Operational,"6841 Longview Rd
Kansas City, MISSOURI 64134
(38.915325, -94.511315)"
108007,Joe Joes Catering @ Allen Village (South Campus),Joe Joes Catering @ Allen Village (South Campus),4251 Bridger,,Kansas City,MISSOURI,64111,Open,School - Private 0-5 Employees,School - Private,,Operational,"4251 Bridger
Kansas City, MISSOURI 64111
(39.05123, -94.593407)"
108169,KC Univ of Med and Biosciences - Admin,KC Univ of Med and Biosciences - Admin,1750 Independence Ave,,Kansas City,MISSOURI,64106,Open,Restaurant/Deli 0-5 Employees,Restaurant/Deli,,Operational,"1750 Independence Ave
Kansas City, MISSOURI 64106
(39.106654, -94.560738)"
108361,Shining Stars Catering,Shining Stars Catering,918 Baltimore,,Kansas City ,MISSOURI,64105,Open,Restaurant/Deli 10-20 Employees,Restaurant/Deli,,Operational,"918 Baltimore
Kansas City, MISSOURI 64105
(39.102932, -94.584189)"
528016,KC Dogs 528016,KC Dogs 528016,4319  NE 49th Street,,Kansas City ,MISSOURI,64119,Open,Mobile Unit/Pushcart,Mobile Unit/Pushcart,,Operational,"4319 NE 49th Street
Kansas City, MISSOURI 64119
(39.183719, -94.527886)"
S0057,J. Rieger & Co.,J. Rieger & Co.,2700 Guinotte Ave,,Kansas City,MISSOURI,64120,Open,Sampling Permit,Sampling Permit,,Operational,"2700 Guinotte Ave
Kansas City, MISSOURI 64120
(39.119373, -94.548501)"
108175,American Food & Vending Srvc of Mo @ Frontier School of Innovatiio,American Food & Vending Srvc of Mo @ Frontier School of Innovatiio,1575 Universal Dr.,,Kansas City,MISSOURI,64120,Open,School - Public 0-5 Employees,School - Public; School - Public,,Operational,"1575 Universal Dr.
Kansas City, MISSOURI 64120
(39.136712, -94.505222)"
108040,Supreme Bakery & Deli,Supreme Bakery & Deli,3202  East 27th Street,,Kansas City,MISSOURI,64127,Open,Restaurant/Deli 0-5 Employees,Restaurant/Deli,,Operational,"3202 East 27th Street
Kansas City, MISSOURI 64127
(39.076869, -94.545924)"
108141,Woodland Food Mart,Woodland Food Mart,8505  Woodland Ave ,,Kansas City ,MISSOURI,64131,Open,Retail Grocery/Market Under 3000 sq. ft.,Retail Grocery/Market,,Operational,"8505 Woodland Ave
Kansas City, MISSOURI 64131
(38.972884, -94.567377)"
108171,American Food & Vending Services of MO & Pathway Academy,American Food & Vending,2015 East 72nd St. ,,Kansas City,MISSOURI,64132,Open,School - Private 0-5 Employees,School - Private,,Operational,"2015 East 72nd St.
Kansas City, MISSOURI 64132
(38.9965, -94.563656)"
107941,Rookies Sports Lounge and Grille,Rookies Sports Lounge and Grille,927 E 85th St,,Kansas City,MISSOURI,64131,Open,Restaurant/Deli 0-5 Employees,Restaurant/Deli,,Operational,"927 E 85th St
Kansas City, MISSOURI 64131
(38.973809, -94.579405)"
108014,Intercontinental Kansas City at the Plaza (Oak Room),Intercontinental Kansas City at the Plaza (Oak Room),401  Ward Parkway,,Kansas City,MISSOURI,64112,Open,Restaurant/Deli 10-20 Employees,Restaurant/Deli,,Operational,"401 Ward Parkway
Kansas City, MISSOURI 64112
(39.039659, -94.592655)"
108057,El Mercado Fresco,El Mercado Fresco,5117 Independence Ave,,Kansas City,MISSOURI,64124,Open,Retail Grocery/Market 3001-30000 sq. ft.,Retail Grocery/Market,,Operational,"5117 Independence Ave
Kansas City, MISSOURI 64124
(39.10529, -94.521486)"
108151,Martin City Food Mart (deli),Martin City Food Mart (deli),125  West 135th St,,Kansas City ,MISSOURI,64145,Open,Restaurant/Deli 0-5 Employees,Restaurant/Deli,,Operational,"125 West 135th St
Kansas City, MISSOURI 64145
(38.883034, -94.59771)"
108043,Betty Rae's Ice Cream,Betty Rae's Ice Cream,7140 Wornall Road,102,Kansas City,MISSOURI,64114,Open,Restaurant/Deli 6-9 Employees,Restaurant/Deli,,Operational,"7140 Wornall Road
Kansas City, MISSOURI 64114
(38.998859, -94.593879)"
107926,Club 1000 3rd Floor,Club 1000 3rd Floor,1000 Broadway,,Kansas City,MISSOURI,64105,Open,Bar/Tavern 10-20 Employees,Bar/Tavern,,Operational,"1000 Broadway
Kansas City, MISSOURI 64105
(39.102181, -94.588308)"
108081,Alfa Halal,Alfa Halal,1204  Brooklyn,,Kansas City,MISSOURI,64127,Open,Retail Grocery/Market Under 3000 sq. ft.,Retail Grocery/Market,,Operational,"1204 Brooklyn
Kansas City, MISSOURI 64127
(39.098974, -94.556025)"
543516,Chiefs Aramark Bud and Bugers #1 (PG109) 543516,Chiefs Aramark Bud and Bugers #1 (PG109) 543516,1  Red Coat Lane,,Kansas City ,MISSOURI,64129,Open,Mobile Unit/Pushcart,Mobile Unit/Pushcart,,Operational,"1 Red Coat Lane
Kansas City, MISSOURI 64129
(39.046976, -94.484283)"
108286,Dollar General Store #16602,Dollar General Store #16602,8770 Raytown Road,,Kansas City,MISSOURI,64138,Open,Retail Grocery/Market 3001-30000 sq. ft.,Retail Grocery/Market,http://tax-beerandwinelicense@dollarg,Operational,"8770 Raytown Road
Kansas City, MISSOURI 64138
(38.963745, -94.465463)"
108287,Tasty's,Tasty's,9425 Blue Ridge Blvd,,Kansas City,MISSOURI,64138,Open,Restaurant/Deli 0-5 Employees,Restaurant/Deli,http://mabualia61@gmail.com,Operational,"9425 Blue Ridge Blvd
Kansas City, MISSOURI 64138
(38.953657, -94.507882)"
108390,China Express,China Express,200 N.E. Barry Rd.,,Kansas City ,MISSOURI,64155,Open,Restaurant/Deli 0-5 Employees,Restaurant/Deli,,Operational,"200 N.E. Barry Rd.
Kansas City, MISSOURI 64155
(39.246416, -94.577832)"
107501,Golden Corral,Golden Corral,8800 NW Skyview Ave,,Kansas City,MISSOURI,64154,Open,Restaurant/Deli 71-80 Employees,Restaurant/Deli,,Operational,"8800 NW Skyview Ave
Kansas City, MISSOURI 64154
(39.25775, -94.6506)"
800317,Kansas City Community Kitchen - Cornerstones Catering,Kansas City Community Kitchen - Cornerstones Catering,750  Paseo,,Kansas City,MISSOURI,64106,Open,Catering Permit,Catering Permit,,Operational,"750 Paseo
Kansas City, MISSOURI 64106
(39.104558, -94.563762)"
108101,Starlight Theatre: Starlight Cantina,Starlight Theatre: Starlight Cantina,4600 Starlight Road,,Kansas City,MISSOURI,64132,Open,Restaurant/Deli 6-9 Employees,Restaurant/Deli,,Operational,"4600 Starlight Road
Kansas City, MISSOURI 64132
(39.009406, -94.532417)"
536616,Cheesy Street 536616,Cheesy Street 536616,8511  Holmes Rd,192,Kansas City ,MISSOURI,64131,Open,Mobile Unit/Pushcart,Mobile Unit/Pushcart,,Operational,"8511 Holmes Rd
Kansas City, MISSOURI 64131
(38.973559, -94.581165)"
107764,Ashleigh's Bakeshop,Ashleigh's Bakeshop,115  Westport Rd ,,Kansas City ,MISSOURI,64111,Open,Restaurant/Deli 0-5 Employees,Restaurant/Deli,http://Ahsleighnluna@gmail.com,Operational,"115 Westport Rd
Kansas City, MISSOURI 64111
(39.054571, -94.587835)"
107428,Express Stop #1 (Market),Express Stop #1 (Market),5712  Independence Ave.,,Kansas City,MISSOURI,64123,Open,Retail Grocery/Market Under 3000 sq. ft.,Retail Grocery/Market,,Operational,"5712 Independence Ave.
Kansas City, MISSOURI 64123
(39.105062, -94.514886)"
108120,Boulevard Brewing Co. Beer Hall Commissary,Boulevard Brewing Co. Beer Hall Commissary,2450  Summit,,Kansas City,MISSOURI,64108,Open,Restaurant/Deli 0-5 Employees,Restaurant/Deli,,Operational,"2450 Summit
Kansas City, MISSOURI 64108
(39.082907, -94.593913)"
800327,Top Shelf Bartending Service,Top Shelf Bartending Service LLC,3000 Troost Ave,,Kansas City,MISSOURI,64109,Open,Catering Permit,Catering Permit,,Operational,"3000 Troost Ave
Kansas City, MISSOURI 64109
(39.07217, -94.571239)"
108184,The Rockhill Grille,The Rockhill Grille,2000  Grand ,,Kansas City,MISSOURI,64108,Open,Restaurant/Deli 41-60 Employees,Restaurant/Deli,,Operational,"2000 Grand
Kansas City, MISSOURI 64108
(39.088802, -94.581456)"
108319,Hampton Inn (market),Hampton Inn (market),801 Walnut,,Kansas City,MISSOURI,64106,Open,Retail Grocery/Market Under 3000 sq. ft.,Retail Grocery/Market,,Operational,"801 Walnut
Kansas City, MISSOURI 64106
(39.104283, -94.581823)"
108142,Speak,Speak,1000  W. 25th Street,Suite B,Kansas City,MISSOURI,64108,Open,Restaurant/Deli 0-5 Employees,Restaurant/Deli,,Operational,"1000 W. 25th Street
Kansas City, MISSOURI 64108
(39.083551, -94.596457)"
F00090,McDowell Land & Cattle,McDowell Land & Cattle,20 E 5th St,,Kansas City,MISSOURI,64106,Open,Farmers Market Permit,Farmers Market Permit,,Operational,"20 E 5th St
Kansas City, MISSOURI 64106
(39.108645, -94.581167)"
107810,Paseo Xpress Mart,Paseo Xpress Mart,4341 Paseo Blvd,,Kansas City,MISSOURI,64110,Open,Restaurant/Deli 0-5 Employees,Restaurant/Deli,,Operational,"4341 Paseo Blvd
Kansas City, MISSOURI 64110
(39.047226, -94.567983)"
800325,KC Smokehouse Pub Catering,KC Smokehouse Pub Catering,8431 Wornall Road,,Kansas City,MISSOURI,64114,Open,Catering Permit,Catering Permit,,Operational,"8431 Wornall Road
Kansas City, MISSOURI 64114
(38.974789, -94.595068)"
107739,Worlds Liquor 10,Worlds Liquor 10,1901 NE Russell Rd,,Kansas City,MISSOURI,64116,Open,Retail Grocery/Market Under 3000 sq. ft.,Retail Grocery/Market,,Operational,"1901 NE Russell Rd
Kansas City, MISSOURI 64116
(39.16669, -94.556812)"
108163,QuikTrip #168 Retail,QuikTrip #168 Retail,10232  Wornall Road,,Kansas City,MISSOURI,64114,Open,Retail Grocery/Market 3001-30000 sq. ft.,Retail Grocery/Market,,Operational,"10232 Wornall Road
Kansas City, MISSOURI 64114
(38.942832, -94.596571)"
534716,The Kernal Loop Sec. 325 534716,The Kernal Loop Sec. 325 534716,1  Red Coat Lane ,,Kansas City ,MISSOURI,64129,Open,Mobile Unit/Pushcart,Mobile Unit/Pushcart,,Operational,"1 Red Coat Lane
Kansas City, MISSOURI 64129
(39.046976, -94.484283)"
545715,reStart 545715,reStart 545715,918  E 9th,,Kansas City,MISSOURI,64106,Open,Mobile Unit/Pushcart,Mobile Unit/Pushcart,,Operational,"918 E 9th
Kansas City, MISSOURI 64106
(39.103145, -94.571237)"
541816,Hot Diggity Dawgs #541816,Hot Diggity Dawgs #541816,11504  Summit ,,Kansas City ,MISSOURI,64114,Open,Mobile Unit/Pushcart,Mobile Unit/Pushcart,,Operational,"11504 Summit
Kansas City, MISSOURI 64114
(38.918896, -94.602776)"
108357,Boys and Girls Club of Greater Kansas City,Boys and Girls Club of Greater Kansas City,2405  Elmwood,,Kansas City,MISSOURI,64127,Open,Restaurant/Deli 0-5 Employees,Restaurant/Deli,,Operational,"2405 Elmwood
Kansas City, MISSOURI 64127
(39.081606, -94.52966)"
108359,Hotel Phillips Banquets,Hotel Phillips Banquets,106 W 12th St ,,Kansas City ,MISSOURI,64105,Open,Restaurant/Deli 10-20 Employees,Restaurant/Deli,,Operational,"106 W 12th St
Kansas City, MISSOURI 64105
(39.099978, -94.584514)"
108134,Foundation Event Space,Foundation Event Space,1221 Union,,Kansas City,MISSOURI,64101,Open,Bar/Tavern 0-5 Employees,Bar/Tavern,http://chad@rivermarketeventspace.com,Operational,"1221 Union
Kansas City, MISSOURI 64101
(39.102454, -94.598524)"
108262,Dunkin Donuts,Dunkin Donuts,6328 N Chatham Ave,,Kansas City,MISSOURI,64151,Open,Restaurant/Deli 10-20 Employees,Restaurant/Deli,,Operational,"6328 N Chatham Ave
Kansas City, MISSOURI 64151
(39.209702, -94.642982)"
108201,The Salvation Army,The Salvation Army,5306 Oak Trafficway,,Kansas City ,MISSOURI,64118,Open,Restaurant/Deli 6-9 Employees,Restaurant/Deli,,Operational,"5306 Oak Trafficway
Kansas City, MISSOURI 64118
(39.189146, -94.576533)"
107765,El Porton Cafe,El Porton Cafe,240  Linwood ,,Kansas City ,MISSOURI,64111,Open,Restaurant/Deli 0-5 Employees,Restaurant/Deli,http://Josegarcia244@hotmail.com,Operational,"240 Linwood
Kansas City, MISSOURI 64111
(39.068332, -94.581948)"
107823,Minit Mart (deli),Minit Mart (deli),6897 E Front ,,Kansas City ,MISSOURI,64120,Open,Restaurant/Deli 10-20 Employees,Restaurant/Deli,,Operational,"6897 E Front
Kansas City, MISSOURI 64120
(39.130093, -94.501427)"
108136,Windstars #7007,Windstars #7007,7007 Longview Rd ,,Kansas City,MISSOURI,64134,Open,Retail Grocery/Market Under 3000 sq. ft.,Retail Grocery/Market,,Operational,"7007 Longview Rd
Kansas City, MISSOURI 64134
(38.915237, -94.509962)"
